EW0_001_0_0000;1.000000;normal;we
EW0_001_0_0000;1.000000;normal;we
EW0_003_0_0000;1.000000;normal;we
EW0_003_0_0001;1.000000;normal;we
EW0_004_0_0000;1.000000;normal;we
EW0_006_0_0000;1.000000;normal;we
EW0_006_0_0001;1.000000;normal;we
EW0_008_0_0000;1.000000;normal;we
EW0_009_0_0000;1.000000;normal;we
EW0_999_0_0000;1.000000;normal;we
EW0_999_0_0001;1.000000;normal;we
EW0_010_0_0000;1.000000;normal;we
EW0_011_0_0000;1.000000;normal;we
EW0_012_0_0000;1.000000;normal;we
EW0_012_0_0001;1.000000;normal;we
EW0_013_0_0000;1.000000;normal;we
EW0_014_0_0000;1.000000;normal;we
EW0_014_0_0001;1.000000;normal;we
EW0_014_0_0002;1.000000;normal;we
EW0_015_0_0000;1.000000;normal;we
EW0_016_0_0000;1.000000;normal;we
EW0_016_0_0001;1.000000;normal;we
EW0_016_0_0002;1.000000;normal;we
EW0_016_0_0003;1.000000;normal;we
EW0_017_0_0000;1.000000;normal;we
EW0_019_0_0000;1.000000;normal;we
EW0_020_0_0000;1.000000;normal;we
EW0_021_0_0000;1.000000;normal;we
EW0_022_0_0000;1.000000;normal;we
EW0_023_0_0000;1.000000;normal;we
EW0_023_0_0001;1.000000;normal;we
EW0_024_0_0000;1.000000;normal;we
EW0_025_0_0000;1.000000;normal;we
EW0_025_0_0001;1.000000;normal;we
EW0_025_0_0002;1.000000;normal;we
EW0_025_0_0003;1.000000;normal;we
EW0_025_0_0004;1.000000;normal;we
EW0_047_0_0000;1.000000;normal;we
EW0_048_0_0000;1.000000;normal;we
EW0_053_0_0000;1.000000;normal;we
EW0_039_0_0000;1.000000;normal;we
EW0_000_0_1000;1.000000;normal;we
EW1_002_0_0000;1.000000;normal;we
EW1_003_0_0000;1.000000;normal;we
EW1_004_0_0000;1.000000;normal;we
EW1_012_0_0000;1.000000;normal;we
EW1_001_0_0000;1.000000;normal;we
EW1_013_0_0000;1.000000;normal;we
EW2_000_0_0000;1.000000;normal;we
EW2_001_0_0000;1.000000;normal;we
EW2_001_0_0001;1.000000;normal;we
EW2_001_0_0002;1.000000;normal;we
EW2_002_0_0000;1.000000;normal;we
EW2_002_0_0001;1.000000;normal;we
EW2_003_0_0000;1.000000;normal;we
EW2_005_0_0000;1.000000;normal;we
EW2_005_0_0001;1.000000;normal;we
EW2_005_0_0002;1.000000;normal;we
EW2_005_0_0003;1.000000;normal;we
EW2_007_0_0000;1.000000;normal;we
EW2_008_0_0000;1.000000;normal;we
EW2_009_0_0000;1.000000;normal;we
EW2_010_0_0000;1.000000;normal;we
EW2_011_0_0000;1.000000;normal;we
EW2_013_0_0000;1.000000;normal;we
EW2_015_0_0000;1.000000;normal;we
EW2_016_0_0001;1.000000;normal;we
EW2_019_0_0000;1.000000;normal;we
EW2_020_0_0000;1.000000;normal;we
EW2_020_0_0001;1.000000;normal;we
EW2_020_0_0002;1.000000;normal;we
EW2_020_0_0003;1.000000;normal;we
EW2_020_0_0004;1.000000;normal;we
EW2_022_0_0000;1.000000;normal;we
EW2_030_0_0000;1.000000;normal;we
EW2_033_0_0000;1.000000;normal;we
EW2_036_0_0000;1.000000;normal;we
EW2_037_0_0000;1.000000;normal;we
EW2_038_0_0000;1.000000;normal;we
EW2_044_0_0000;1.000000;normal;we
EW2_045_0_0000;1.000000;normal;we
EW2_045_0_0001;1.000000;normal;we
EW2_045_0_0002;1.000000;normal;we
EW2_046_0_0000;1.000000;normal;we
EW2_047_0_0000;1.000000;normal;we
EW2_048_0_0000;1.000000;normal;we
EW2_004_0_0000;1.000000;normal;we
EW2_032_0_0000;1.000000;normal;we
EW3_001_0_0001;1.000000;normal;we
EW3_002_0_0001;1.000000;normal;we
EW3_002_0_0002;1.000000;normal;we
EW3_003_0_0000;1.000000;normal;we
EW3_004_0_0000;1.000000;normal;we
EW3_005_0_0000;1.000000;normal;we
EW3_005_0_0001;1.000000;normal;we
EW3_006_0_0000;1.000000;normal;we
EW3_007_0_0000;1.000000;normal;we
EW3_008_0_0000;1.000000;normal;we
EW3_008_0_0001;1.000000;normal;we
EW3_009_0_0000;1.000000;normal;we
EW3_010_0_0000;1.000000;normal;we
EW3_011_0_0000;1.000000;normal;we
EW3_017_1_0000;1.000000;normal;we
EW3_022_0_0000;1.000000;normal;we
EW3_023_0_0000;1.000000;normal;we
EW4_001_0_1000;1.000000;normal;we
EW4_001_0_2000;1.000000;normal;we
EW4_001_0_3000;1.000000;normal;we
EW4_001_0_4000;1.000000;normal;we
EW4_001_0_0000;1.000000;normal;we
EW4_002_0_0000;1.000000;normal;we
EW4_002_0_0001;1.000000;normal;we
EW4_011_0_9000;1.000000;normal;we
EW4_011_0_9001;1.000000;normal;we
EW4_013_0_9000;1.000000;normal;we
EW4_013_0_9001;1.000000;normal;we
EW4_028_0_0000;1.000000;normal;we
EW4_029_0_0000;1.000000;normal;we
EW4_029_1_0000;1.000000;normal;we
EW4_030_0_0000;1.000000;normal;we
EW4_014_0_0000;1.000000;normal;we
EW4_015_0_0000;1.000000;normal;we
EW4_019_0_0000;1.000000;normal;we
EW4_020_0_0000;1.000000;normal;we
EW4_021_0_0000;1.000000;normal;we
EW4_022_0_0000;1.000000;normal;we
EW4_001_0_0001;1.000000;normal;we
EW5_001_0_0000;1.000000;normal;we
EW5_001_0_0001;1.000000;normal;we
EW5_001_0_0002;1.000000;normal;we
EW5_002_0_0000;1.000000;normal;we
EW5_006_0_0000;1.000000;normal;we
EW5_006_0_0001;1.000000;normal;we
EW5_007_0_0000;1.000000;normal;we
EW5_007_0_0001;1.000000;normal;we
EW5_008_0_0000;1.000000;normal;we
EW5_008_0_0001;1.000000;normal;we
EW5_010_0_0000;1.000000;normal;we
EW5_011_0_0000;1.000000;normal;we
EW5_012_0_0000;1.000000;normal;we
EW5_023_0_0000;1.000000;normal;we
EW5_024_0_0000;1.000000;normal;we
EW5_004_0_0000;1.000000;normal;we
EW5_025_0_0000;1.000000;normal;we
EW5_026_0_0000;1.000000;normal;we
EW5_024_0_0001;1.000000;normal;we
EW6_000_0_0000;1.000000;normal;we
EW6_006_0_0000;1.000000;normal;we
EW6_007_0_0000;1.000000;normal;we
EW6_008_0_0000;1.000000;normal;we
EW6_009_0_0000;1.000000;normal;we
EW6_009_0_0001;1.000000;normal;we
EW6_009_0_0002;1.000000;normal;we
EW6_010_0_0000;1.000000;normal;we
EW6_011_0_0000;1.000000;normal;we
EW6_015_0_0000;1.000000;normal;we
EW6_031_0_0000;1.000000;normal;we
EW6_032_0_0000;1.000000;normal;we
EW6_033_0_0000;1.000000;normal;we
EW7_001_0_0000;1.000000;normal;we
EW7_001_0_0001;1.000000;normal;we
EW7_002_0_0001;1.000000;normal;we
EW7_002_0_0002;1.000000;normal;we
EW7_002_0_0003;1.000000;normal;we
EW7_003_0_0000;1.000000;normal;we
EW7_004_0_0000;1.000000;normal;we
EW7_005_0_0000;1.000000;normal;we
EW7_006_0_0000;1.000000;normal;we
EW7_027_0_0000;1.000000;normal;we
EW7_017_0_0000;1.000000;normal;we
EW7_018_0_0000;1.000000;normal;we
EW7_019_0_0000;1.000000;normal;we
EW7_020_0_0000;1.000000;normal;we
EW7_021_0_0000;1.000000;normal;we
EW7_022_0_0000;1.000000;normal;we
EW7_023_0_0000;1.000000;normal;we
EW7_028_0_0000;1.000000;normal;we
EW0_034_0_ch_0000;1.000000;normal;we
EW2_008_0_ch_0000;1.000000;normal;we
EW3_009_0_ch_0000;1.000000;normal;we
EW3_017_0_ch_0000;1.000000;normal;we
EW0_035_0_0000;1.000000;normal;we
EW2_021_0_0000;1.000000;normal;we
EW4_005_0_0000;1.000000;normal;we
EW0_026_0_0000;1.000000;normal;we
EW0_026_0_0001;1.000000;normal;we
EW3_012_0_0000;1.000000;normal;we
EW3_012_0_0001;1.000000;normal;we
EW3_014_0_0000;1.000000;normal;we
EW5_013_0_0000;1.000000;normal;we
EW5_014_0_0000;1.000000;normal;we
EW7_010_0_0000;1.000000;normal;we
EW7_010_0_0001;1.000000;normal;we
EW7_010_0_0002;1.000000;normal;we
EW0_027_0_0000;1.000000;normal;we
EW0_050_0_0000;1.000000;normal;we
EW0_050_0_0001;1.000000;normal;we
EW0_051_0_0000;1.000000;normal;we
EW0_052_0_0000;1.000000;normal;we
EW4_028_0_0001;1.000000;normal;we
CW0_001_0_0000;1.000000;normal;we
CW0_002_0_0000;1.000000;normal;we
WE0_000_0_9999;1.000000;normal;we
WE0_000_1_9999;1.000000;normal;we
WE0_000_2_9999;1.000000;normal;we
WE0_000_3_9999;1.000000;normal;we
WE0_001_0_9999;1.000000;normal;we
WE0_001_1_9999;1.000000;normal;we
WE0_001_2_9999;1.000000;normal;we
WE0_001_3_9999;1.000000;normal;we
WE0_002_0_9999;1.000000;normal;we
WE0_002_1_9999;1.000000;normal;we
WE0_002_2_9999;1.000000;normal;we
WE0_002_3_9999;1.000000;normal;we
WE0_003_0_9999;1.000000;normal;we
WE0_003_1_9999;1.000000;normal;we
WE0_003_2_9999;1.000000;normal;we
WE0_003_3_9999;1.000000;normal;we
WE0_004_0_9999;1.000000;normal;we
WE0_004_1_9999;1.000000;normal;we
WE0_004_2_9999;1.000000;normal;we
WE0_004_3_9999;1.000000;normal;we
WE0_005_0_9999;1.000000;normal;we
WE0_005_1_9999;1.000000;normal;we
WE0_005_2_9999;1.000000;normal;we
WE0_005_3_9999;1.000000;normal;we
WE0_006_0_9999;1.000000;normal;we
WE0_006_1_9999;1.000000;normal;we
WE0_006_2_9999;1.000000;normal;we
WE0_006_3_9999;1.000000;normal;we
WE0_106_0_9999;1.000000;normal;we
WE0_106_1_9999;1.000000;normal;we
WE0_106_2_9999;1.000000;normal;we
WE0_007_0_9999;1.000000;normal;we
WE0_007_1_9999;1.000000;normal;we
WE0_007_2_9999;1.000000;normal;we
WE0_007_3_9999;1.000000;normal;we
WE0_107_0_9999;1.000000;normal;we
WE0_107_1_9999;1.000000;normal;we
WE0_107_2_9999;1.000000;normal;we
WE0_008_0_9999;1.000000;normal;we
WE0_008_1_9999;1.000000;normal;we
WE0_008_2_9999;1.000000;normal;we
WE0_008_3_9999;1.000000;normal;we
WE0_108_0_9999;1.000000;normal;we
WE0_108_1_9999;1.000000;normal;we
WE0_108_2_9999;1.000000;normal;we
WE0_009_0_9999;1.000000;normal;we
WE0_009_1_9999;1.000000;normal;we
WE0_009_2_9999;1.000000;normal;we
WE0_009_3_9999;1.000000;normal;we
WE0_109_0_9999;1.000000;normal;we
WE0_109_1_9999;1.000000;normal;we
WE0_109_2_9999;1.000000;normal;we
WE0_010_0_9999;1.000000;normal;we
WE0_010_1_9999;1.000000;normal;we
WE0_010_2_9999;1.000000;normal;we
WE0_010_3_9999;1.000000;normal;we
WE0_110_0_9999;1.000000;normal;we
WE0_110_1_9999;1.000000;normal;we
WE0_110_2_9999;1.000000;normal;we
WE0_011_0_9999;1.000000;normal;we
WE0_011_1_9999;1.000000;normal;we
WE0_011_2_9999;1.000000;normal;we
WE0_011_3_9999;1.000000;normal;we
WE0_111_0_9999;1.000000;normal;we
WE0_111_1_9999;1.000000;normal;we
WE0_111_2_9999;1.000000;normal;we
WE0_012_0_9999;1.000000;normal;we
WE0_012_1_9999;1.000000;normal;we
WE0_012_2_9999;1.000000;normal;we
WE0_012_3_9999;1.000000;normal;we
WE0_112_0_9999;1.000000;normal;we
WE0_112_1_9999;1.000000;normal;we
WE0_112_2_9999;1.000000;normal;we
WE1_000_0_9999;1.000000;normal;we
WE1_000_1_9999;1.000000;normal;we
WE1_000_2_9999;1.000000;normal;we
WE1_000_3_9999;1.000000;normal;we
WE1_001_0_9999;1.000000;normal;we
WE1_001_1_9999;1.000000;normal;we
WE1_001_2_9999;1.000000;normal;we
WE1_001_3_9999;1.000000;normal;we
WE1_002_0_9999;1.000000;normal;we
WE1_002_1_9999;1.000000;normal;we
WE1_002_2_9999;1.000000;normal;we
WE1_002_3_9999;1.000000;normal;we
WE1_003_0_9999;1.000000;normal;we
WE1_003_1_9999;1.000000;normal;we
WE1_003_2_9999;1.000000;normal;we
WE1_003_3_9999;1.000000;normal;we
WE1_004_0_9999;1.000000;normal;we
WE1_004_1_9999;1.000000;normal;we
WE1_004_2_9999;1.000000;normal;we
WE1_004_3_9999;1.000000;normal;we
WE1_005_0_9999;1.000000;normal;we
WE1_005_1_9999;1.000000;normal;we
WE1_005_2_9999;1.000000;normal;we
WE1_005_3_9999;1.000000;normal;we
WE1_006_0_9999;1.000000;normal;we
WE1_006_1_9999;1.000000;normal;we
WE1_006_2_9999;1.000000;normal;we
WE1_006_3_9999;1.000000;normal;we
WE1_106_0_9999;1.000000;normal;we
WE1_106_1_9999;1.000000;normal;we
WE1_106_2_9999;1.000000;normal;we
WE1_007_0_9999;1.000000;normal;we
WE1_007_1_9999;1.000000;normal;we
WE1_007_2_9999;1.000000;normal;we
WE1_007_3_9999;1.000000;normal;we
WE1_107_0_9999;1.000000;normal;we
WE1_107_1_9999;1.000000;normal;we
WE1_107_2_9999;1.000000;normal;we
WE1_008_0_9999;1.000000;normal;we
WE1_008_1_9999;1.000000;normal;we
WE1_008_2_9999;1.000000;normal;we
WE1_008_3_9999;1.000000;normal;we
WE1_108_0_9999;1.000000;normal;we
WE1_108_1_9999;1.000000;normal;we
WE1_108_2_9999;1.000000;normal;we
WE1_009_0_9999;1.000000;normal;we
WE1_009_1_9999;1.000000;normal;we
WE1_009_2_9999;1.000000;normal;we
WE1_009_3_9999;1.000000;normal;we
WE1_109_0_9999;1.000000;normal;we
WE1_109_1_9999;1.000000;normal;we
WE1_109_2_9999;1.000000;normal;we
WE1_010_0_9999;1.000000;normal;we
WE1_010_1_9999;1.000000;normal;we
WE1_010_2_9999;1.000000;normal;we
WE1_010_3_9999;1.000000;normal;we
WE1_110_0_9999;1.000000;normal;we
WE1_110_1_9999;1.000000;normal;we
WE1_110_2_9999;1.000000;normal;we
WE1_011_0_9999;1.000000;normal;we
WE1_011_1_9999;1.000000;normal;we
WE1_011_2_9999;1.000000;normal;we
WE1_011_3_9999;1.000000;normal;we
WE1_111_0_9999;1.000000;normal;we
WE1_111_1_9999;1.000000;normal;we
WE1_111_2_9999;1.000000;normal;we
WE1_012_0_9999;1.000000;normal;we
WE1_012_1_9999;1.000000;normal;we
WE1_012_2_9999;1.000000;normal;we
WE1_012_3_9999;1.000000;normal;we
WE1_112_0_9999;1.000000;normal;we
WE1_112_1_9999;1.000000;normal;we
WE1_112_2_9999;1.000000;normal;we
WE5_000_0_9999;1.000000;normal;we
WE5_000_1_9999;1.000000;normal;we
WE5_000_2_9999;1.000000;normal;we
WE5_000_3_9999;1.000000;normal;we
WE5_001_0_9999;1.000000;normal;we
WE5_001_1_9999;1.000000;normal;we
WE5_001_2_9999;1.000000;normal;we
WE5_001_3_9999;1.000000;normal;we
WE5_002_0_9999;1.000000;normal;we
WE5_002_1_9999;1.000000;normal;we
WE5_002_2_9999;1.000000;normal;we
WE5_002_3_9999;1.000000;normal;we
WE5_003_0_9999;1.000000;normal;we
WE5_003_1_9999;1.000000;normal;we
WE5_003_2_9999;1.000000;normal;we
WE5_003_3_9999;1.000000;normal;we
WE5_004_0_9999;1.000000;normal;we
WE5_004_1_9999;1.000000;normal;we
WE5_004_2_9999;1.000000;normal;we
WE5_004_3_9999;1.000000;normal;we
WE5_005_0_9999;1.000000;normal;we
WE5_005_1_9999;1.000000;normal;we
WE5_005_2_9999;1.000000;normal;we
WE5_005_3_9999;1.000000;normal;we
WE5_006_0_9999;1.000000;normal;we
WE5_006_1_9999;1.000000;normal;we
WE5_006_2_9999;1.000000;normal;we
WE5_006_3_9999;1.000000;normal;we
WE5_106_0_9999;1.000000;normal;we
WE5_106_1_9999;1.000000;normal;we
WE5_106_2_9999;1.000000;normal;we
WE5_007_0_9999;1.000000;normal;we
WE5_007_1_9999;1.000000;normal;we
WE5_007_2_9999;1.000000;normal;we
WE5_007_3_9999;1.000000;normal;we
WE5_107_0_9999;1.000000;normal;we
WE5_107_1_9999;1.000000;normal;we
WE5_107_2_9999;1.000000;normal;we
WE5_008_0_9999;1.000000;normal;we
WE5_008_1_9999;1.000000;normal;we
WE5_008_2_9999;1.000000;normal;we
WE5_008_3_9999;1.000000;normal;we
WE5_108_0_9999;1.000000;normal;we
WE5_108_1_9999;1.000000;normal;we
WE5_108_2_9999;1.000000;normal;we
WE5_009_0_9999;1.000000;normal;we
WE5_009_1_9999;1.000000;normal;we
WE5_009_2_9999;1.000000;normal;we
WE5_009_3_9999;1.000000;normal;we
WE5_109_0_9999;1.000000;normal;we
WE5_109_1_9999;1.000000;normal;we
WE5_109_2_9999;1.000000;normal;we
WE5_010_0_9999;1.000000;normal;we
WE5_010_1_9999;1.000000;normal;we
WE5_010_2_9999;1.000000;normal;we
WE5_010_3_9999;1.000000;normal;we
WE5_110_0_9999;1.000000;normal;we
WE5_110_1_9999;1.000000;normal;we
WE5_110_2_9999;1.000000;normal;we
WE5_011_0_9999;1.000000;normal;we
WE5_011_1_9999;1.000000;normal;we
WE5_011_2_9999;1.000000;normal;we
WE5_011_3_9999;1.000000;normal;we
WE5_111_0_9999;1.000000;normal;we
WE5_111_1_9999;1.000000;normal;we
WE5_111_2_9999;1.000000;normal;we
WE5_012_0_9999;1.000000;normal;we
WE5_012_1_9999;1.000000;normal;we
WE5_012_2_9999;1.000000;normal;we
WE5_012_3_9999;1.000000;normal;we
WE5_112_0_9999;1.000000;normal;we
WE5_112_1_9999;1.000000;normal;we
WE5_112_2_9999;1.000000;normal;we
WE6_000_0_9999;1.000000;normal;we
WE6_000_1_9999;1.000000;normal;we
WE6_000_2_9999;1.000000;normal;we
WE6_000_3_9999;1.000000;normal;we
WE6_001_0_9999;1.000000;normal;we
WE6_001_1_9999;1.000000;normal;we
WE6_001_2_9999;1.000000;normal;we
WE6_001_3_9999;1.000000;normal;we
WE6_002_0_9999;1.000000;normal;we
WE6_002_1_9999;1.000000;normal;we
WE6_002_2_9999;1.000000;normal;we
WE6_002_3_9999;1.000000;normal;we
WE6_003_0_9999;1.000000;normal;we
WE6_003_1_9999;1.000000;normal;we
WE6_003_2_9999;1.000000;normal;we
WE6_003_3_9999;1.000000;normal;we
WE6_004_0_9999;1.000000;normal;we
WE6_004_1_9999;1.000000;normal;we
WE6_004_2_9999;1.000000;normal;we
WE6_004_3_9999;1.000000;normal;we
WE6_005_0_9999;1.000000;normal;we
WE6_005_1_9999;1.000000;normal;we
WE6_005_2_9999;1.000000;normal;we
WE6_005_3_9999;1.000000;normal;we
WE6_006_0_9999;1.000000;normal;we
WE6_006_1_9999;1.000000;normal;we
WE6_006_2_9999;1.000000;normal;we
WE6_006_3_9999;1.000000;normal;we
WE6_106_0_9999;1.000000;normal;we
WE6_106_1_9999;1.000000;normal;we
WE6_106_2_9999;1.000000;normal;we
WE6_007_0_9999;1.000000;normal;we
WE6_007_1_9999;1.000000;normal;we
WE6_007_2_9999;1.000000;normal;we
WE6_007_3_9999;1.000000;normal;we
WE6_107_0_9999;1.000000;normal;we
WE6_107_1_9999;1.000000;normal;we
WE6_107_2_9999;1.000000;normal;we
WE6_008_0_9999;1.000000;normal;we
WE6_008_1_9999;1.000000;normal;we
WE6_008_2_9999;1.000000;normal;we
WE6_008_3_9999;1.000000;normal;we
WE6_108_0_9999;1.000000;normal;we
WE6_108_1_9999;1.000000;normal;we
WE6_108_2_9999;1.000000;normal;we
WE6_009_0_9999;1.000000;normal;we
WE6_009_1_9999;1.000000;normal;we
WE6_009_2_9999;1.000000;normal;we
WE6_009_3_9999;1.000000;normal;we
WE6_109_0_9999;1.000000;normal;we
WE6_109_1_9999;1.000000;normal;we
WE6_109_2_9999;1.000000;normal;we
WE6_010_0_9999;1.000000;normal;we
WE6_010_1_9999;1.000000;normal;we
WE6_010_2_9999;1.000000;normal;we
WE6_010_3_9999;1.000000;normal;we
WE6_110_0_9999;1.000000;normal;we
WE6_110_1_9999;1.000000;normal;we
WE6_110_2_9999;1.000000;normal;we
WE6_011_0_9999;1.000000;normal;we
WE6_011_1_9999;1.000000;normal;we
WE6_011_2_9999;1.000000;normal;we
WE6_011_3_9999;1.000000;normal;we
WE6_111_0_9999;1.000000;normal;we
WE6_111_1_9999;1.000000;normal;we
WE6_111_2_9999;1.000000;normal;we
WE6_012_0_9999;1.000000;normal;we
WE6_012_1_9999;1.000000;normal;we
WE6_012_2_9999;1.000000;normal;we
WE6_012_3_9999;1.000000;normal;we
WE6_112_0_9999;1.000000;normal;we
WE6_112_1_9999;1.000000;normal;we
WE6_112_2_9999;1.000000;normal;we
WE4_000_0_9999;1.000000;normal;we
WE4_000_1_9999;1.000000;normal;we
WE4_000_2_9999;1.000000;normal;we
WE4_000_3_9999;1.000000;normal;we
WE4_001_0_9999;1.000000;normal;we
WE4_001_1_9999;1.000000;normal;we
WE4_001_2_9999;1.000000;normal;we
WE4_001_3_9999;1.000000;normal;we
WE4_002_0_9999;1.000000;normal;we
WE4_002_1_9999;1.000000;normal;we
WE4_002_2_9999;1.000000;normal;we
WE4_002_3_9999;1.000000;normal;we
WE4_003_0_9999;1.000000;normal;we
WE4_003_1_9999;1.000000;normal;we
WE4_003_2_9999;1.000000;normal;we
WE4_003_3_9999;1.000000;normal;we
WE4_004_0_9999;1.000000;normal;we
WE4_004_1_9999;1.000000;normal;we
WE4_004_2_9999;1.000000;normal;we
WE4_004_3_9999;1.000000;normal;we
WE4_005_0_9999;1.000000;normal;we
WE4_005_1_9999;1.000000;normal;we
WE4_005_2_9999;1.000000;normal;we
WE4_005_3_9999;1.000000;normal;we
WE4_006_0_9999;1.000000;normal;we
WE4_006_1_9999;1.000000;normal;we
WE4_006_2_9999;1.000000;normal;we
WE4_006_3_9999;1.000000;normal;we
WE4_106_0_9999;1.000000;normal;we
WE4_106_1_9999;1.000000;normal;we
WE4_106_2_9999;1.000000;normal;we
WE4_007_0_9999;1.000000;normal;we
WE4_007_1_9999;1.000000;normal;we
WE4_007_2_9999;1.000000;normal;we
WE4_007_3_9999;1.000000;normal;we
WE4_107_0_9999;1.000000;normal;we
WE4_107_1_9999;1.000000;normal;we
WE4_107_2_9999;1.000000;normal;we
WE4_008_0_9999;1.000000;normal;we
WE4_008_1_9999;1.000000;normal;we
WE4_008_2_9999;1.000000;normal;we
WE4_008_3_9999;1.000000;normal;we
WE4_108_0_9999;1.000000;normal;we
WE4_108_1_9999;1.000000;normal;we
WE4_108_2_9999;1.000000;normal;we
WE4_009_0_9999;1.000000;normal;we
WE4_009_1_9999;1.000000;normal;we
WE4_009_2_9999;1.000000;normal;we
WE4_009_3_9999;1.000000;normal;we
WE4_109_0_9999;1.000000;normal;we
WE4_109_1_9999;1.000000;normal;we
WE4_109_2_9999;1.000000;normal;we
WE4_010_0_9999;1.000000;normal;we
WE4_010_1_9999;1.000000;normal;we
WE4_010_2_9999;1.000000;normal;we
WE4_010_3_9999;1.000000;normal;we
WE4_110_0_9999;1.000000;normal;we
WE4_110_1_9999;1.000000;normal;we
WE4_110_2_9999;1.000000;normal;we
WE4_011_0_9999;1.000000;normal;we
WE4_011_1_9999;1.000000;normal;we
WE4_011_2_9999;1.000000;normal;we
WE4_011_3_9999;1.000000;normal;we
WE4_111_0_9999;1.000000;normal;we
WE4_111_1_9999;1.000000;normal;we
WE4_111_2_9999;1.000000;normal;we
WE4_012_0_9999;1.000000;normal;we
WE4_012_1_9999;1.000000;normal;we
WE4_012_2_9999;1.000000;normal;we
WE4_012_3_9999;1.000000;normal;we
WE4_112_0_9999;1.000000;normal;we
WE4_112_1_9999;1.000000;normal;we
WE4_112_2_9999;1.000000;normal;we
WE8_000_0_9999;1.000000;normal;bwe
WE8_000_1_9999;1.000000;normal;bwe
WE8_000_2_9999;1.000000;normal;bwe
WE8_000_3_9999;1.000000;normal;bwe
WE8_001_0_9999;1.000000;normal;bwe
WE8_001_1_9999;1.000000;normal;bwe
WE8_001_2_9999;1.000000;normal;bwe
WE8_001_3_9999;1.000000;normal;bwe
WE8_002_0_9999;1.000000;normal;bwe
WE8_002_1_9999;1.000000;normal;bwe
WE8_002_2_9999;1.000000;normal;bwe
WE8_002_3_9999;1.000000;normal;bwe
WE8_003_0_9999;1.000000;normal;bwe
WE8_003_1_9999;1.000000;normal;bwe
WE8_003_2_9999;1.000000;normal;bwe
WE8_003_3_9999;1.000000;normal;bwe
WE8_004_0_9999;1.000000;normal;bwe
WE8_004_1_9999;1.000000;normal;bwe
WE8_004_2_9999;1.000000;normal;bwe
WE8_004_3_9999;1.000000;normal;bwe
WE8_005_0_9999;1.000000;normal;bwe
WE8_005_1_9999;1.000000;normal;bwe
WE8_005_2_9999;1.000000;normal;bwe
WE8_005_3_9999;1.000000;normal;bwe
WE8_006_0_9999;1.000000;normal;bwe
WE8_006_1_9999;1.000000;normal;bwe
WE8_006_2_9999;1.000000;normal;bwe
WE8_006_3_9999;1.000000;normal;bwe
WE8_106_0_9999;1.000000;normal;bwe
WE8_106_1_9999;1.000000;normal;bwe
WE8_106_2_9999;1.000000;normal;bwe
WE8_007_0_9999;1.000000;normal;bwe
WE8_007_1_9999;1.000000;normal;bwe
WE8_007_2_9999;1.000000;normal;bwe
WE8_007_3_9999;1.000000;normal;bwe
WE8_107_0_9999;1.000000;normal;bwe
WE8_107_1_9999;1.000000;normal;bwe
WE8_107_2_9999;1.000000;normal;bwe
WE8_008_0_9999;1.000000;normal;bwe
WE8_008_1_9999;1.000000;normal;bwe
WE8_008_2_9999;1.000000;normal;bwe
WE8_008_3_9999;1.000000;normal;bwe
WE8_108_0_9999;1.000000;normal;bwe
WE8_108_1_9999;1.000000;normal;bwe
WE8_108_2_9999;1.000000;normal;bwe
WE8_009_0_9999;1.000000;normal;bwe
WE8_009_1_9999;1.000000;normal;bwe
WE8_009_2_9999;1.000000;normal;bwe
WE8_009_3_9999;1.000000;normal;bwe
WE8_109_0_9999;1.000000;normal;bwe
WE8_109_1_9999;1.000000;normal;bwe
WE8_109_2_9999;1.000000;normal;bwe
WE8_010_0_9999;1.000000;normal;bwe
WE8_010_1_9999;1.000000;normal;bwe
WE8_010_2_9999;1.000000;normal;bwe
WE8_010_3_9999;1.000000;normal;bwe
WE8_110_0_9999;1.000000;normal;bwe
WE8_110_1_9999;1.000000;normal;bwe
WE8_110_2_9999;1.000000;normal;bwe
WE8_011_0_9999;1.000000;normal;bwe
WE8_011_1_9999;1.000000;normal;bwe
WE8_011_2_9999;1.000000;normal;bwe
WE8_011_3_9999;1.000000;normal;bwe
WE8_111_0_9999;1.000000;normal;bwe
WE8_111_1_9999;1.000000;normal;bwe
WE8_111_2_9999;1.000000;normal;bwe
WE8_012_0_9999;1.000000;normal;bwe
WE8_012_1_9999;1.000000;normal;bwe
WE8_012_2_9999;1.000000;normal;bwe
WE8_012_3_9999;1.000000;normal;bwe
WE8_112_0_9999;1.000000;normal;bwe
WE8_112_1_9999;1.000000;normal;bwe
WE8_112_2_9999;1.000000;normal;bwe
WE9_000_0_9999;1.000000;normal;bwe
WE9_000_1_9999;1.000000;normal;bwe
WE9_000_2_9999;1.000000;normal;bwe
WE9_000_3_9999;1.000000;normal;bwe
WE9_001_0_9999;1.000000;normal;bwe
WE9_001_1_9999;1.000000;normal;bwe
WE9_001_2_9999;1.000000;normal;bwe
WE9_001_3_9999;1.000000;normal;bwe
WE9_002_0_9999;1.000000;normal;bwe
WE9_002_1_9999;1.000000;normal;bwe
WE9_002_2_9999;1.000000;normal;bwe
WE9_002_3_9999;1.000000;normal;bwe
WE9_003_0_9999;1.000000;normal;bwe
WE9_003_1_9999;1.000000;normal;bwe
WE9_003_2_9999;1.000000;normal;bwe
WE9_003_3_9999;1.000000;normal;bwe
WE9_004_0_9999;1.000000;normal;bwe
WE9_004_1_9999;1.000000;normal;bwe
WE9_004_2_9999;1.000000;normal;bwe
WE9_004_3_9999;1.000000;normal;bwe
WE9_005_0_9999;1.000000;normal;bwe
WE9_005_1_9999;1.000000;normal;bwe
WE9_005_2_9999;1.000000;normal;bwe
WE9_005_3_9999;1.000000;normal;bwe
WE9_006_0_9999;1.000000;normal;bwe
WE9_006_1_9999;1.000000;normal;bwe
WE9_006_2_9999;1.000000;normal;bwe
WE9_006_3_9999;1.000000;normal;bwe
WE9_106_0_9999;1.000000;normal;bwe
WE9_106_1_9999;1.000000;normal;bwe
WE9_106_2_9999;1.000000;normal;bwe
WE9_007_0_9999;1.000000;normal;bwe
WE9_007_1_9999;1.000000;normal;bwe
WE9_007_2_9999;1.000000;normal;bwe
WE9_007_3_9999;1.000000;normal;bwe
WE9_107_0_9999;1.000000;normal;bwe
WE9_107_1_9999;1.000000;normal;bwe
WE9_107_2_9999;1.000000;normal;bwe
WE9_008_0_9999;1.000000;normal;bwe
WE9_008_1_9999;1.000000;normal;bwe
WE9_008_2_9999;1.000000;normal;bwe
WE9_008_3_9999;1.000000;normal;bwe
WE9_108_0_9999;1.000000;normal;bwe
WE9_108_1_9999;1.000000;normal;bwe
WE9_108_2_9999;1.000000;normal;bwe
WE9_009_0_9999;1.000000;normal;bwe
WE9_009_1_9999;1.000000;normal;bwe
WE9_009_2_9999;1.000000;normal;bwe
WE9_009_3_9999;1.000000;normal;bwe
WE9_109_0_9999;1.000000;normal;bwe
WE9_109_1_9999;1.000000;normal;bwe
WE9_109_2_9999;1.000000;normal;bwe
WE9_010_0_9999;1.000000;normal;bwe
WE9_010_1_9999;1.000000;normal;bwe
WE9_010_2_9999;1.000000;normal;bwe
WE9_010_3_9999;1.000000;normal;bwe
WE9_110_0_9999;1.000000;normal;bwe
WE9_110_1_9999;1.000000;normal;bwe
WE9_110_2_9999;1.000000;normal;bwe
WE9_011_0_9999;1.000000;normal;bwe
WE9_011_1_9999;1.000000;normal;bwe
WE9_011_2_9999;1.000000;normal;bwe
WE9_011_3_9999;1.000000;normal;bwe
WE9_111_0_9999;1.000000;normal;bwe
WE9_111_1_9999;1.000000;normal;bwe
WE9_111_2_9999;1.000000;normal;bwe
WE9_012_0_9999;1.000000;normal;bwe
WE9_012_1_9999;1.000000;normal;bwe
WE9_012_2_9999;1.000000;normal;bwe
WE9_012_3_9999;1.000000;normal;bwe
WE9_112_0_9999;1.000000;normal;bwe
WE9_112_1_9999;1.000000;normal;bwe
WE9_112_2_9999;1.000000;normal;bwe
WE0_014_0_0000;5.000000;normal;we
WE6_001_0_0000;5.000000;normal;we
WE4_017_0_0000;5.000000;normal;we
WE5_001_0_0001;5.000000;normal;we
WE1_001_0_0000;5.000000;normal;we
WE7_001_0_0000;5.000000;normal;we
WE0_039_0_0000;1.000000;normal;we
WE1_013_0_0000;1.000000;normal;we
WE4_014_0_0000;1.000000;normal;we
WE4_015_0_0000;1.000000;normal;we
WE5_025_0_0000;1.000000;normal;we
WE5_026_0_0000;1.000000;normal;we
WE6_032_0_0000;1.000000;normal;we
WE6_033_0_0000;1.000000;normal;we
WE7_020_0_0000;1.000000;normal;we
WE7_021_0_0000;1.000000;normal;we
WE0_014_0_1051;5.000000;normal;we
WE1_001_0_1051;5.000000;normal;we
WE4_017_0_1051;5.000000;normal;we
WE2_017_0_1051;5.000000;normal;we
WE6_001_0_1051;5.000000;normal;we
WE7_001_0_1051;5.000000;normal;we
WE5_001_0_1051;5.000000;normal;we
WE0_002_0_2051;11.000000;elite;we
WE1_002_0_2051;11.000000;elite;we
WE4_003_0_2051;11.000000;elite;we
WE2_027_0_2051;11.000000;elite;we
WE6_002_0_2051;11.000000;elite;we
WE7_004_0_2051;11.000000;elite;we
WE5_002_0_2051;11.000000;elite;we
WE0_021_0_2101;13.000000;elite;we
WE4_001_0_2101;13.000000;elite;we
WE6_003_0_2101;13.000000;elite;we
WE7_010_0_2101;13.000000;elite;we
WE1_003_0_2101;13.000000;elite;we
WE3_010_0_2101;13.000000;elite;we
WE5_003_0_2101;13.000000;elite;we
WE2_005_0_2101;13.000000;elite;we
WE0_021_0_1101;10.000000;normal;we
WE4_001_0_1101;10.000000;normal;we
WE6_003_0_1101;10.000000;normal;we
WE7_010_0_1101;10.000000;normal;we
WE1_003_0_1101;10.000000;normal;we
WE3_010_0_1101;10.000000;normal;we
WE5_003_0_1101;10.000000;normal;we
WE2_005_0_1101;10.000000;normal;we
WE0_015_0_2102;12.000000;elite;we
WE4_002_0_2102;12.000000;elite;we
WE6_011_0_2102;12.000000;elite;we
WE7_003_0_2102;12.000000;elite;we
WE1_004_0_2102;12.000000;elite;we
WE3_020_0_2102;12.000000;elite;we
WE5_004_0_2102;12.000000;elite;we
WE2_006_0_2102;12.000000;elite;we
WE0_015_0_1151;15.000000;normal;we
WE4_002_0_1151;15.000000;normal;we
WE6_011_0_1151;15.000000;normal;we
WE7_003_0_1151;15.000000;normal;we
WE1_004_0_1151;15.000000;normal;we
WE3_020_0_1151;15.000000;normal;we
WE5_004_0_1151;15.000000;normal;we
WE2_006_0_1151;15.000000;normal;we
WE0_004_0_2141;30.000000;heroic;we
WE4_005_0_2141;30.000000;heroic;we
WE6_005_0_2141;30.000000;heroic;we
WE7_027_0_2141;30.000000;heroic;we
WE1_008_0_2141;30.000000;heroic;we
WE3_019_0_2141;30.000000;heroic;we
WE5_007_0_2141;30.000000;heroic;we
WE2_027_0_2141;30.000000;heroic;we
WE0_007_0_2151;17.000000;elite;we
WE4_015_0_2151;17.000000;elite;we
WE6_000_0_2151;17.000000;elite;we
WE7_011_0_2151;17.000000;elite;we
WE1_005_0_2151;17.000000;elite;we
WE3_005_0_2151;17.000000;elite;we
WE5_005_0_2151;17.000000;elite;we
WE2_007_0_2151;17.000000;elite;we
WE0_007_0_2171;16.000000;elite;we
WE4_015_0_2171;16.000000;elite;we
WE6_000_0_2171;16.000000;elite;we
WE7_011_0_2171;16.000000;elite;we
WE1_005_0_2171;16.000000;elite;we
WE3_005_0_2171;16.000000;elite;we
WE5_005_0_2171;16.000000;elite;we
WE2_007_0_2171;16.000000;elite;we
WE0_007_0_1201;20.000000;normal;we
WE4_015_0_1201;20.000000;normal;we
WE6_000_0_1201;20.000000;normal;we
WE7_011_0_1201;20.000000;normal;we
WE1_005_0_1201;20.000000;normal;we
WE3_005_0_1201;20.000000;normal;we
WE5_005_0_1201;20.000000;normal;we
WE2_007_0_1201;20.000000;normal;we
WE0_029_0_2201;24.000000;elite;we
WE4_004_0_2201;24.000000;elite;we
WE6_004_0_2201;24.000000;elite;we
WE7_002_0_2201;24.000000;elite;we
WE1_006_0_2201;24.000000;elite;we
WE3_006_0_2201;24.000000;elite;we
WE5_006_0_2201;24.000000;elite;we
WE2_013_0_2201;24.000000;elite;we
WE0_029_0_2202;25.000000;elite;we
WE4_004_0_2202;25.000000;elite;we
WE6_004_0_2202;25.000000;elite;we
WE7_002_0_2202;25.000000;elite;we
WE1_006_0_2202;25.000000;elite;we
WE3_006_0_2202;25.000000;elite;we
WE5_006_0_2202;25.000000;elite;we
WE2_013_0_2202;25.000000;elite;we
WE0_034_0_2222;34.000000;heroic;we
WE4_026_0_2222;34.000000;heroic;we
WE6_026_0_2222;34.000000;heroic;we
WE7_012_0_2222;34.000000;heroic;we
WE1_027_0_2222;34.000000;heroic;we
WE3_031_0_2222;34.000000;heroic;we
WE5_027_0_2222;34.000000;heroic;we
WE2_019_0_2222;34.000000;heroic;we
WE0_029_0_1251;25.000000;normal;we
WE4_004_0_1251;25.000000;normal;we
WE6_004_0_1251;25.000000;normal;we
WE7_002_0_1251;25.000000;normal;we
WE1_006_0_1251;25.000000;normal;we
WE3_006_0_1251;25.000000;normal;we
WE5_006_0_1251;25.000000;normal;we
WE6_026_0_1251;25.000000;normal;we
WE0_003_0_2241;29.000000;elite;we
WE4_016_0_2241;29.000000;elite;we
WE6_015_0_2241;29.000000;elite;we
WE7_013_0_2241;29.000000;elite;we
WE1_007_0_2241;29.000000;elite;we
WE3_031_0_2241;29.000000;elite;we
WE5_008_0_2241;29.000000;elite;we
WE2_010_0_2241;29.000000;elite;we
WE0_012_0_2251;29.000000;elite;we
WE4_016_0_2251;29.000000;elite;we
WE6_015_0_2251;29.000000;elite;we
WE7_013_0_2251;29.000000;elite;we
WE1_007_0_2251;29.000000;elite;we
WE3_008_0_2251;29.000000;elite;we
WE5_008_0_2251;29.000000;elite;we
WE2_017_0_2251;29.000000;elite;we
WE0_015_0_1141;31.000000;elite;we
WE4_002_0_1141;31.000000;elite;we
WE6_011_0_1141;31.000000;elite;we
WE7_003_0_1141;31.000000;elite;we
WE1_004_0_1141;31.000000;elite;we
WE3_020_0_1141;31.000000;elite;we
WE5_004_0_1141;31.000000;elite;we
WE2_006_0_1141;31.000000;elite;we
WE0_006_0_3281;39.000000;heroic;we
WE4_018_0_3281;39.000000;heroic;we
WE6_013_0_3281;39.000000;heroic;we
WE7_006_0_3281;39.000000;heroic;we
WE1_009_0_3281;39.000000;heroic;we
WE3_017_0_3281;39.000000;heroic;we
WE5_009_0_3281;39.000000;heroic;we
WE2_012_0_3281;39.000000;heroic;we
WE0_012_0_2252;33.000000;elite;we
WE4_016_0_2252;33.000000;elite;we
WE6_015_0_2252;33.000000;elite;we
WE7_013_0_2252;33.000000;elite;we
WE1_007_0_2252;33.000000;elite;we
WE3_008_0_2252;33.000000;elite;we
WE5_008_0_2252;33.000000;elite;we
WE2_017_0_2252;33.000000;elite;we
WE0_006_0_3283;39.000000;heroic;we
WE4_018_0_3283;39.000000;heroic;we
WE6_013_0_3283;39.000000;heroic;we
WE7_006_0_3283;39.000000;heroic;we
WE1_009_0_3283;39.000000;heroic;we
WE3_017_0_3283;39.000000;heroic;we
WE5_009_0_3283;39.000000;heroic;we
WE2_012_0_3283;39.000000;heroic;we
WE0_012_0_1301;30.000000;normal;we
WE4_016_0_1301;30.000000;normal;we
WE6_015_0_1301;30.000000;normal;we
WE7_013_0_1301;30.000000;normal;we
WE1_007_0_1301;30.000000;normal;we
WE3_008_0_1301;30.000000;normal;we
WE5_008_0_1301;30.000000;normal;we
WE2_017_0_1301;30.000000;normal;we
WE0_006_0_2301;34.000000;elite;we
WE4_018_0_2301;34.000000;elite;we
WE6_013_0_2301;34.000000;elite;we
WE7_006_0_2301;34.000000;elite;we
WE1_009_0_2301;34.000000;elite;we
WE3_009_0_2301;34.000000;elite;we
WE5_009_0_2301;34.000000;elite;we
WE2_009_0_2301;34.000000;elite;we
WE0_003_0_2261;33.000000;elite;we
WE4_010_0_2261;33.000000;elite;we
WE6_007_0_2261;33.000000;elite;we
WE7_019_0_2261;33.000000;elite;we
WE1_015_0_2261;33.000000;elite;we
WE3_017_0_2261;33.000000;elite;we
WE5_010_0_2261;33.000000;elite;we
WE2_012_0_2261;33.000000;elite;we
WE0_003_0_3282;44.000000;heroic;we
WE4_010_0_3282;44.000000;heroic;we
WE6_007_0_3282;44.000000;heroic;we
WE7_019_0_3282;44.000000;heroic;we
WE1_015_0_3282;44.000000;heroic;we
WE3_017_0_3282;44.000000;heroic;we
WE5_010_0_3282;44.000000;heroic;we
WE2_012_0_3282;44.000000;heroic;we
WE0_006_0_1351;37.000000;normal;we
WE4_018_0_1351;37.000000;normal;we
WE6_013_0_1351;37.000000;normal;we
WE7_006_0_1351;37.000000;normal;we
WE1_009_0_1351;37.000000;normal;we
WE3_009_0_1351;37.000000;normal;we
WE5_009_0_1351;37.000000;normal;we
WE2_009_0_1351;37.000000;normal;we
WE0_018_0_2351;41.000000;elite;we
WE4_019_0_2351;41.000000;elite;we
WE6_014_0_2351;41.000000;elite;we
WE7_015_0_2351;41.000000;elite;we
WE1_011_0_2351;41.000000;elite;we
WE3_011_0_2351;41.000000;elite;we
WE5_011_0_2351;41.000000;elite;we
WE2_030_0_2351;41.000000;elite;we
WE0_018_0_3341;40.000000;elite;we
WE4_019_0_3341;40.000000;elite;we
WE6_014_0_3341;40.000000;elite;we
WE7_015_0_3341;40.000000;elite;we
WE1_011_0_3341;40.000000;elite;we
WE3_011_0_3341;40.000000;elite;we
WE5_011_0_3341;40.000000;elite;we
WE2_030_0_3341;40.000000;elite;we
WE0_005_0_3301;51.000000;heroic;we
WE4_009_0_3301;51.000000;heroic;we
WE6_008_0_3301;51.000000;heroic;we
WE7_014_0_3301;51.000000;heroic;we
WE1_012_0_3301;51.000000;heroic;we
WE3_029_0_3301;51.000000;heroic;we
WE5_012_0_3301;51.000000;heroic;we
WE2_012_0_3301;51.000000;heroic;we
WE0_018_0_1401;44.000000;normal;we
WE4_019_0_1401;44.000000;normal;we
WE6_014_0_1401;44.000000;normal;we
WE7_015_0_1401;44.000000;normal;we
WE1_011_0_1401;44.000000;normal;we
WE3_011_0_1401;44.000000;normal;we
WE5_011_0_1401;44.000000;normal;we
WE2_030_0_1401;44.000000;normal;we
WE0_019_0_2401;48.000000;elite;we
WE4_011_0_2401;48.000000;elite;we
WE6_012_0_2401;48.000000;elite;we
WE7_016_0_2401;48.000000;elite;we
WE1_017_0_2401;48.000000;elite;we
WE3_011_0_2401;48.000000;elite;we
WE5_014_0_2401;48.000000;elite;we
WE2_030_0_2401;48.000000;elite;we
WE0_003_0_2271;48.000000;elite;we
WE4_010_0_2271;48.000000;elite;we
WE6_007_0_2271;48.000000;elite;we
WE7_019_0_2271;48.000000;elite;we
WE1_015_0_2271;48.000000;elite;we
WE3_017_0_2271;48.000000;elite;we
WE5_010_0_2271;48.000000;elite;we
WE2_012_0_2271;48.000000;elite;we
WE0_009_0_3351;63.000000;heroic;we
WE4_008_0_3351;63.000000;heroic;we
WE6_018_0_3351;63.000000;heroic;we
WE7_018_0_3351;63.000000;heroic;we
WE1_029_0_3351;63.000000;heroic;we
WE3_011_0_3351;63.000000;heroic;we
WE5_018_0_3351;63.000000;heroic;we
WE2_030_0_3351;63.000000;heroic;we
WE9_001_0_1151;15.000000;normal;bwe
WE9_001_0_2151;24.000000;elite;bwe
WE9_002_0_2151;8.000000;elite;bwe
WE9_003_0_2201;28.000000;elite;bwe
WE9_003_0_2205;27.000000;elite;bwe
WE9_003_0_2405;31.000000;elite;bwe
WE9_004_0_2251;33.000000;elite;bwe
WE9_007_0_4001;39.000000;heroic;bwe
WE9_005_0_2252;33.000000;elite;bwe
WE9_005_0_2251;39.000000;heroic;bwe
WE9_006_0_3301;36.000000;elite;bwe
WE9_006_0_2351;43.000000;heroic;bwe
WE9_007_0_3301;44.000000;elite;bwe
WE9_002_0_1251;51.000000;heroic;bwe
WE8_001_0_1081;8.000000;normal;bwe
WE8_001_0_1151;15.000000;normal;bwe
WE8_001_0_1082;1.000000;normal;bwe
WE8_003_0_2201;22.000000;elite;bwe
WE8_003_0_2202;28.000000;elite;bwe
WE8_003_0_2205;28.000000;elite;bwe
WE8_003_0_2305;30.000000;elite;bwe
WE8_003_0_2203;33.000000;elite;bwe
WE8_007_0_4001;39.000000;heroic;bwe
WE8_003_0_2301;36.000000;heroic;bwe
WE8_003_0_2204;39.000000;heroic;bwe
WE8_006_0_3301;36.000000;elite;bwe
WE8_006_0_2351;43.000000;heroic;bwe
WE8_007_0_3301;44.000000;elite;bwe
WE8_002_0_1251;51.000000;heroic;bwe
WE0_107_2_99999;10.000000;heroic;we
WE1_005_3_99999;10.000000;heroic;we
WE4_109_1_99999;10.000000;heroic;we
WE4_111_2_99999;10.000000;heroic;we
WE5_008_2_99999;10.000000;heroic;we
WE6_106_2_99999;10.000000;heroic;we
WE8_006_3_99999;10.000000;heroic;bwe
WE9_006_3_99999;10.000000;heroic;bwe
WE9_006_3_99998;10.000000;heroic;bwe
WE9_006_3_99997;10.000000;heroic;bwe
WE9_006_3_99996;10.000000;heroic;bwe
WE9_006_3_99995;10.000000;heroic;bwe
WE9_006_3_99994;10.000000;heroic;bwe
WE0_107_2_99995;10.000000;heroic;we
WE0_107_2_99996;10.000000;heroic;we
WE0_107_2_99997;10.000000;heroic;we
WE0_107_2_99998;10.000000;heroic;we
WE0_812_0_2151;20.000000;elite;we
WE4_812_0_2151;20.000000;elite;we
WE6_812_0_2151;20.000000;elite;we
WE1_812_0_2151;20.000000;elite;we
WE5_812_0_2151;20.000000;elite;we
WE0_822_0_2251;30.000000;elite;we
WE4_822_0_2251;30.000000;elite;we
WE6_822_0_2251;30.000000;elite;we
WE1_822_0_2251;30.000000;elite;we
WE5_822_0_2251;30.000000;elite;we
WE0_823_0_3251;36.000000;heroic;we
WE4_823_0_3251;36.000000;heroic;we
WE6_823_0_3251;36.000000;heroic;we
WE1_823_0_3251;36.000000;heroic;we
WE5_823_0_3251;36.000000;heroic;we
WE0_711_0_1101;9.000000;normal;we
WE1_711_0_1101;9.000000;normal;we
WE4_711_0_1101;9.000000;normal;we
WE5_711_0_1101;9.000000;normal;we
WE6_711_0_1101;9.000000;normal;we
WE0_721_0_2201;21.000000;normal;we
WE1_721_0_2201;21.000000;normal;we
WE4_721_0_2201;21.000000;normal;we
WE5_721_0_2201;21.000000;normal;we
WE6_721_0_2201;21.000000;normal;we
WE0_722_0_2201;26.000000;elite;we
WE1_722_0_2201;26.000000;elite;we
WE4_722_0_2201;26.000000;elite;we
WE5_722_0_2201;26.000000;elite;we
WE6_722_0_2201;26.000000;elite;we
WE0_731_0_3301;31.000000;normal;we
WE1_731_0_3301;31.000000;normal;we
WE4_731_0_3301;31.000000;normal;we
WE5_731_0_3301;31.000000;normal;we
WE6_731_0_3301;31.000000;normal;we
WE0_732_0_3301;36.000000;elite;we
WE1_732_0_3301;36.000000;elite;we
WE4_732_0_3301;36.000000;elite;we
WE5_732_0_3301;36.000000;elite;we
WE6_732_0_3301;36.000000;elite;we
WE0_733_0_3301;42.000000;heroic;we
WE1_733_0_3301;42.000000;heroic;we
WE4_733_0_3301;42.000000;heroic;we
WE5_733_0_3301;42.000000;heroic;we
WE6_733_0_3301;42.000000;heroic;we
WE0_021_0_9001;14.000000;normal;we
WE4_001_0_9001;14.000000;normal;we
WE6_003_0_9001;14.000000;normal;we
WE7_010_0_9001;14.000000;normal;we
WE1_003_0_9001;14.000000;normal;we
WE3_010_0_9001;14.000000;normal;we
WE5_003_0_9001;14.000000;normal;we
WE2_005_0_9001;14.000000;normal;we
boxWE0_015_0_1151;17.000000;normal;we
boxWE4_002_0_1151;17.000000;normal;we
boxWE6_011_0_1151;17.000000;normal;we
boxWE1_004_0_1151;17.000000;normal;we
boxWE5_004_0_1151;17.000000;normal;we
boxWE0_007_0_2151;18.000000;elite;we
boxWE4_015_0_2151;18.000000;elite;we
boxWE6_000_0_2151;18.000000;elite;we
boxWE1_005_0_2151;18.000000;elite;we
boxWE5_005_0_2151;18.000000;elite;we
boxWE0_007_0_1201;22.000000;normal;we
boxWE4_015_0_1201;22.000000;normal;we
boxWE6_000_0_1201;22.000000;normal;we
boxWE1_005_0_1201;22.000000;normal;we
boxWE5_005_0_1201;22.000000;normal;we
boxWE0_029_0_2201;27.000000;elite;we
boxWE4_004_0_2201;27.000000;elite;we
boxWE6_004_0_2201;27.000000;elite;we
boxWE1_006_0_2201;27.000000;elite;we
boxWE5_006_0_2201;27.000000;elite;we
boxWE0_029_0_1251;27.000000;normal;we
boxWE4_004_0_1251;27.000000;normal;we
boxWE6_004_0_1251;27.000000;normal;we
boxWE1_006_0_1251;27.000000;normal;we
boxWE5_006_0_1251;27.000000;normal;we
boxWE0_012_0_2251;32.000000;elite;we
boxWE4_016_0_2251;32.000000;elite;we
boxWE6_015_0_2251;32.000000;elite;we
boxWE1_007_0_2251;32.000000;elite;we
boxWE5_008_0_2251;32.000000;elite;we
boxWE0_012_0_1301;32.000000;normal;we
boxWE4_016_0_1301;32.000000;normal;we
boxWE6_015_0_1301;32.000000;normal;we
boxWE1_007_0_1301;32.000000;normal;we
boxWE5_008_0_1301;32.000000;normal;we
boxWE0_006_0_2301;37.000000;elite;we
boxWE4_018_0_2301;37.000000;elite;we
boxWE6_013_0_2301;37.000000;elite;we
boxWE1_009_0_2301;37.000000;elite;we
boxWE5_009_0_2301;37.000000;elite;we
boxWE0_812_0_2151;22.000000;elite;we
boxWE4_812_0_2151;22.000000;elite;we
boxWE6_812_0_2151;22.000000;elite;we
boxWE1_812_0_2151;22.000000;elite;we
boxWE5_812_0_2151;22.000000;elite;we
boxWE0_822_0_2251;32.000000;elite;we
boxWE4_822_0_2251;32.000000;elite;we
boxWE6_822_0_2251;32.000000;elite;we
boxWE1_822_0_2251;32.000000;elite;we
boxWE5_822_0_2251;32.000000;elite;we
boxWE0_823_0_3251;38.000000;heroic;we
boxWE4_823_0_3251;38.000000;heroic;we
boxWE6_823_0_3251;38.000000;heroic;we
boxWE1_823_0_3251;38.000000;heroic;we
boxWE5_823_0_3251;38.000000;heroic;we
boxWE9_001_0_1151;22.000000;elite;bwe
boxWE9_002_0_2151;32.000000;elite;bwe
boxWE8_001_0_1082;22.000000;elite;bwe
boxWE8_003_0_2201;37.000000;elite;bwe
pvpWE0_001_2_2528;36.000000;elite;we
pvpWE4_001_2_2528;36.000000;elite;we
pvpWE6_001_2_2528;36.000000;elite;we
pvpWE1_001_2_2528;36.000000;elite;we
pvpWE5_001_2_2528;36.000000;elite;we
pvpWE9_002_2_2528;36.000000;elite;bwe
pvpWE8_002_2_2528;36.000000;elite;bwe
pvpWE0_001_2_3033;43.000000;elite;we
pvpWE4_001_2_3033;43.000000;elite;we
pvpWE6_001_2_3033;43.000000;elite;we
pvpWE1_001_2_3033;43.000000;elite;we
pvpWE5_001_2_3033;43.000000;elite;we
pvpWE9_002_2_3033;43.000000;elite;bwe
pvpWE8_002_2_3033;43.000000;elite;bwe
pvpWE0_001_2_3538;61.000000;heroic;we
pvpWE4_001_2_3538;61.000000;heroic;we
pvpWE6_001_2_3538;61.000000;heroic;we
pvpWE1_001_2_3538;61.000000;heroic;we
pvpWE5_001_2_3538;61.000000;heroic;we
pvpWE9_002_2_3538;61.000000;heroic;bwe
pvpWE8_002_2_3538;61.000000;heroic;bwe
pvpWE0_001_2_4043;20.000000;heroic;we
pvpWE4_001_2_4043;20.000000;heroic;we
pvpWE6_001_2_4043;20.000000;heroic;we
pvpWE1_001_2_4043;20.000000;heroic;we
pvpWE5_001_2_4043;20.000000;heroic;we
pvpWE9_002_2_4043;20.000000;heroic;bwe
pvpWE8_002_2_4043;20.000000;heroic;bwe
WE9_007_0_3302;48.000000;heroic;bwe
WE0_009_0_4001;51.000000;heroic;we
WE4_009_0_4001;51.000000;heroic;we
WE6_009_0_4001;51.000000;heroic;we
WE1_009_0_4001;51.000000;heroic;we
WE5_009_0_4001;51.000000;heroic;we
WE8_007_3601;52.000000;heroic;bwe
WE0_003_0_3502;49.000000;heroic;we
WE4_003_0_3502;49.000000;heroic;we
WE6_003_0_3502;49.000000;heroic;we
WE1_003_0_3502;49.000000;heroic;we
WE5_003_0_3502;49.000000;heroic;we
WE2_010_0_0000;1.000000;normal;we
WE7_002_0_0003;1.000000;normal;we
WE0_007_0_2152;19.000000;elite;we
WE4_015_0_2152;19.000000;elite;we
WE6_000_0_2152;19.000000;elite;we
WE7_011_0_2152;19.000000;elite;we
WE1_005_0_2152;19.000000;elite;we
WE3_005_0_2152;19.000000;elite;we
WE5_005_0_2152;19.000000;elite;we
WE2_007_0_2152;19.000000;elite;we
WE0_029_0_2203;26.000000;elite;we
WE4_004_0_2203;26.000000;elite;we
WE6_004_0_2203;26.000000;elite;we
WE7_002_0_2203;26.000000;elite;we
WE1_006_0_2203;26.000000;elite;we
WE3_006_0_2203;26.000000;elite;we
WE5_006_0_2203;26.000000;elite;we
WE2_013_0_2203;26.000000;elite;we
WE0_012_0_2253;33.000000;elite;we
WE4_016_0_2253;33.000000;elite;we
WE6_015_0_2253;33.000000;elite;we
WE7_013_0_2253;33.000000;elite;we
WE1_007_0_2253;33.000000;elite;we
WE3_008_0_2253;33.000000;elite;we
WE5_008_0_2253;33.000000;elite;we
WE2_017_0_2253;33.000000;elite;we
WE0_006_0_2302;37.000000;elite;we
WE4_018_0_2302;37.000000;elite;we
WE6_013_0_2302;37.000000;elite;we
WE7_006_0_2302;37.000000;elite;we
WE1_009_0_2302;37.000000;elite;we
WE3_009_0_2302;37.000000;elite;we
WE5_009_0_2302;37.000000;elite;we
WE2_009_0_2302;37.000000;elite;we
WE0_018_0_2352;44.000000;elite;we
WE4_019_0_2352;44.000000;elite;we
WE6_014_0_2352;44.000000;elite;we
WE7_015_0_2352;44.000000;elite;we
WE1_011_0_2352;44.000000;elite;we
WE3_011_0_2352;44.000000;elite;we
WE5_011_0_2352;44.000000;elite;we
WE2_030_0_2352;44.000000;elite;we
WE0_019_0_2402;51.000000;elite;we
WE4_011_0_2402;51.000000;elite;we
WE6_012_0_2402;51.000000;elite;we
WE7_016_0_2402;51.000000;elite;we
WE1_017_0_2402;51.000000;elite;we
WE3_011_0_2402;51.000000;elite;we
WE5_014_0_2402;51.000000;elite;we
WE2_030_0_2402;51.000000;elite;we
WE0_015_0_2103;71.000000;legendary;we
WE4_002_0_2103;71.000000;legendary;we
WE6_011_0_2103;71.000000;legendary;we
WE7_003_0_2103;71.000000;legendary;we
WE1_004_0_2103;71.000000;legendary;we
WE3_020_0_2103;71.000000;legendary;we
WE5_004_0_2103;71.000000;legendary;we
WE2_006_0_2103;71.000000;legendary;we
WE9_006_0_2103;71.000000;legendary;bwe
WE8_006_0_2103;71.000000;legendary;bwe
WE9_004_0_1351;50.000000;elite;bwe
WE9_004_0_2351;62.000000;heroic;bwe
WE8_006_0_0000;50.000000;elite;bwe
WE8_004_0_0000;62.000000;heroic;bwe
WE0_007_0_2153;20.000000;elite;we
WE4_015_0_2153;20.000000;elite;we
WE6_000_0_2153;20.000000;elite;we
WE7_011_0_2153;20.000000;elite;we
WE1_005_0_2153;20.000000;elite;we
WE3_005_0_2153;20.000000;elite;we
WE5_005_0_2153;20.000000;elite;we
WE2_007_0_2153;20.000000;elite;we
WE9_004_0_3351;71.000000;legendary;bwe
WE8_006_0_3351;71.000000;legendary;bwe
WE0_005_0_3401;49.000000;heroic;we
WE4_009_0_3401;49.000000;heroic;we
WE6_008_0_3401;49.000000;heroic;we
WE1_012_0_3401;49.000000;heroic;we
WE5_012_0_3401;49.000000;heroic;we
WE0_007_0_2151_EV;17.000000;elite;we
WE4_015_0_2151_EV;17.000000;elite;we
WE6_000_0_2151_EV;17.000000;elite;we
WE1_005_0_2151_EV;17.000000;elite;we
WE5_005_0_2151_EV;17.000000;elite;we
WE0_012_0_2251_EV;29.000000;elite;we
WE4_016_0_2251_EV;29.000000;elite;we
WE6_015_0_2251_EV;29.000000;elite;we
WE1_007_0_2251_EV;29.000000;elite;we
WE5_008_0_2251_EV;29.000000;elite;we
boxWE0_006_0_2301_EV;37.000000;elite;we
boxWE4_018_0_2301_EV;37.000000;elite;we
boxWE6_013_0_2301_EV;37.000000;elite;we
boxWE1_009_0_2301_EV;37.000000;elite;we
boxWE5_009_0_2301_EV;37.000000;elite;we
WE0_006_0_3281_EV;39.000000;heroic;we
WE4_018_0_3281_EV;39.000000;heroic;we
WE6_013_0_3281_EV;39.000000;heroic;we
WE1_009_0_3281_EV;39.000000;heroic;we
WE5_009_0_3281_EV;39.000000;heroic;we
WE0_003_0_3282_EV;43.000000;heroic;we
WE4_010_0_3282_EV;43.000000;heroic;we
WE6_007_0_3282_EV;43.000000;heroic;we
WE1_015_0_3282_EV;43.000000;heroic;we
WE5_010_0_3282_EV;43.000000;heroic;we
WE0_007_0_2171_RE;14.000000;elite;we
WE4_015_0_2171_RE;14.000000;elite;we
WE6_000_0_2171_RE;14.000000;elite;we
WE1_005_0_2171_RE;14.000000;elite;we
WE5_005_0_2171_RE;14.000000;elite;we
WE0_007_0_2151_RE;21.000000;elite;we
WE4_015_0_2151_RE;21.000000;elite;we
WE6_000_0_2151_RE;21.000000;elite;we
WE1_005_0_2151_RE;21.000000;elite;we
WE5_005_0_2151_RE;21.000000;elite;we
WE0_007_0_1201_RE;26.000000;elite;we
WE4_015_0_1201_RE;26.000000;elite;we
WE6_000_0_1201_RE;26.000000;elite;we
WE1_005_0_1201_RE;26.000000;elite;we
WE5_005_0_1201_RE;26.000000;elite;we
WE0_012_0_2251_RE;31.000000;elite;we
WE4_016_0_2251_RE;31.000000;elite;we
WE6_015_0_2251_RE;31.000000;elite;we
WE1_007_0_2251_RE;31.000000;elite;we
WE5_008_0_2251_RE;31.000000;elite;we
WE0_015_0_1141_RE;36.000000;elite;we
WE4_002_0_1141_RE;36.000000;elite;we
WE6_011_0_1141_RE;36.000000;elite;we
WE1_004_0_1141_RE;36.000000;elite;we
WE5_004_0_1141_RE;36.000000;elite;we
WE0_006_0_2301_RE;43.000000;elite;we
WE4_018_0_2301_RE;43.000000;elite;we
WE6_013_0_2301_RE;43.000000;elite;we
WE1_009_0_2301_RE;43.000000;elite;we
WE5_009_0_2301_RE;43.000000;elite;we
WE0_018_0_2351_RE;50.000000;elite;we
WE4_019_0_2351_RE;50.000000;elite;we
WE6_014_0_2351_RE;50.000000;elite;we
WE1_011_0_2351_RE;50.000000;elite;we
WE5_011_0_2351_RE;50.000000;elite;we
WE9_002_0_2151_RE;8.000000;elite;bwe
WE8_003_0_2201_RE;22.000000;elite;bwe
WE0_045_0_4502_RE;57.000000;heroic;we
WE4_045_0_4502_RE;57.000000;heroic;we
WE6_045_0_4502_RE;57.000000;heroic;we
WE1_045_0_4502_RE;57.000000;heroic;we
WE5_045_0_4502_RE;57.000000;heroic;we
WE9_045_0_4502_RE;57.000000;heroic;bwe
WE8_045_0_4502_RE;57.000000;heroic;bwe
WE0_050_0_5002_RE;62.000000;heroic;we
WE4_050_0_5002_RE;62.000000;heroic;we
WE6_050_0_5002_RE;62.000000;heroic;we
WE1_050_0_5002_RE;62.000000;heroic;we
WE5_050_0_5002_RE;62.000000;heroic;we
WE9_045_0_5002_RE;62.000000;heroic;bwe
WE8_045_0_5002_RE;62.000000;heroic;bwe
WE9_005_0_2251_EV;39.000000;heroic;bwe
WE8_003_0_2204_EV;39.000000;heroic;bwe
WE0_015_0_1142;31.000000;elite;we
WE4_002_0_1142;31.000000;elite;we
WE6_011_0_1142;31.000000;elite;we
WE7_003_0_1142;31.000000;elite;we
WE1_004_0_1142;31.000000;elite;we
WE3_020_0_1142;31.000000;elite;we
WE5_004_0_1142;31.000000;elite;we
WE2_006_0_1142;31.000000;elite;we
WE0_005_0_3501;65.000000;legendary;we
WE4_009_0_3501;65.000000;legendary;we
WE6_008_0_3501;65.000000;legendary;we
WE1_012_0_3501;65.000000;legendary;we
WE5_012_0_3501;65.000000;legendary;we
WE9_002_0_3501;65.000000;legendary;bwe
WE8_002_0_3501;65.000000;legendary;bwe
WE0_733_0_3351;49.000000;heroic;we
WE1_733_0_3351;49.000000;heroic;we
WE4_733_0_3351;49.000000;heroic;we
WE5_733_0_3351;49.000000;heroic;we
WE6_733_0_3351;49.000000;heroic;we
WE9_002_0_1351;49.000000;heroic;bwe
WE8_002_0_1351;49.000000;heroic;bwe
WE0_733_0_3401;56.000000;heroic;we
WE1_733_0_3401;56.000000;heroic;we
WE4_733_0_3401;56.000000;heroic;we
WE5_733_0_3401;56.000000;heroic;we
WE6_733_0_3401;56.000000;heroic;we
WE9_002_0_1401;56.000000;heroic;bwe
WE8_002_0_1401;56.000000;heroic;bwe
WE0_006_0_3383;56.000000;heroic;we
WE4_018_0_3383;56.000000;heroic;we
WE6_013_0_3383;56.000000;heroic;we
WE7_006_0_3383;56.000000;heroic;we
WE1_009_0_3383;56.000000;heroic;we
WE3_017_0_3383;56.000000;heroic;we
WE5_009_0_3383;56.000000;heroic;we
WE2_012_0_3383;56.000000;heroic;we
WE9_006_0_2103_qu;65.000000;legendary;bwe
WE8_006_0_2103_qu;65.000000;legendary;bwe
BX_WE0_018_0_2351;42.000000;elite;we
BX_WE4_019_0_2351;42.000000;elite;we
BX_WE6_014_0_2351;42.000000;elite;we
BX_WE7_015_0_2351;42.000000;elite;we
BX_WE1_011_0_2351;42.000000;elite;we
BX_WE5_011_0_2351;42.000000;elite;we
BX_WE9_007_0_3301;42.000000;elite;bwe
BX_WE8_007_0_3301;42.000000;elite;bwe
BX_WE0_005_0_3301;48.000000;heroic;we
BX_WE4_009_0_3301;48.000000;heroic;we
BX_WE6_008_0_3301;48.000000;heroic;we
BX_WE7_014_0_3301;48.000000;heroic;we
BX_WE1_012_0_3301;48.000000;heroic;we
BX_WE5_012_0_3301;48.000000;heroic;we
BX_WE9_002_0_1251;48.000000;heroic;bwe
BX_WE8_002_0_1251;48.000000;heroic;bwe
BX_WE0_019_0_2402;49.000000;elite;we
BX_WE4_011_0_2402;49.000000;elite;we
BX_WE6_012_0_2402;49.000000;elite;we
BX_WE7_016_0_2402;49.000000;elite;we
BX_WE1_017_0_2402;49.000000;elite;we
BX_WE5_014_0_2402;49.000000;elite;we
BX_WE9_004_0_1351;49.000000;elite;bwe
BX_WE8_006_0_0000;49.000000;elite;bwe
BX_WE0_009_0_3351;55.000000;heroic;we
BX_WE4_008_0_3351;55.000000;heroic;we
BX_WE6_018_0_3351;55.000000;heroic;we
BX_WE7_018_0_3351;55.000000;heroic;we
BX_WE1_029_0_3351;55.000000;heroic;we
BX_WE5_018_0_3351;55.000000;heroic;we
BX_WE9_004_0_2351;55.000000;heroic;bwe
BX_WE8_004_0_0000;55.000000;heroic;bwe
WE0_021_0_2101_EV1;11.000000;elite;we
WE4_001_0_2101_EV1;11.000000;elite;we
WE6_003_0_2101_EV1;11.000000;elite;we
WE1_003_0_2101_EV1;11.000000;elite;we
WE5_003_0_2101_EV1;11.000000;elite;we
WE0_015_0_2102_EV1;16.000000;elite;we
WE4_002_0_2102_EV1;16.000000;elite;we
WE6_011_0_2102_EV1;16.000000;elite;we
WE1_004_0_2102_EV1;16.000000;elite;we
WE5_004_0_2102_EV1;16.000000;elite;we
WE0_007_0_2151_EV1;23.000000;elite;we
WE4_015_0_2151_EV1;23.000000;elite;we
WE6_000_0_2151_EV1;23.000000;elite;we
WE1_005_0_2151_EV1;23.000000;elite;we
WE5_005_0_2151_EV1;23.000000;elite;we
WE0_029_0_2202_EV1;28.000000;elite;we
WE4_004_0_2202_EV1;28.000000;elite;we
WE6_004_0_2202_EV1;28.000000;elite;we
WE1_006_0_2202_EV1;28.000000;elite;we
WE5_006_0_2202_EV1;28.000000;elite;we
WE0_006_0_3281_EV1;39.000000;heroic;we
WE4_018_0_3281_EV1;39.000000;heroic;we
WE6_013_0_3281_EV1;39.000000;heroic;we
WE1_009_0_3281_EV1;39.000000;heroic;we
WE5_009_0_3281_EV1;39.000000;heroic;we
WE0_003_0_3282_EV1;44.000000;heroic;we
WE4_010_0_3282_EV1;44.000000;heroic;we
WE6_007_0_3282_EV1;44.000000;heroic;we
WE1_015_0_3282_EV1;44.000000;heroic;we
WE5_010_0_3282_EV1;44.000000;heroic;we
WE0_005_0_3301_EV1;51.000000;heroic;we
WE4_009_0_3301_EV1;51.000000;heroic;we
WE6_008_0_3301_EV1;51.000000;heroic;we
WE1_012_0_3301_EV1;51.000000;heroic;we
WE5_012_0_3301_EV1;51.000000;heroic;we
WE9_002_0_1251_EV1;51.000000;heroic;bwe
WE8_002_0_1251_EV1;51.000000;heroic;bwe
WE0_009_0_3351_EV1;63.000000;heroic;we
WE4_008_0_3351_EV1;63.000000;heroic;we
WE6_018_0_3351_EV1;63.000000;heroic;we
WE1_029_0_3351_EV1;63.000000;heroic;we
WE5_018_0_3351_EV1;63.000000;heroic;we
WE9_004_0_2351_EV1;62.000000;heroic;bwe
WE8_004_0_0000_EV1;62.000000;heroic;bwe
WE0_009_0_3352;63.000000;heroic;we
WE4_008_0_3352;63.000000;heroic;we
WE6_018_0_3352;63.000000;heroic;we
WE7_018_0_3352;63.000000;heroic;we
WE1_029_0_3352;63.000000;heroic;we
WE3_011_0_3352;63.000000;heroic;we
WE5_018_0_3352;63.000000;heroic;we
WE2_030_0_3352;63.000000;heroic;we
WE9_004_0_2352;62.000000;heroic;bwe
WE8_004_0_0001;62.000000;heroic;bwe
WE0_009_0_3353;63.000000;heroic;we
WE4_008_0_3353;63.000000;heroic;we
WE6_018_0_3353;63.000000;heroic;we
WE7_018_0_3353;63.000000;heroic;we
WE1_029_0_3353;63.000000;heroic;we
WE3_011_0_3353;63.000000;heroic;we
WE5_018_0_3353;63.000000;heroic;we
WE2_030_0_3353;63.000000;heroic;we
WE9_004_0_2353;62.000000;heroic;bwe
WE8_004_0_0002;62.000000;heroic;bwe
WE9_002_0_1402;61.000000;heroic;bwe
WE8_002_0_1402;63.000000;heroic;bwe
WE0_045_1_4501;49.000000;normal;we
WE4_045_1_4501;49.000000;normal;we
WE6_045_1_4501;49.000000;normal;we
WE1_045_1_4501;49.000000;normal;we
WE5_045_1_4501;49.000000;normal;we
WE0_045_0_4501;62.000000;heroic;we
WE4_045_0_4501;62.000000;heroic;we
WE6_045_0_4501;62.000000;heroic;we
WE1_045_0_4501;62.000000;heroic;we
WE5_045_0_4501;62.000000;heroic;we
WE0_045_0_4502;65.000000;heroic;we
WE4_045_0_4502;65.000000;heroic;we
WE6_045_0_4502;65.000000;heroic;we
WE1_045_0_4502;65.000000;heroic;we
WE5_045_0_4502;65.000000;heroic;we
WE9_045_0_4502;62.000000;heroic;bwe
WE8_045_0_4502;61.000000;heroic;bwe
WE0_045_8_4501;53.000000;elite;we
WE4_045_8_4501;53.000000;elite;we
WE6_045_8_4501;53.000000;elite;we
WE1_045_8_4501;53.000000;elite;we
WE5_045_8_4501;53.000000;elite;we
WE0_045_3_4501;56.000000;elite;we
WE4_045_3_4501;56.000000;elite;we
WE6_045_3_4501;56.000000;elite;we
WE1_045_3_4501;56.000000;elite;we
WE5_045_3_4501;56.000000;elite;we
WE9_045_3_4501;55.000000;elite;bwe
WE8_045_3_4501;55.000000;elite;bwe
WE0_045_3_4502;68.000000;heroic;we
WE4_045_3_4502;68.000000;heroic;we
WE6_045_3_4502;68.000000;heroic;we
WE1_045_3_4502;68.000000;heroic;we
WE5_045_3_4502;68.000000;heroic;we
WE9_045_3_4502;67.000000;heroic;bwe
WE8_045_3_4502;67.000000;heroic;bwe
WE0_050_1_5001;54.000000;normal;we
WE4_050_1_5001;54.000000;normal;we
WE6_050_1_5001;54.000000;normal;we
WE1_050_1_5001;54.000000;normal;we
WE5_050_1_5001;54.000000;normal;we
WE0_050_8_5001;58.000000;elite;we
WE4_050_8_5001;58.000000;elite;we
WE6_050_8_5001;58.000000;elite;we
WE1_050_8_5001;58.000000;elite;we
WE5_050_8_5001;58.000000;elite;we
WE0_050_3_5001;61.000000;elite;we
WE4_050_3_5001;61.000000;elite;we
WE6_050_3_5001;61.000000;elite;we
WE1_050_3_5001;61.000000;elite;we
WE5_050_3_5001;61.000000;elite;we
WE9_050_3_5001;60.000000;elite;bwe
WE8_050_3_5001;60.000000;elite;bwe
WE0_050_0_5002;69.000000;heroic;we
WE4_050_0_5002;69.000000;heroic;we
WE6_050_0_5002;69.000000;heroic;we
WE1_050_0_5002;69.000000;heroic;we
WE5_050_0_5002;69.000000;heroic;we
WE0_050_3_5002;71.000000;heroic;we
WE4_050_3_5002;71.000000;heroic;we
WE6_050_3_5002;71.000000;heroic;we
WE1_050_3_5002;71.000000;heroic;we
WE5_050_3_5002;71.000000;heroic;we
WE9_050_3_5002;71.000000;heroic;bwe
WE8_050_3_5002;71.000000;heroic;bwe
pvpWE0_001_2_4564;66.000000;heroic;we
pvpWE4_001_2_4564;66.000000;heroic;we
pvpWE6_001_2_4564;66.000000;heroic;we
pvpWE1_001_2_4564;66.000000;heroic;we
pvpWE5_001_2_4564;66.000000;heroic;we
pvpWE9_002_2_4564;66.000000;heroic;bwe
pvpWE8_002_2_4564;66.000000;heroic;bwe
pvpWE0_001_2_5069;71.000000;heroic;we
pvpWE4_001_2_5069;71.000000;heroic;we
pvpWE6_001_2_5069;71.000000;heroic;we
pvpWE1_001_2_5069;71.000000;heroic;we
pvpWE5_001_2_5069;71.000000;heroic;we
pvpWE9_002_2_5069;71.000000;heroic;bwe
pvpWE8_002_2_5069;71.000000;heroic;bwe
WE0_045_3_4502_CR;66.000000;heroic;we
WE4_045_3_4502_CR;66.000000;heroic;we
WE6_045_3_4502_CR;66.000000;heroic;we
WE1_045_3_4502_CR;66.000000;heroic;we
WE5_045_3_4502_CR;66.000000;heroic;we
WE9_045_3_4502_CR;65.000000;heroic;bwe
WE8_045_3_4502_CR;65.000000;heroic;bwe
WE0_050_3_5002_CR;71.000000;heroic;we
WE4_050_3_5002_CR;71.000000;heroic;we
WE6_050_3_5002_CR;71.000000;heroic;we
WE1_050_3_5002_CR;71.000000;heroic;we
WE5_050_3_5002_CR;71.000000;heroic;we
WE9_050_3_5002_CR;70.000000;heroic;bwe
WE8_050_3_5002_CR;70.000000;heroic;bwe
WE0_050_3_5003;71.000000;heroic;we
WE4_050_3_5003;71.000000;heroic;we
WE6_050_3_5003;71.000000;heroic;we
WE1_050_3_5003;71.000000;heroic;we
WE5_050_3_5003;71.000000;heroic;we
WE9_050_3_5003;71.000000;heroic;bwe
WE8_050_3_5003;71.000000;heroic;bwe
WE9_050_4_4501;75.000000;legendary;bwe
WE8_050_4_4501;75.000000;legendary;bwe
WE0_XMAS_0_2103;68.000000;legendary;we
WE4_XMAS_0_2103;68.000000;legendary;we
WE6_XMAS_0_2103;68.000000;legendary;we
WE1_XMAS_0_2103;68.000000;legendary;we
WE5_XMAS_0_2103;68.000000;legendary;we
WE0_504_2103;111.000000;legendary;we
WE1_504_2103;111.000000;legendary;we
WE4_504_2103;111.000000;legendary;we
WE5_504_2103;111.000000;legendary;we
WE6_504_2103;111.000000;legendary;we
WE8_504_2103;111.000000;legendary;bwe
WE9_504_2103;111.000000;legendary;bwe
WE0_ev1_1_2103;1.000000;legendary;we
WE4_ev1_1_2103;1.000000;legendary;we
WE6_ev1_1_2103;1.000000;legendary;we
WE1_ev1_1_2103;1.000000;legendary;we
WE5_ev1_1_2103;1.000000;legendary;we
WE0_ev1_2_2103;1.000000;legendary;we
WE4_ev1_2_2103;1.000000;legendary;we
WE6_ev1_2_2103;1.000000;legendary;we
WE1_ev1_2_2103;1.000000;legendary;we
WE5_ev1_2_2103;1.000000;legendary;we
WE0_504_2104;111.000000;legendary;we
WE1_504_2104;111.000000;legendary;we
WE4_504_2104;111.000000;legendary;we
WE5_504_2104;111.000000;legendary;we
WE6_504_2104;111.000000;legendary;we
WE8_504_2104;111.000000;legendary;bwe
WE9_504_2104;111.000000;legendary;bwe
WE0_021_0_2101_EV2;1.000000;normal;we
WE4_001_0_2101_EV2;1.000000;normal;we
WE6_003_0_2101_EV2;1.000000;normal;we
WE1_003_0_2101_EV2;1.000000;normal;we
WE5_003_0_2101_EV2;1.000000;normal;we
WE0_015_0_2102_EV2;1.000000;normal;we
WE4_002_0_2102_EV2;1.000000;normal;we
WE6_011_0_2102_EV2;1.000000;normal;we
WE1_004_0_2102_EV2;1.000000;normal;we
WE5_004_0_2102_EV2;1.000000;normal;we
WE0_007_0_2151_EV2;1.000000;normal;we
WE4_015_0_2151_EV2;1.000000;normal;we
WE6_000_0_2151_EV2;1.000000;normal;we
WE1_005_0_2151_EV2;1.000000;normal;we
WE5_005_0_2151_EV2;1.000000;normal;we
WE0_029_0_2202_EV2;1.000000;normal;we
WE4_004_0_2202_EV2;1.000000;normal;we
WE6_004_0_2202_EV2;1.000000;normal;we
WE1_006_0_2202_EV2;1.000000;normal;we
WE5_006_0_2202_EV2;1.000000;normal;we
WE0_006_0_3281_EV2;1.000000;normal;we
WE4_018_0_3281_EV2;1.000000;normal;we
WE6_013_0_3281_EV2;1.000000;normal;we
WE1_009_0_3281_EV2;1.000000;normal;we
WE5_009_0_3281_EV2;1.000000;normal;we
WE0_003_0_3282_EV2;1.000000;normal;we
WE4_010_0_3282_EV2;1.000000;normal;we
WE6_007_0_3282_EV2;1.000000;normal;we
WE1_015_0_3282_EV2;1.000000;normal;we
WE5_010_0_3282_EV2;1.000000;normal;we
WE0_005_0_3301_EV2;1.000000;normal;we
WE4_009_0_3301_EV2;1.000000;normal;we
WE6_008_0_3301_EV2;1.000000;normal;we
WE1_012_0_3301_EV2;1.000000;normal;we
WE5_012_0_3301_EV2;1.000000;normal;we
WE9_002_0_1251_EV2;1.000000;normal;bwe
WE8_002_0_1251_EV2;1.000000;normal;bwe
WE0_009_0_3351_EV2;1.000000;normal;we
WE4_008_0_3351_EV2;1.000000;normal;we
WE6_018_0_3351_EV2;1.000000;normal;we
WE1_029_0_3351_EV2;1.000000;normal;we
WE5_018_0_3351_EV2;1.000000;normal;we
WE9_004_0_2351_EV2;1.000000;normal;bwe
WE8_004_0_0000_EV2;1.000000;normal;bwe
WE0_001_0_0001;59.000000;normal;we
WE4_002_0_0002;59.000000;normal;we
WE6_003_0_0003;59.000000;normal;we
WE1_004_0_0004;59.000000;normal;we
WE5_005_0_0005;59.000000;normal;we
WE0_001_0_0008;63.000000;elite;we
WE4_002_0_0009;63.000000;elite;we
WE6_003_0_0010;63.000000;elite;we
WE1_004_0_0011;63.000000;elite;we
WE5_005_0_0012;63.000000;elite;we
WE9_006_0_0013;63.000000;elite;bwe
WE8_007_0_0014;63.000000;elite;bwe
WE0_001_0_0015;72.000000;heroic;we
WE4_002_0_0016;72.000000;heroic;we
WE6_003_0_0017;72.000000;heroic;we
WE1_004_0_0018;72.000000;heroic;we
WE5_005_0_0019;72.000000;heroic;we
WE9_006_0_0020;73.000000;heroic;bwe
WE8_007_0_0021;73.000000;heroic;bwe
WE0_001_0_0022;78.000000;heroic;we
WE4_002_0_0023;78.000000;heroic;we
WE6_003_0_0024;78.000000;heroic;we
WE1_004_0_0025;78.000000;heroic;we
WE5_005_0_0026;78.000000;heroic;we
WE9_006_0_0027;78.000000;heroic;bwe
WE8_007_0_0028;78.000000;heroic;bwe
WE0_001_0_0001_CR;85.000000;heroic;we
WE4_002_0_0002_CR;85.000000;heroic;we
WE6_003_0_0003_CR;85.000000;heroic;we
WE1_004_0_0004_CR;85.000000;heroic;we
WE5_005_0_0005_CR;85.000000;heroic;we
WE9_006_0_0006_CR;85.000000;heroic;bwe
WE8_007_0_0007_CR;85.000000;heroic;bwe
WE0_004_0_2141_1;30.000000;heroic;we
WE4_005_0_2141_1;30.000000;heroic;we
WE6_005_0_2141_1;30.000000;heroic;we
WE7_027_0_2141_1;30.000000;heroic;we
WE1_008_0_2141_1;30.000000;heroic;we
WE3_019_0_2141_1;30.000000;heroic;we
WE5_007_0_2141_1;30.000000;heroic;we
WE2_027_0_2141_1;30.000000;heroic;we
WE0_034_0_2222_1;34.000000;heroic;we
WE4_026_0_2222_1;34.000000;heroic;we
WE6_026_0_2222_1;34.000000;heroic;we
WE7_012_0_2222_1;34.000000;heroic;we
WE1_027_0_2222_1;34.000000;heroic;we
WE3_031_0_2222_1;34.000000;heroic;we
WE5_027_0_2222_1;34.000000;heroic;we
WE2_019_0_2222_1;34.000000;heroic;we
WE0_006_0_3281_1;39.000000;heroic;we
WE4_018_0_3281_1;39.000000;heroic;we
WE6_013_0_3281_1;39.000000;heroic;we
WE7_006_0_3281_1;39.000000;heroic;we
WE1_009_0_3281_1;39.000000;heroic;we
WE3_017_0_3281_1;39.000000;heroic;we
WE5_009_0_3281_1;39.000000;heroic;we
WE2_012_0_3281_1;39.000000;heroic;we
WE0_003_0_3282_1;44.000000;heroic;we
WE4_010_0_3282_1;44.000000;heroic;we
WE6_007_0_3282_1;44.000000;heroic;we
WE7_019_0_3282_1;44.000000;heroic;we
WE1_015_0_3282_1;44.000000;heroic;we
WE3_017_0_3282_1;44.000000;heroic;we
WE5_010_0_3282_1;44.000000;heroic;we
WE2_012_0_3282_1;44.000000;heroic;we
WE0_005_0_3301_1;51.000000;heroic;we
WE4_009_0_3301_1;51.000000;heroic;we
WE6_008_0_3301_1;51.000000;heroic;we
WE7_014_0_3301_1;51.000000;heroic;we
WE1_012_0_3301_1;51.000000;heroic;we
WE3_029_0_3301_1;51.000000;heroic;we
WE5_012_0_3301_1;51.000000;heroic;we
WE2_012_0_3301_1;51.000000;heroic;we
WE9_005_0_2251_1;39.000000;heroic;bwe
WE9_006_0_2351_1;43.000000;heroic;bwe
WE9_002_0_1251_1;51.000000;heroic;bwe
WE8_003_0_2204_1;39.000000;heroic;bwe
WE8_006_0_2351_1;43.000000;heroic;bwe
WE8_002_0_1251_1;51.000000;heroic;bwe
WE0_006_0_2301_RE2;1.000000;normal;we
WE4_018_0_2301_RE2;1.000000;normal;we
WE6_013_0_2301_RE2;1.000000;normal;we
WE1_009_0_2301_RE2;1.000000;normal;we
WE5_009_0_2301_RE2;1.000000;normal;we
WE9_002_0_2151_RE2;1.000000;normal;bwe
WE8_003_0_2201_RE2;1.000000;normal;bwe
WE0_018_0_2351_RE2;1.000000;normal;we
WE4_019_0_2351_RE2;1.000000;normal;we
WE6_014_0_2351_RE2;1.000000;normal;we
WE1_011_0_2351_RE2;1.000000;normal;we
WE5_011_0_2351_RE2;1.000000;normal;we
WE9_045_0_4502_RE2;1.000000;normal;bwe
WE8_045_0_4502_RE2;1.000000;normal;bwe
WE0_050_0_5002_RE2;1.000000;normal;we
WE4_050_0_5002_RE2;1.000000;normal;we
WE6_050_0_5002_RE2;1.000000;normal;we
WE1_050_0_5002_RE2;1.000000;normal;we
WE5_050_0_5002_RE2;1.000000;normal;we
WE9_045_0_5002_RE2;1.000000;normal;bwe
WE8_045_0_5002_RE2;1.000000;normal;bwe
WE0_ev1_3_2103;1.000000;legendary;we
WE4_ev1_3_2103;1.000000;legendary;we
WE6_ev1_3_2103;1.000000;legendary;we
WE1_ev1_3_2103;1.000000;legendary;we
WE5_ev1_3_2103;1.000000;legendary;we
WE0_ev1_4_2103;1.000000;legendary;we
WE4_ev1_4_2103;1.000000;legendary;we
WE6_ev1_4_2103;1.000000;legendary;we
WE1_ev1_4_2103;1.000000;legendary;we
WE5_ev1_4_2103;1.000000;legendary;we
WE0_ev2_3_2103;1.000000;legendary;we
WE4_ev2_3_2103;1.000000;legendary;we
WE6_ev2_3_2103;1.000000;legendary;we
WE1_ev2_3_2103;1.000000;legendary;we
WE5_ev2_3_2103;1.000000;legendary;we
WE0_001_1_0022;78.000000;heroic;we
WE4_002_1_0023;78.000000;heroic;we
WE6_003_1_0024;78.000000;heroic;we
WE1_004_1_0025;78.000000;heroic;we
WE5_005_1_0026;78.000000;heroic;we
WE9_006_1_0027;78.000000;heroic;bwe
WE8_007_1_0028;78.000000;heroic;bwe
WE0_001_2_0022;18.000000;heroic;we
WE4_002_2_0023;18.000000;heroic;we
WE6_003_2_0024;18.000000;heroic;we
WE1_004_2_0025;18.000000;heroic;we
WE5_005_2_0026;18.000000;heroic;we
WE9_006_2_0027;18.000000;heroic;bwe
WE8_007_2_0028;18.000000;heroic;bwe
WE9_055_2_0001;88.000000;heroic;bwe
WE8_055_2_0002;88.000000;heroic;bwe
WE9_055_2_0003;120.000000;legendary;bwe
WE8_055_2_0004;120.000000;legendary;bwe
WE0_SUMMER_0_0001;84.000000;legendary;we
WE4_SUMMER_0_0002;84.000000;legendary;we
WE6_SUMMER_0_0003;84.000000;legendary;we
WE1_SUMMER_0_0004;84.000000;legendary;we
WE5_SUMMER_0_0005;84.000000;legendary;we
WE7_812_0_2151;20.000000;elite;we
WE7_822_0_2251;30.000000;elite;we
WE7_823_0_3251;36.000000;heroic;we
WE7_711_0_1101;9.000000;normal;we
WE7_721_0_2201;21.000000;normal;we
WE7_722_0_2201;26.000000;elite;we
WE7_731_0_3301;31.000000;normal;we
WE7_732_0_3301;36.000000;elite;we
WE7_733_0_3301;42.000000;heroic;we
WE7_733_0_3351;49.000000;heroic;we
WE7_733_0_3401;56.000000;heroic;we
pvpWE7_001_2_2528;36.000000;elite;we
pvpWE7_001_2_3033;43.000000;elite;we
pvpWE7_001_2_3538;61.000000;heroic;we
pvpWE7_001_2_4043;20.000000;heroic;we
WE7_009_0_4001;51.000000;heroic;we
WE7_003_0_3502;49.000000;heroic;we
WE7_015_0_2171_RE;14.000000;elite;we
WE7_015_0_2151_RE;21.000000;elite;we
WE7_015_0_1201_RE;26.000000;elite;we
WE7_016_0_2251_RE;31.000000;elite;we
WE7_002_0_1141_RE;36.000000;elite;we
WE7_018_0_2301_RE;43.000000;elite;we
WE7_019_0_2351_RE;50.000000;elite;we
WE7_045_0_4502_RE;57.000000;heroic;we
WE7_050_0_5002_RE;62.000000;heroic;we
WE7_001_0_2101_EV1;11.000000;elite;we
WE7_002_0_2102_EV1;16.000000;elite;we
WE7_015_0_2151_EV1;23.000000;elite;we
WE7_004_0_2202_EV1;28.000000;elite;we
WE7_018_0_3281_EV1;39.000000;heroic;we
WE7_010_0_3282_EV1;44.000000;heroic;we
WE7_009_0_3301_EV1;51.000000;heroic;we
WE7_008_0_3351_EV1;63.000000;heroic;we
WE7_045_1_4501;49.000000;normal;we
WE7_045_0_4501;62.000000;heroic;we
WE7_045_0_4502;65.000000;heroic;we
WE7_045_8_4501;53.000000;elite;we
WE7_045_3_4501;56.000000;elite;we
WE7_045_3_4502;68.000000;heroic;we
WE7_050_1_5001;54.000000;normal;we
WE7_050_8_5001;58.000000;elite;we
WE7_050_3_5001;61.000000;elite;we
WE7_050_0_5002;69.000000;heroic;we
WE7_050_3_5002;71.000000;heroic;we
pvpWE7_001_2_4564;66.000000;heroic;we
pvpWE7_001_2_5069;71.000000;heroic;we
WE7_045_3_4502_CR;66.000000;heroic;we
WE7_050_3_5002_CR;71.000000;heroic;we
WE7_050_3_5003;71.000000;heroic;we
WE7_XMAS_0_2103;68.000000;legendary;we
WE7_504_2103;111.000000;legendary;we
WE7_ev1_1_2103;1.000000;legendary;we
WE7_ev1_2_2103;1.000000;legendary;we
WE7_001_0_2101_EV2;1.000000;normal;we
WE7_002_0_2102_EV2;1.000000;normal;we
WE7_015_0_2151_EV2;1.000000;normal;we
WE7_004_0_2202_EV2;1.000000;normal;we
WE7_018_0_3281_EV2;1.000000;normal;we
WE7_010_0_3282_EV2;1.000000;normal;we
WE7_009_0_3301_EV2;1.000000;normal;we
WE7_008_0_3351_EV2;1.000000;normal;we
WE7_002_0_0002;59.000000;normal;we
WE7_002_0_0009;63.000000;elite;we
WE7_002_0_0016;72.000000;heroic;we
WE7_002_0_0023;78.000000;heroic;we
WE7_002_0_0002_CR;85.000000;heroic;we
WE7_018_0_2301_RE2;1.000000;normal;we
WE7_019_0_2351_RE2;1.000000;normal;we
WE7_050_0_5002_RE2;1.000000;normal;we
WE7_ev1_3_2103;1.000000;legendary;we
WE7_ev1_4_2103;1.000000;legendary;we
WE7_ev2_3_2103;1.000000;legendary;we
WE7_002_1_0023;78.000000;heroic;we
WE7_009_0_3501;65.000000;legendary;we
boxwe7_002_0_1151;23.000000;elite;we
boxwe7_015_0_2151;17.000000;elite;we
boxwe7_015_0_1201;20.000000;normal;we
boxwe7_004_0_2201;24.000000;elite;we
boxwe7_004_0_1251;25.000000;normal;we
boxwe7_016_0_2251;29.000000;elite;we
boxwe7_016_0_1301;30.000000;normal;we
boxwe7_018_0_2301;34.000000;elite;we
boxwe7_812_0_2151;20.000000;elite;we
boxwe7_822_0_2251;30.000000;elite;we
boxwe7_823_0_3251;36.000000;heroic;we
boxwe7_018_0_2301_EV;34.000000;elite;we
BX_we7_019_0_2351;42.000000;elite;we
BX_we7_009_0_3301;48.000000;heroic;we
BX_we7_011_0_2402;49.000000;elite;we
BX_we7_008_0_3351;55.000000;heroic;we
WE7_015_0_2151_EV;17.000000;elite;we
WE7_015_0_2151;17.000000;elite;we
WE0_ca1_4_2103;1.000000;legendary;we
WE4_ca1_4_2103;1.000000;legendary;we
WE6_ca1_4_2103;1.000000;legendary;we
WE1_ca1_4_2103;1.000000;legendary;we
WE5_ca1_4_2103;1.000000;legendary;we
WE7_ca1_4_2103;1.000000;legendary;we
WE0_ev2_4_2103;1.000000;legendary;we
WE4_ev2_4_2103;1.000000;legendary;we
WE6_ev2_4_2103;1.000000;legendary;we
WE1_ev2_4_2103;1.000000;legendary;we
WE5_ev2_4_2103;1.000000;legendary;we
WE7_ev2_4_2103;1.000000;legendary;we
WE7_009_0_3401;49.000000;heroic;we
WE9_504_2106;105.000000;legendary;bwe
WE8_504_2106;105.000000;legendary;bwe
pvpWE0_001_2_5569;76.000000;heroic;we
pvpWE4_001_2_5569;76.000000;heroic;we
pvpWE6_001_2_5569;76.000000;heroic;we
pvpWE1_001_2_5569;76.000000;heroic;we
pvpWE5_001_2_5569;76.000000;heroic;we
pvpWE7_001_2_5569;76.000000;heroic;we
pvpWE9_002_2_5569;76.000000;heroic;bwe
pvpWE8_002_2_5569;76.000000;heroic;bwe
WE0_015_0_2110;71.000000;legendary;we
WE4_002_0_2110;71.000000;legendary;we
WE6_011_0_2110;71.000000;legendary;we
WE1_004_0_2110;71.000000;legendary;we
WE5_004_0_2110;71.000000;legendary;we
WE7_003_0_2110;71.000000;legendary;we
pvpWE0_001_3_5569;85.000000;heroic;we
pvpWE4_001_3_5569;85.000000;heroic;we
pvpWE6_001_3_5569;85.000000;heroic;we
pvpWE1_001_3_5569;85.000000;heroic;we
pvpWE5_001_3_5569;85.000000;heroic;we
pvpWE7_001_3_5569;85.000000;heroic;we
pvpWE9_002_3_5569;85.000000;heroic;bwe
pvpWE8_002_3_5569;85.000000;heroic;bwe
EW0_003_0_0010;1.000000;normal;we
EW0_003_0_0011;1.000000;normal;we
WE0_ca2_4_2103;1.000000;legendary;we
WE4_ca2_4_2103;1.000000;legendary;we
WE6_ca2_4_2103;1.000000;legendary;we
WE1_ca2_4_2103;1.000000;legendary;we
WE5_ca2_4_2103;1.000000;legendary;we
WE7_ca2_4_2103;1.000000;legendary;we
WE0_001_1_6000;60.000000;normal;we
WE4_002_1_6000;60.000000;normal;we
WE6_003_1_6000;60.000000;normal;we
WE1_004_1_6000;60.000000;normal;we
WE5_005_1_6000;60.000000;normal;we
WE7_005_1_6000;60.000000;normal;we
WE0_001_2_6001;60.000000;elite;we
WE4_002_2_6002;60.000000;elite;we
WE6_003_2_6002;60.000000;elite;we
WE1_004_2_6002;60.000000;elite;we
WE5_005_2_6002;60.000000;elite;we
WE7_005_2_6000;60.000000;elite;we
WE0_001_3_6000;78.000000;heroic;we
WE4_002_3_6000;78.000000;heroic;we
WE6_003_3_6000;78.000000;heroic;we
WE1_004_3_6000;78.000000;heroic;we
WE5_005_3_6000;78.000000;heroic;we
WE7_006_3_6000;78.000000;heroic;we
WE0_001_3_6001;78.000000;heroic;we
WE4_002_3_6001;78.000000;heroic;we
WE6_003_3_6001;78.000000;heroic;we
WE1_004_3_6001;78.000000;heroic;we
WE5_005_3_6001;78.000000;heroic;we
WE7_006_3_6001;78.000000;heroic;we
WE9_006_3_6000;78.000000;heroic;bwe
WE8_007_3_6000;78.000000;heroic;bwe
WE0_001_3_6002;78.000000;heroic;we
WE4_002_3_6002;78.000000;heroic;we
WE6_003_3_6002;78.000000;heroic;we
WE1_004_3_6002;78.000000;heroic;we
WE5_005_3_6002;78.000000;heroic;we
WE7_006_3_6002;78.000000;heroic;we
EW2_051_0_0000;1.000000;normal;we
EW3_023_1_0000;1.000000;normal;we
WE9_006_2_6000;78.000000;elite;bwe
WE8_007_2_6000;78.000000;elite;bwe
WE9_006_3_6001;78.000000;heroic;bwe
WE8_007_3_6001;78.000000;heroic;bwe
EW0_054_0_0000;1.000000;normal;we
EW0_055_0_0000;1.000000;normal;we
EW0_055_1_0000;1.000000;normal;we
EW0_055_2_0000;1.000000;normal;we
EW0_055_3_0000;1.000000;normal;we
WE0_001_5_6001;135.000000;7.000000;we
WE4_002_5_6001;135.000000;7.000000;we
WE6_003_5_6001;135.000000;7.000000;we
WE1_004_5_6001;135.000000;7.000000;we
WE5_005_5_6001;135.000000;7.000000;we
WE7_006_5_6001;135.000000;7.000000;we
WE9_006_5_6000;135.000000;7.000000;bwe
WE8_007_5_6000;135.000000;7.000000;bwe
WE7_001_0_2101_EV3;1.000000;normal;we
WE7_002_0_2102_EV3;1.000000;normal;we
WE7_015_0_2151_EV3;1.000000;normal;we
WE7_004_0_2202_EV3;1.000000;normal;we
WE7_018_0_3281_EV3;1.000000;normal;we
WE7_010_0_3282_EV3;1.000000;normal;we
WE7_009_0_3301_EV3;1.000000;normal;we
WE7_008_0_3351_EV3;1.000000;normal;we
EW2_045_0_0003;1.000000;normal;we
WE0_400_6000;175.000000;legendary;we
WE1_400_6001;175.000000;legendary;we
WE2_400_6002;175.000000;legendary;we
WE3_400_6003;175.000000;legendary;we
WE4_400_6004;175.000000;legendary;we
WE5_400_6005;175.000000;legendary;bwe
WE6_400_6006;175.000000;legendary;bwe
WE6_400_6007;175.000000;legendary;we
WE0_CA2_5000;111.000000;legendary;we
WE1_CA2_5001;111.000000;legendary;we
WE4_CA2_5002;111.000000;legendary;we
WE5_CA2_5003;111.000000;legendary;we
WE6_CA2_5004;111.000000;legendary;we
WE8_CA2_5005;111.000000;legendary;bwe
WE9_CA2_5006;111.000000;legendary;bwe
WE7_CA2_5007;111.000000;legendary;we
PVP_WE0_400_6000;111.000000;legendary;we
PVP_WE1_400_6001;111.000000;legendary;we
PVP_WE2_400_6002;111.000000;legendary;we
PVP_WE3_400_6003;111.000000;legendary;we
PVP_WE4_400_6004;111.000000;legendary;we
PVP_WE5_400_6005;111.000000;legendary;bwe
PVP_WE6_400_6006;111.000000;legendary;bwe
PVP_WE6_400_6007;111.000000;legendary;we
WE11_001_0_0000;5.000000;normal;we
WE11_101_0_0000;5.000000;normal;we
WE11_101_0_0004;5.000000;elite;we
WE11_101_0_0006;5.000000;elite;we
WE11_101_0_0008;5.000000;elite;we
WE11_110_0_0009;5.000000;elite;we
WE11_110_0_0013;19.000000;elite;we
WE11_110_1_0013;17.000000;elite;we
WE11_110_0_0018;26.000000;elite;we
WE11_120_0_0022;29.000000;elite;we
WE11_120_0_0023;29.000000;elite;we
WE11_120_0_0025;31.000000;elite;we
WE11_120_0_0028;34.000000;elite;we
WE11_120_0_0029;37.000000;elite;we
WE11_001_0_0030;36.000000;elite;we
WE11_001_1_0030;36.000000;elite;we
WE11_001_2_0030;42.000000;heroic;we
WE11_001_3_0030;44.000000;heroic;we
WE11_001_0_0031;40.000000;elite;we
WE11_001_0_0035;51.000000;heroic;we
WE11_001_1_0035;49.000000;heroic;we
WE11_001_2_0035;65.000000;legendary;we
WE11_002_0_0040;63.000000;heroic;we
PVPWE11_p001_0_040;61.000000;heroic;we
WE11_002_1_0040;62.000000;heroic;we
WE11_002_2_0040;56.000000;heroic;we
WE11_002_3_0040;63.000000;heroic;we
WE11_200_0_0040;71.000000;legendary;we
WE11_002_0_0043;65.000000;heroic;we
PVPWE11_p001_0_045;66.000000;heroic;we
WE11_002_0_0045;66.000000;heroic;we
WE11_002_0_0047;69.000000;heroic;we
WE11_002_0_0049;61.000000;elite;we
PVPWE11_p002_0_050;71.000000;heroic;we
WE11_003_0_0050;71.000000;heroic;we
WE11_003_1_0050;71.000000;heroic;we
WE11_201_2_0050;111.000000;legendary;we
WE11_003_0_0053;63.000000;elite;we
WE11_003_1_0055;85.000000;heroic;we
WE11_003_0_0055;78.000000;heroic;we
PVPWE11_p002_0_055;76.000000;heroic;we
WE11_004_0_0060;60.000000;elite;we
WE11_004_10_0060;78.000000;heroic;we
WE11_004_2_0060;78.000000;heroic;we
WE11_202_0_0060;175.000000;legendary;we
WE11_S001_0_0060;135.000000;7.000000;we
PVPWE11_p003_1_060;111.000000;legendary;we
WE11_110_2_0013;20.000000;elite;we
WE11_110_1_0018;25.000000;elite;we
WE11_110_2_0018;24.000000;elite;we
WE11_120_1_0022;29.000000;elite;we
WE11_120_1_0026;33.000000;elite;we
WE11_003_2_0050;72.000000;heroic;we
WE11_001_0_0037;48.000000;elite;we
WE11_003_0_005_EV2;1.000000;normal;we
WE11_004_0_010_EV2;1.000000;normal;we
WE11_005_0_015_EV2;1.000000;normal;we
WE11_006_0_020_EV2;1.000000;normal;we
WE11_009_0_025_EV2;1.000000;normal;we
WE11_010_0_030_EV2;1.000000;normal;we
WE11_012_0_035_EV2;1.000000;normal;we
WE11_018_0_040_EV2;1.000000;normal;we
WE11_ev2_4_040_EV2;1.000000;legendary;we
WE11_ev1_1_0040;1.000000;legendary;we
WE11_ev1_2_0040;1.000000;legendary;we
WE11_ev1_3_0040;1.000000;legendary;we
WE11_ev1_4_0040;1.000000;legendary;we
WE11_Tower_1_0040;1.000000;legendary;we
WE11_ca1_4_0040;1.000000;legendary;we
WE11_ca2_4_0040;1.000000;legendary;we
WE11_002_2_0001;43.000000;elite;we
BX_WE11_0_0_0000;42.000000;elite;we
BX_WE11_0_0_0001;48.000000;heroic;we
BX_WE11_0_0_0002;49.000000;elite;we
BX_WE11_0_0_0003;55.000000;heroic;we
WE11_110_0_0016;30.000000;heroic;we
WE11_120_0_0020;34.000000;heroic;we
WE11_120_1_0025;39.000000;heroic;we
WE11_120_2_0025;39.000000;heroic;we
BX_WE11_0_0_0000_1;1.000000;normal;we
PVPWE11_p002_1_055;85.000000;heroic;we
EW2_045_0_0004;1.000000;normal;we
WE0_ca2_4_0001;1.000000;legendary;we
WE4_ca2_4_0001;1.000000;legendary;we
WE6_ca2_4_0001;1.000000;legendary;we
WE1_ca2_4_0001;1.000000;legendary;we
WE5_ca2_4_0001;1.000000;legendary;we
WE7_ca2_4_0001;1.000000;legendary;we
WE11_ca2_4_0001;1.000000;legendary;we
CA_WE6_600_0001;175.000000;legendary;bwe
CA_WE5_600_0002;175.000000;legendary;bwe
EW4_001_0_0002;1.000000;normal;we
WE0_EV_4_0001;111.000000;legendary;we
WE4_EV_4_0001;111.000000;legendary;we
WE6_EV_4_0001;111.000000;legendary;we
WE7_EV_4_0001;111.000000;legendary;we
WE1_EV_4_0001;111.000000;legendary;we
WE5_EV_4_0001;111.000000;legendary;we
WE11_EV_4_0001;111.000000;legendary;we
EV0_001_5_6001;135.000000;7.000000;we
EV4_002_5_6001;135.000000;7.000000;we
EV6_003_5_6001;135.000000;7.000000;we
EV1_004_5_6001;135.000000;7.000000;we
EV5_005_5_6001;135.000000;7.000000;we
EV7_006_5_6001;135.000000;7.000000;we
EV11_S001_0_0060;135.000000;7.000000;we
EW0_Bug_0_0001;1.000000;normal;we
EW0_Bug_0_0002;1.000000;normal;we
EW3_Bug_0_0001;1.000000;normal;we
WE0_400_6500;200.000000;legendary;we
WE1_400_6501;200.000000;legendary;we
WE2_400_6502;200.000000;legendary;we
WE3_400_6503;200.000000;legendary;we
WE4_400_6504;200.000000;legendary;we
WE5_400_6505;200.000000;legendary;bwe
WE6_400_6506;200.000000;legendary;bwe
WE6_400_6507;200.000000;legendary;we
WE11_400_6508;200.000000;legendary;we
WE0_300_6500;80.000000;heroic;we
WE1_300_6501;80.000000;heroic;we
WE2_300_6502;80.000000;heroic;we
WE3_300_6503;80.000000;heroic;we
WE4_300_6504;80.000000;heroic;we
WE5_300_6505;80.000000;heroic;bwe
WE6_300_6506;80.000000;heroic;bwe
WE6_300_6507;80.000000;heroic;we
WE11_300_6508;80.000000;heroic;we
EW3_bugkuro_0_0001;1.000000;normal;we
WE0_500_6500;202.000000;unique;we
WE1_500_6501;202.000000;unique;we
WE2_500_6502;202.000000;unique;we
WE3_500_6503;202.000000;unique;we
WE4_500_6504;202.000000;unique;we
WE6_500_6507;202.000000;unique;we
WE11_500_6508;202.000000;unique;we
WE0_500_6509;202.000000;unique;we
WE1_500_6510;202.000000;unique;we
WE2_500_6511;202.000000;unique;we
WE3_500_6512;202.000000;unique;we
WE4_500_6513;202.000000;unique;we
WE6_500_6514;202.000000;unique;we
WE11_500_6515;202.000000;unique;we
EW0_bugsal_0_0001;1.000000;normal;we
EW5_razard_0_0001;1.000000;normal;we
EV_WE0_400_6000;111.000000;legendary;we
EV_WE1_400_6001;111.000000;legendary;we
EV_WE2_400_6002;111.000000;legendary;we
EV_WE3_400_6003;111.000000;legendary;we
EV_WE4_400_6004;111.000000;legendary;we
EV_WE5_400_6005;111.000000;legendary;bwe
EV_WE6_400_6006;111.000000;legendary;bwe
EV_WE6_400_6007;111.000000;legendary;we
EV_WE11_400_6008;111.000000;legendary;we
EV0_504_2103;111.000000;legendary;we
EV1_504_2103;111.000000;legendary;we
EV4_504_2103;111.000000;legendary;we
EV5_504_2103;111.000000;legendary;we
EV6_504_2103;111.000000;legendary;we
EV8_504_2103;111.000000;legendary;bwe
EV9_504_2103;111.000000;legendary;bwe
EV7_504_2103;111.000000;legendary;we
EV11_201_2_0050;111.000000;legendary;we
EV9_055_2_0001;88.000000;heroic;bwe
EV8_055_2_0002;88.000000;heroic;bwe
WE0_EV_3_0001;111.000000;legendary;we
WE4_EV_3_0001;111.000000;legendary;we
WE6_EV_3_0001;111.000000;legendary;we
WE7_EV_3_0001;111.000000;legendary;we
WE1_EV_3_0001;111.000000;legendary;we
WE5_EV_3_0001;111.000000;legendary;we
WE11_EV_3_0001;111.000000;legendary;we
WE8_504_2103_00;111.000000;legendary;bwe
WE9_504_2103_00;111.000000;legendary;bwe
EV_WE0_1_00000;111.000000;legendary;we
EV_WE1_1_00000;111.000000;legendary;we
EV_WE3_1_00000;111.000000;legendary;we
EV_WE5_1_00000;111.000000;legendary;we
EV_WE4_1_00000;111.000000;legendary;we
EV_WE2_1_00000;111.000000;legendary;we
EV_WE10_1_00000;111.000000;legendary;we
EV_WE6_1_00000;111.000000;legendary;bwe
EV_WE7_1_00000;111.000000;legendary;bwe
EV0_400_6000;175.000000;legendary;we
EV1_400_6001;175.000000;legendary;we
EV2_400_6002;175.000000;legendary;we
EV3_400_6003;175.000000;legendary;we
EV4_400_6004;175.000000;legendary;we
EV5_400_6005;175.000000;legendary;bwe
EV6_400_6006;175.000000;legendary;bwe
EV6_400_6007;175.000000;legendary;we
EV11_202_0_0060;175.000000;legendary;we
WE0_EV_3_0002;111.000000;heroic;we
WE2_EV_3_0002;111.000000;heroic;we
WE4_EV_3_0002;111.000000;heroic;we
WE6_EV_3_0002;111.000000;heroic;we
WE1_EV_3_0002;111.000000;heroic;we
WE3_EV_3_0002;111.000000;heroic;we
WE11_EV_3_0002;111.000000;heroic;we
WE6_EV_3_0003;88.000000;heroic;bwe
WE7_EV_3_0002;88.000000;heroic;bwe
EV0_400_6000_1;175.000000;legendary;we
EV1_400_6001_1;175.000000;legendary;we
EV2_400_6002_1;175.000000;legendary;we
EV3_400_6003_1;175.000000;legendary;we
EV4_400_6004_1;175.000000;legendary;we
EV5_400_6005_1;175.000000;legendary;bwe
EV6_400_6006_1;175.000000;legendary;bwe
EV6_400_6007_1;175.000000;legendary;we
EV11_202_0_0060_1;175.000000;legendary;we
EW2_ddoong_0_01;1.000000;normal;we
EW5_smithy_0_0001;1.000000;normal;we
EW0_smithy_0_0002;1.000000;normal;we
EW0_smithy_1_0003;1.000000;normal;we
EW0_comb_0_0004;1.000000;normal;we
EW2_ddoong_0_02;1.000000;normal;we
EV_WE0_400_6000_1;111.000000;legendary;we
EV_WE1_400_6001_1;111.000000;legendary;we
EV_WE2_400_6002_1;111.000000;legendary;we
EV_WE3_400_6003_1;111.000000;legendary;we
EV_WE4_400_6004_1;111.000000;legendary;we
EV_WE6_400_6006_1;111.000000;legendary;bwe
EV_WE6_400_6007_1;111.000000;legendary;we
EV_WE11_400_6008_1;111.000000;legendary;we
EW2_hallow_046_0;1.000000;normal;we
WE0_TEST_0001;1.000000;normal;we
WE1_TEST_0001;1.000000;normal;we
WE2_TEST_0001;1.000000;normal;we
WE3_TEST_0001;1.000000;normal;we
WE4_TEST_0001;1.000000;normal;we
WE5_TEST_0001;1.000000;normal;bwe
WE6_TEST_0001;1.000000;normal;bwe
WE7_TEST_0001;1.000000;normal;we
WE11_TEST_0001;1.000000;normal;we
WE0_TEST_0002;1.000000;normal;we
WE1_TEST_0002;1.000000;normal;we
WE2_TEST_0002;1.000000;normal;we
WE3_TEST_0002;1.000000;normal;we
WE4_TEST_0002;1.000000;normal;we
WE5_TEST_0002;1.000000;normal;bwe
WE6_TEST_0002;1.000000;normal;bwe
WE7_TEST_0002;1.000000;normal;we
WE11_TEST_0002;1.000000;normal;we
EV0_001_5_6002;135.000000;7.000000;we
EV4_002_5_6002;135.000000;7.000000;we
EV6_003_5_6002;135.000000;7.000000;we
EV1_004_5_6002;135.000000;7.000000;we
EV5_005_5_6002;135.000000;7.000000;we
EV7_006_5_6002;135.000000;7.000000;we
EV11_S001_0_0061;135.000000;7.000000;we
EV0_001_5_6003;135.000000;7.000000;we
EV4_002_5_6003;135.000000;7.000000;we
EV6_003_5_6003;135.000000;7.000000;we
EV1_004_5_6003;135.000000;7.000000;we
EV5_005_5_6003;135.000000;7.000000;we
EV7_006_5_6003;135.000000;7.000000;we
EV11_S001_0_0062;135.000000;7.000000;we
EW7_010_0_0003;1.000000;normal;we
EW7_010_0_0004;1.000000;normal;we
EW7_010_0_0005;1.000000;normal;we
EW4_001_0_0003;1.000000;normal;we
EW1_bugkuro_0_0002;1.000000;normal;we
EW1_001_0_0001;1.000000;normal;we
EW1_001_0_0002;1.000000;normal;we
EW6_032_0_0001;1.000000;normal;we
EW3_bugkuro_0_0003;1.000000;normal;we
EW0_055_3_0001;1.000000;normal;we
EW4_023_0_0000;1.000000;normal;we
EW1_001_0_0003;1.000000;normal;we
EW0_DragonianDC;1.000000;normal;we
WE1_damtest;1.000000;normal;we
WE0_001_5_7001;135.000000;7.000000;we
WE4_002_5_7001;135.000000;7.000000;we
WE6_003_5_7001;195.000000;7.000000;we
WE1_004_5_7001;135.000000;7.000000;we
WE5_005_5_7001;135.000000;7.000000;we
WE7_006_5_7001;135.000000;7.000000;we
WE9_006_5_7001;195.000000;7.000000;bwe
WE8_007_5_7001;195.000000;7.000000;bwe
WE11_008_5_7001;135.000000;7.000000;we
EW4_001_0_0004;1.000000;normal;we
EV0_001_5_6004;135.000000;7.000000;we
EV4_002_5_6004;135.000000;7.000000;we
EV6_003_5_6004;135.000000;7.000000;we
EV1_004_5_6004;135.000000;7.000000;we
EV5_005_5_6004;135.000000;7.000000;we
EV7_006_5_6004;135.000000;7.000000;we
EV11_S001_0_0063;135.000000;7.000000;we
EV0_001_5_6005;135.000000;7.000000;we
EV4_002_5_6005;135.000000;7.000000;we
EV6_003_5_6005;135.000000;7.000000;we
EV1_004_5_6005;135.000000;7.000000;we
EV5_005_5_6005;135.000000;7.000000;we
EV7_006_5_6005;135.000000;7.000000;we
EV11_S001_0_0064;135.000000;7.000000;we
Test_AW;135.000000;7.000000;we
EW0_055_3_0002;1.000000;normal;we
EW0_055_3_0003;1.000000;normal;we
EW2_045_0_0005;1.000000;normal;we
EW2_045_0_0006;1.000000;normal;we
