t_id;t_이름;등급;매입가;처분가;중첩갯수;거래불능;처분불능;파괴불능;t_드랍시레벨검사;t_귀속;드랍시레벨검사무시;사용기간;t_판매대행분류;구매제한;통합채널사용불가;t_화폐설정id
EX_0_0000;수인병의 뿔;1.000000;10.000000;6.000000;999.000000;0.000000;0.000000;0.000000;no;none;0.000000;0.000000;*;0.000000;0.000000;*
EX_0_0001;수인병의 갑옷 조각;1.000000;10.000000;6.000000;999.000000;0.000000;0.000000;0.000000;no;none;0.000000;0.000000;*;0.000000;0.000000;*
EX_0_0002;얼음의 부스러기;1.000000;85.000000;51.000000;999.000000;0.000000;0.000000;0.000000;no;none;0.000000;0.000000;*;0.000000;0.000000;*
EX_0_0003;화염의 부스러기;1.000000;40.000000;24.000000;999.000000;0.000000;0.000000;0.000000;no;none;0.000000;0.000000;*;0.000000;0.000000;*
EX_0_0004;정령의 조각;1.000000;20.000000;12.000000;999.000000;0.000000;0.000000;0.000000;no;none;0.000000;0.000000;*;0.000000;0.000000;*
EX_0_0005;정령의 머리핀;1.000000;20.000000;12.000000;999.000000;0.000000;0.000000;0.000000;no;none;0.000000;0.000000;*;0.000000;0.000000;*
EX_0_0006;조각난 늑대의 이빨;1.000000;15.000000;9.000000;999.000000;0.000000;0.000000;0.000000;no;none;0.000000;0.000000;*;0.000000;0.000000;*
EX_0_0007;늑대 가죽;1.000000;15.000000;9.000000;999.000000;0.000000;0.000000;0.000000;no;none;0.000000;0.000000;*;0.000000;0.000000;*
EX_0_0008;너덜너덜한 멧돼지 가죽;1.000000;15.000000;9.000000;999.000000;0.000000;0.000000;0.000000;no;none;0.000000;0.000000;*;0.000000;0.000000;*
EX_0_0009;멧돼지 창자;1.000000;15.000000;9.000000;999.000000;0.000000;0.000000;0.000000;no;none;0.000000;0.000000;*;0.000000;0.000000;*
EX_0_0010;브라기 부적;1.000000;15.000000;9.000000;999.000000;0.000000;0.000000;0.000000;no;none;0.000000;0.000000;*;0.000000;0.000000;*
EX_0_0011;이 빠진 도끼날;1.000000;15.000000;9.000000;999.000000;0.000000;0.000000;0.000000;no;none;0.000000;0.000000;*;0.000000;0.000000;*
EX_0_0012;이 빠진 칼날;1.000000;15.000000;9.000000;999.000000;0.000000;0.000000;0.000000;no;none;0.000000;0.000000;*;0.000000;0.000000;*
EX_0_0013;부러진 지팡이;1.000000;40.000000;24.000000;999.000000;0.000000;0.000000;0.000000;no;none;0.000000;0.000000;*;0.000000;0.000000;*
EX_0_0014;망가진 화살;1.000000;40.000000;24.000000;999.000000;0.000000;0.000000;0.000000;no;none;0.000000;0.000000;*;0.000000;0.000000;*
EX_0_0015;화염 군단의 계급장;1.000000;40.000000;24.000000;999.000000;0.000000;0.000000;0.000000;no;none;0.000000;0.000000;*;0.000000;0.000000;*
EX_0_0016;화염의 수호물;1.000000;40.000000;24.000000;999.000000;0.000000;0.000000;0.000000;no;none;0.000000;0.000000;*;0.000000;0.000000;*
EX_0_0017;찟겨진 곰 가죽;1.000000;45.000000;27.000000;999.000000;0.000000;0.000000;0.000000;no;none;0.000000;0.000000;*;0.000000;0.000000;*
EX_0_0018;곰의 발톱;1.000000;45.000000;27.000000;999.000000;0.000000;0.000000;0.000000;no;none;0.000000;0.000000;*;0.000000;0.000000;*
EX_0_0019;불타오르는 돌조각;1.000000;40.000000;24.000000;999.000000;0.000000;0.000000;0.000000;no;none;0.000000;0.000000;*;0.000000;0.000000;*
EX_0_0020;설인의 발굽;1.000000;85.000000;51.000000;999.000000;0.000000;0.000000;0.000000;no;none;0.000000;0.000000;*;0.000000;0.000000;*
EX_0_0021;설인 가죽;1.000000;85.000000;51.000000;999.000000;0.000000;0.000000;0.000000;no;none;0.000000;0.000000;*;0.000000;0.000000;*
EX_0_0022;주술사의 부적;1.000000;85.000000;51.000000;999.000000;0.000000;0.000000;0.000000;no;none;0.000000;0.000000;*;0.000000;0.000000;*
EX_0_0023;설인 사냥꾼의 화살;1.000000;85.000000;51.000000;999.000000;0.000000;0.000000;0.000000;no;none;0.000000;0.000000;*;0.000000;0.000000;*
EX_0_0024;눈보라 심장;1.000000;85.000000;51.000000;999.000000;0.000000;0.000000;0.000000;no;none;0.000000;0.000000;*;0.000000;0.000000;*
EX_0_0025;얼어붙은 늑대의 발톱;1.000000;85.000000;51.000000;999.000000;0.000000;0.000000;0.000000;no;none;0.000000;0.000000;*;0.000000;0.000000;*
EX_0_0026;얼어붙은 늑대의 송곳니;1.000000;85.000000;51.000000;999.000000;0.000000;0.000000;0.000000;no;none;0.000000;0.000000;*;0.000000;0.000000;*
EX_0_0027;얼음 주먹;1.000000;85.000000;51.000000;999.000000;0.000000;0.000000;0.000000;no;none;0.000000;0.000000;*;0.000000;0.000000;*
EX_0_0028;얼어붙은 뼈조각;1.000000;85.000000;51.000000;999.000000;0.000000;0.000000;0.000000;no;none;0.000000;0.000000;*;0.000000;0.000000;*
EX_0_0029;갈기털;1.000000;15.000000;9.000000;999.000000;0.000000;0.000000;0.000000;no;none;0.000000;0.000000;*;0.000000;0.000000;*
EX_0_0030;거친 갈기털;1.000000;15.000000;9.000000;999.000000;0.000000;0.000000;0.000000;no;none;0.000000;0.000000;*;0.000000;0.000000;*
EX_0_0031;날카로운 칼날;1.000000;15.000000;9.000000;999.000000;0.000000;0.000000;0.000000;no;none;0.000000;0.000000;*;0.000000;0.000000;*
EX_0_0032;낡은 천조각;1.000000;15.000000;9.000000;999.000000;0.000000;0.000000;0.000000;no;none;0.000000;0.000000;*;0.000000;0.000000;*
EX_0_0033;누더기 조각;1.000000;15.000000;9.000000;999.000000;0.000000;0.000000;0.000000;no;none;0.000000;0.000000;*;0.000000;0.000000;*
EX_0_0034;늑대 고기;1.000000;15.000000;9.000000;999.000000;0.000000;0.000000;0.000000;no;none;0.000000;0.000000;*;0.000000;0.000000;*
EX_0_0035;늑대 발톱;1.000000;15.000000;9.000000;999.000000;0.000000;0.000000;0.000000;no;none;0.000000;0.000000;*;0.000000;0.000000;*
EX_0_0036;늑대 어금니;1.000000;15.000000;9.000000;999.000000;0.000000;0.000000;0.000000;no;none;0.000000;0.000000;*;0.000000;0.000000;*
EX_0_0037;단단한 멧돼지 어금니;1.000000;45.000000;27.000000;999.000000;0.000000;0.000000;0.000000;no;none;0.000000;0.000000;*;0.000000;0.000000;*
EX_0_0038;멧돼지 고기;1.000000;15.000000;9.000000;999.000000;0.000000;0.000000;0.000000;no;none;0.000000;0.000000;*;0.000000;0.000000;*
EX_0_0039;멧돼지 어금니;1.000000;15.000000;9.000000;999.000000;0.000000;0.000000;0.000000;no;none;0.000000;0.000000;*;0.000000;0.000000;*
EX_0_0040;벌목용 도끼;1.000000;35.000000;21.000000;999.000000;0.000000;0.000000;0.000000;no;none;0.000000;0.000000;*;0.000000;0.000000;*
EX_0_0041;벌목용 톱;1.000000;35.000000;21.000000;999.000000;0.000000;0.000000;0.000000;no;none;0.000000;0.000000;*;0.000000;0.000000;*
EX_0_0042;부서진 갑옷 조각;1.000000;15.000000;9.000000;999.000000;0.000000;0.000000;0.000000;no;none;0.000000;0.000000;*;0.000000;0.000000;*
EX_0_0043;부서진 나무 갑옷조각;1.000000;15.000000;9.000000;999.000000;0.000000;0.000000;0.000000;no;none;0.000000;0.000000;*;0.000000;0.000000;*
EX_0_0044;부서진 얼음 결정;1.000000;15.000000;9.000000;999.000000;0.000000;0.000000;0.000000;no;none;0.000000;0.000000;*;0.000000;0.000000;*
EX_0_0045;브라기 전투병 계급장;1.000000;15.000000;9.000000;999.000000;0.000000;0.000000;0.000000;no;none;0.000000;0.000000;*;0.000000;0.000000;*
EX_0_0046;브라기 정예 계급장;1.000000;35.000000;21.000000;999.000000;0.000000;0.000000;0.000000;no;none;0.000000;0.000000;*;0.000000;0.000000;*
EX_0_0047;브라기 족장의 징표;1.000000;40.000000;24.000000;999.000000;0.000000;0.000000;0.000000;no;none;0.000000;0.000000;*;0.000000;0.000000;*
EX_0_0048;빛나는 가루;1.000000;20.000000;12.000000;999.000000;0.000000;0.000000;0.000000;no;none;0.000000;0.000000;*;0.000000;0.000000;*
EX_0_0049;여우 고기;1.000000;15.000000;9.000000;999.000000;0.000000;0.000000;0.000000;no;none;0.000000;0.000000;*;0.000000;0.000000;*
EX_0_0050;작은 망치;1.000000;15.000000;9.000000;999.000000;0.000000;0.000000;0.000000;no;none;0.000000;0.000000;*;0.000000;0.000000;*
EX_0_0051;잡초;1.000000;15.000000;9.000000;999.000000;0.000000;0.000000;0.000000;no;none;0.000000;0.000000;*;0.000000;0.000000;*
EX_0_0052;투명한 날개;1.000000;20.000000;12.000000;999.000000;0.000000;0.000000;0.000000;no;none;0.000000;0.000000;*;0.000000;0.000000;*
EX_0_0053;흡광초 뿌리;1.000000;20.000000;12.000000;999.000000;0.000000;0.000000;0.000000;no;none;0.000000;0.000000;*;0.000000;0.000000;*
EX_0_0054;희미한 광채;1.000000;20.000000;12.000000;999.000000;0.000000;0.000000;0.000000;no;none;0.000000;0.000000;*;0.000000;0.000000;*
EX_0_0055;브라기 부적;1.000000;15.000000;9.000000;999.000000;0.000000;0.000000;0.000000;no;none;0.000000;0.000000;*;0.000000;0.000000;*
EX_0_0056;낡은 곡괭이;1.000000;15.000000;9.000000;999.000000;0.000000;0.000000;0.000000;no;none;0.000000;0.000000;*;0.000000;0.000000;*
EX_0_0057;여우 꼬리;1.000000;15.000000;9.000000;999.000000;0.000000;0.000000;0.000000;no;none;0.000000;0.000000;*;0.000000;0.000000;*
EX_0_0058;그을린 뼈;1.000000;40.000000;24.000000;999.000000;0.000000;0.000000;0.000000;no;none;0.000000;0.000000;*;0.000000;0.000000;*
EX_0_0059;그을린 갑옷 조각;1.000000;40.000000;24.000000;999.000000;0.000000;0.000000;0.000000;no;none;0.000000;0.000000;*;0.000000;0.000000;*
EX_0_0060;유령의 천조각;1.000000;40.000000;24.000000;999.000000;0.000000;0.000000;0.000000;no;none;0.000000;0.000000;*;0.000000;0.000000;*
EX_0_0061;불에 탄 기사단의 징표;1.000000;45.000000;27.000000;999.000000;0.000000;0.000000;0.000000;no;none;0.000000;0.000000;*;0.000000;0.000000;*
EX_0_0062;뜨거운 돌;1.000000;40.000000;24.000000;999.000000;0.000000;0.000000;0.000000;no;none;0.000000;0.000000;*;0.000000;0.000000;*
EX_0_0063;화염 핵;1.000000;40.000000;24.000000;999.000000;0.000000;0.000000;0.000000;no;none;0.000000;0.000000;*;0.000000;0.000000;*
EX_0_0064;거미 다리;1.000000;35.000000;21.000000;999.000000;0.000000;0.000000;0.000000;no;none;0.000000;0.000000;*;0.000000;0.000000;*
EX_0_0065;타란툴라의 독주머니;1.000000;35.000000;21.000000;999.000000;0.000000;0.000000;0.000000;no;none;0.000000;0.000000;*;0.000000;0.000000;*
EX_0_0066;거미줄;1.000000;35.000000;21.000000;999.000000;0.000000;0.000000;0.000000;no;none;0.000000;0.000000;*;0.000000;0.000000;*
EX_0_0067;털달린 거미다리;1.000000;40.000000;24.000000;999.000000;0.000000;0.000000;0.000000;no;none;0.000000;0.000000;*;0.000000;0.000000;*
EX_0_0068;순록의 힘줄;1.000000;45.000000;27.000000;999.000000;0.000000;0.000000;0.000000;no;none;0.000000;0.000000;*;0.000000;0.000000;*
EX_0_0069;순록의 갈기털;1.000000;45.000000;27.000000;999.000000;0.000000;0.000000;0.000000;no;none;0.000000;0.000000;*;0.000000;0.000000;*
EX_0_0070;거친 늑대 가죽;1.000000;45.000000;27.000000;999.000000;0.000000;0.000000;0.000000;no;none;0.000000;0.000000;*;0.000000;0.000000;*
EX_0_0071;어둠의 기운;1.000000;45.000000;27.000000;999.000000;0.000000;0.000000;0.000000;no;none;0.000000;0.000000;*;0.000000;0.000000;*
EX_0_0072;젖소 고기;1.000000;45.000000;27.000000;999.000000;0.000000;0.000000;0.000000;no;none;0.000000;0.000000;*;0.000000;0.000000;*
EX_0_0073;늑대인간의 꼬리;1.000000;45.000000;27.000000;999.000000;0.000000;0.000000;0.000000;no;none;0.000000;0.000000;*;0.000000;0.000000;*
EX_0_0074;약품 주머니;1.000000;45.000000;27.000000;999.000000;0.000000;0.000000;0.000000;no;none;0.000000;0.000000;*;0.000000;0.000000;*
EX_0_0075;화염 함정;1.000000;45.000000;27.000000;999.000000;0.000000;0.000000;0.000000;no;none;0.000000;0.000000;*;0.000000;0.000000;*
EX_0_0076;투척 나이프;1.000000;45.000000;27.000000;999.000000;0.000000;0.000000;0.000000;no;none;0.000000;0.000000;*;0.000000;0.000000;*
EX_0_0077;멧돼지 발굽;1.000000;45.000000;27.000000;999.000000;0.000000;0.000000;0.000000;no;none;0.000000;0.000000;*;0.000000;0.000000;*
EX_0_0078;수정뿔 파편;1.000000;45.000000;27.000000;999.000000;0.000000;0.000000;0.000000;no;none;0.000000;0.000000;*;0.000000;0.000000;*
EX_0_0079;먹다 남은 당근;1.000000;50.000000;30.000000;999.000000;0.000000;0.000000;0.000000;no;none;0.000000;0.000000;*;0.000000;0.000000;*
EX_0_0080;부드러운 토끼 털;1.000000;50.000000;30.000000;999.000000;0.000000;0.000000;0.000000;no;none;0.000000;0.000000;*;0.000000;0.000000;*
EX_0_0081;거대 벌 더듬이;1.000000;50.000000;30.000000;999.000000;0.000000;0.000000;0.000000;no;none;0.000000;0.000000;*;0.000000;0.000000;*
EX_0_0082;벌의 날개;1.000000;50.000000;30.000000;999.000000;0.000000;0.000000;0.000000;no;none;0.000000;0.000000;*;0.000000;0.000000;*
EX_0_0083;벌의 눈알;1.000000;50.000000;30.000000;999.000000;0.000000;0.000000;0.000000;no;none;0.000000;0.000000;*;0.000000;0.000000;*
EX_0_0084;거북이 발톱;1.000000;75.000000;45.000000;999.000000;0.000000;0.000000;0.000000;no;none;0.000000;0.000000;*;0.000000;0.000000;*
EX_0_0085;단단한 거북이 등껍질;1.000000;75.000000;45.000000;999.000000;0.000000;0.000000;0.000000;no;none;0.000000;0.000000;*;0.000000;0.000000;*
EX_0_0086;독액;1.000000;75.000000;45.000000;999.000000;0.000000;0.000000;0.000000;no;none;0.000000;0.000000;*;0.000000;0.000000;*
EX_0_0087;개구리 뒷다리;1.000000;75.000000;45.000000;999.000000;0.000000;0.000000;0.000000;no;none;0.000000;0.000000;*;0.000000;0.000000;*
EX_0_0088;소의 발굽;1.000000;75.000000;45.000000;999.000000;0.000000;0.000000;0.000000;no;none;0.000000;0.000000;*;0.000000;0.000000;*
EX_0_0089;소의 꼬리털;1.000000;75.000000;45.000000;999.000000;0.000000;0.000000;0.000000;no;none;0.000000;0.000000;*;0.000000;0.000000;*
EX_0_0090;곰의 이빨;1.000000;75.000000;45.000000;999.000000;0.000000;0.000000;0.000000;no;none;0.000000;0.000000;*;0.000000;0.000000;*
EX_0_0091;펠리컨의 턱;1.000000;75.000000;45.000000;999.000000;0.000000;0.000000;0.000000;no;none;0.000000;0.000000;*;0.000000;0.000000;*
EX_0_0092;가벼운 깃털;1.000000;75.000000;45.000000;999.000000;0.000000;0.000000;0.000000;no;none;0.000000;0.000000;*;0.000000;0.000000;*
EX_0_0093;끈적이는 점액;1.000000;75.000000;45.000000;999.000000;0.000000;0.000000;0.000000;no;none;0.000000;0.000000;*;0.000000;0.000000;*
EX_0_0094;두꺼운 물고기 비늘;1.000000;75.000000;45.000000;999.000000;0.000000;0.000000;0.000000;no;none;0.000000;0.000000;*;0.000000;0.000000;*
EX_0_0095;들소의 단단한 발굽;1.000000;75.000000;45.000000;999.000000;0.000000;0.000000;0.000000;no;none;0.000000;0.000000;*;0.000000;0.000000;*
EX_0_0096;들소의 거친 꼬리털;1.000000;75.000000;45.000000;999.000000;0.000000;0.000000;0.000000;no;none;0.000000;0.000000;*;0.000000;0.000000;*
EX_0_0097;표범 꼬리;1.000000;75.000000;45.000000;999.000000;0.000000;0.000000;0.000000;no;none;0.000000;0.000000;*;0.000000;0.000000;*
EX_0_0098;날카로운 발톱;1.000000;75.000000;45.000000;999.000000;0.000000;0.000000;0.000000;no;none;0.000000;0.000000;*;0.000000;0.000000;*
EX_0_0099;피 묻은 낫;1.000000;75.000000;45.000000;999.000000;0.000000;0.000000;0.000000;no;none;0.000000;0.000000;*;0.000000;0.000000;*
EX_0_0100;피 묻은 손톱;1.000000;75.000000;45.000000;999.000000;0.000000;0.000000;0.000000;no;none;0.000000;0.000000;*;0.000000;0.000000;*
EX_0_0101;흡혈귀의 심장;1.000000;75.000000;45.000000;999.000000;0.000000;0.000000;0.000000;no;none;0.000000;0.000000;*;0.000000;0.000000;*
EX_0_0102;낡은 두건;1.000000;80.000000;48.000000;999.000000;0.000000;0.000000;0.000000;no;none;0.000000;0.000000;*;0.000000;0.000000;*
EX_0_0103;피로 얼룩진 기사단 징표;1.000000;80.000000;48.000000;999.000000;0.000000;0.000000;0.000000;no;none;0.000000;0.000000;*;0.000000;0.000000;*
EX_0_0104;피로 얼룩진 옷자락;1.000000;80.000000;48.000000;999.000000;0.000000;0.000000;0.000000;no;none;0.000000;0.000000;*;0.000000;0.000000;*
EX_0_0105;오래된 잡동사니;1.000000;80.000000;48.000000;999.000000;0.000000;0.000000;0.000000;no;none;0.000000;0.000000;*;0.000000;0.000000;*
EX_0_0106;피 묻은 요리모자;1.000000;80.000000;48.000000;999.000000;0.000000;0.000000;0.000000;no;none;0.000000;0.000000;*;0.000000;0.000000;*
EX_0_0107;조련 막대기;1.000000;85.000000;51.000000;999.000000;0.000000;0.000000;0.000000;no;none;0.000000;0.000000;*;0.000000;0.000000;*
EX_0_0108;조각난 쇠사슬;1.000000;85.000000;51.000000;999.000000;0.000000;0.000000;0.000000;no;none;0.000000;0.000000;*;0.000000;0.000000;*
EX_0_0109;날카로운 냉기발톱;1.000000;85.000000;51.000000;999.000000;0.000000;0.000000;0.000000;no;none;0.000000;0.000000;*;0.000000;0.000000;*
EX_0_0110;얼어붙은 조련막대;1.000000;85.000000;51.000000;999.000000;0.000000;0.000000;0.000000;no;none;0.000000;0.000000;*;0.000000;0.000000;*
EX_0_0111;냉기 마력의 원천;1.000000;85.000000;51.000000;999.000000;0.000000;0.000000;0.000000;no;none;0.000000;0.000000;*;0.000000;0.000000;*
EX_0_0112;냉기설인 토템;1.000000;85.000000;51.000000;999.000000;0.000000;0.000000;0.000000;no;none;0.000000;0.000000;*;0.000000;0.000000;*
EX_0_0113;얼어붙은 거미다리;1.000000;85.000000;51.000000;999.000000;0.000000;0.000000;0.000000;no;none;0.000000;0.000000;*;0.000000;0.000000;*
EX_0_0114;차가운 거미줄;1.000000;85.000000;51.000000;999.000000;0.000000;0.000000;0.000000;no;none;0.000000;0.000000;*;0.000000;0.000000;*
EX_0_0115;낡은 노예족쇄;1.000000;85.000000;51.000000;999.000000;0.000000;0.000000;0.000000;no;none;0.000000;0.000000;*;0.000000;0.000000;*
EX_0_0116;부식된 지팡이;1.000000;85.000000;51.000000;999.000000;0.000000;0.000000;0.000000;no;none;0.000000;0.000000;*;0.000000;0.000000;*
EX_0_0117;부폐된 뼈;1.000000;85.000000;51.000000;999.000000;0.000000;0.000000;0.000000;no;none;0.000000;0.000000;*;0.000000;0.000000;*
EX_0_0118;긴 거미 다리;1.000000;85.000000;51.000000;999.000000;0.000000;0.000000;0.000000;no;none;0.000000;0.000000;*;0.000000;0.000000;*
EX_0_0119;오래된 시녀의 머리핀;1.000000;85.000000;51.000000;999.000000;0.000000;0.000000;0.000000;no;none;0.000000;0.000000;*;0.000000;0.000000;*
EX_0_0120;하급 악마 조종 지침서 1권;1.000000;120.000000;72.000000;999.000000;0.000000;0.000000;0.000000;no;none;0.000000;0.000000;*;0.000000;0.000000;*
EX_0_0121;하급 악마 계약의 징표;1.000000;120.000000;72.000000;999.000000;0.000000;0.000000;0.000000;no;none;0.000000;0.000000;*;0.000000;0.000000;*
EX_0_0122;충만한 어둠의 기운;1.000000;120.000000;72.000000;999.000000;0.000000;0.000000;0.000000;no;none;0.000000;0.000000;*;0.000000;0.000000;*
EX_0_0123;작은 악마의 날개;1.000000;120.000000;72.000000;999.000000;0.000000;0.000000;0.000000;no;none;0.000000;0.000000;*;0.000000;0.000000;*
EX_0_0124;짧은 악마의 꼬리;1.000000;120.000000;72.000000;999.000000;0.000000;0.000000;0.000000;no;none;0.000000;0.000000;*;0.000000;0.000000;*
EX_0_0125;부식된 기사단 징표;1.000000;120.000000;72.000000;999.000000;0.000000;0.000000;0.000000;no;none;0.000000;0.000000;*;0.000000;0.000000;*
EX_0_0126;부식된 뼛조각;1.000000;120.000000;72.000000;999.000000;0.000000;0.000000;0.000000;no;none;0.000000;0.000000;*;0.000000;0.000000;*
EX_0_0127;부식된 왕관;1.000000;120.000000;72.000000;999.000000;0.000000;0.000000;0.000000;no;none;0.000000;0.000000;*;0.000000;0.000000;*
EX_0_0128;검은 용 해츨링의 비늘;1.000000;120.000000;72.000000;999.000000;0.000000;0.000000;0.000000;no;none;0.000000;0.000000;*;0.000000;0.000000;*
EX_0_0129;검은 용 해츨링의 발톱;1.000000;120.000000;72.000000;999.000000;0.000000;0.000000;0.000000;no;none;0.000000;0.000000;*;0.000000;0.000000;*
EX_0_0130;폭탄 신관;1.000000;125.000000;75.000000;999.000000;0.000000;0.000000;0.000000;no;none;0.000000;0.000000;*;0.000000;0.000000;*
EX_0_0131;낡은 모자;1.000000;125.000000;75.000000;999.000000;0.000000;0.000000;0.000000;no;none;0.000000;0.000000;*;0.000000;0.000000;*
EX_0_0132;너덜너덜한 갑옷 조각;1.000000;125.000000;75.000000;999.000000;0.000000;0.000000;0.000000;no;none;0.000000;0.000000;*;0.000000;0.000000;*
EX_0_0133;꼬질꼬질한 해적기;1.000000;125.000000;75.000000;999.000000;0.000000;0.000000;0.000000;no;none;0.000000;0.000000;*;0.000000;0.000000;*
EX_0_0135;크피르 도적단 문장;1.000000;80.000000;48.000000;999.000000;0.000000;0.000000;0.000000;no;none;0.000000;0.000000;*;0.000000;0.000000;*
EX_0_0136;낡은 복면;1.000000;80.000000;48.000000;999.000000;0.000000;0.000000;0.000000;no;none;0.000000;0.000000;*;0.000000;0.000000;*
EX_0_0137;부식된 기사단장 징표;1.000000;120.000000;72.000000;999.000000;0.000000;0.000000;0.000000;no;none;0.000000;0.000000;*;0.000000;0.000000;*
EX_0_0138;부식된 갑옷조각;1.000000;120.000000;72.000000;999.000000;0.000000;0.000000;0.000000;no;none;0.000000;0.000000;*;0.000000;0.000000;*
EX_0_0139;호박말벌 체액;1.000000;80.000000;48.000000;999.000000;0.000000;0.000000;0.000000;no;none;0.000000;0.000000;*;0.000000;0.000000;*
EX_0_0140;부드러운 여우털;1.000000;50.000000;30.000000;999.000000;0.000000;0.000000;0.000000;no;none;0.000000;0.000000;*;0.000000;0.000000;*
EX_0_0141;독 주머니;1.000000;10.000000;6.000000;999.000000;0.000000;0.000000;0.000000;no;none;0.000000;0.000000;*;0.000000;0.000000;*
EX_0_0142;맹독 주머니;1.000000;35.000000;21.000000;999.000000;0.000000;0.000000;0.000000;no;none;0.000000;0.000000;*;0.000000;0.000000;*
EX_0_0143;화염의 정수;1.000000;10.000000;6.000000;999.000000;0.000000;0.000000;0.000000;no;none;0.000000;0.000000;*;0.000000;0.000000;*
EX_0_0144;강렬한 화염의 정수;1.000000;35.000000;21.000000;999.000000;0.000000;0.000000;0.000000;no;none;0.000000;0.000000;*;0.000000;0.000000;*
EX_0_0145;냉기의 정수;1.000000;10.000000;6.000000;999.000000;0.000000;0.000000;0.000000;no;none;0.000000;0.000000;*;0.000000;0.000000;*
EX_0_0146;강렬한 냉기의 정수;1.000000;35.000000;21.000000;999.000000;0.000000;0.000000;0.000000;no;none;0.000000;0.000000;*;0.000000;0.000000;*
EX_0_0147;빛의 정수;1.000000;10.000000;6.000000;999.000000;0.000000;0.000000;0.000000;no;none;0.000000;0.000000;*;0.000000;0.000000;*
EX_0_0148;강렬한 빛의 정수;1.000000;35.000000;21.000000;999.000000;0.000000;0.000000;0.000000;no;none;0.000000;0.000000;*;0.000000;0.000000;*
EX_0_0149;어둠의 정수;1.000000;10.000000;6.000000;999.000000;0.000000;0.000000;0.000000;no;none;0.000000;0.000000;*;0.000000;0.000000;*
EX_0_0150;강렬한 어둠의 정수;1.000000;35.000000;21.000000;999.000000;0.000000;0.000000;0.000000;no;none;0.000000;0.000000;*;0.000000;0.000000;*
EX_0_0151;정화의 돌;2.000000;35.000000;21.000000;999.000000;0.000000;0.000000;0.000000;no;none;0.000000;0.000000;*;0.000000;0.000000;*
EX_0_0152;문어의 점액;2.000000;10.000000;6.000000;999.000000;0.000000;0.000000;0.000000;no;none;0.000000;0.000000;*;0.000000;0.000000;*
EX_0_0153;흙 묻은 동전;2.000000;100.000000;60.000000;999.000000;0.000000;0.000000;0.000000;no;none;0.000000;0.000000;*;0.000000;0.000000;*
EX_0_0154;피 묻은 꽃잎;1.000000;10.000000;1.000000;99.000000;0.000000;0.000000;0.000000;no;none;0.000000;0.000000;*;0.000000;0.000000;*
EX_0_0155;엑자란 주화;1.000000;0.000000;1.000000;9999.000000;1.000000;1.000000;0.000000;no;none;0.000000;0.000000;*;0.000000;0.000000;*
EX_0_0156;하카나스 기념주화;1.000000;0.000000;1.000000;999.000000;1.000000;1.000000;0.000000;no;get;0.000000;0.000000;*;0.000000;0.000000;*
EX_0_0157;빛의 동맹 휘장;1.000000;0.000000;1.000000;999.000000;1.000000;1.000000;0.000000;no;get;1.000000;0.000000;*;0.000000;0.000000;*
EX_0_0158;SK hynix SSD;1.000000;0.000000;1.000000;999.000000;1.000000;1.000000;0.000000;no;get;1.000000;0.000000;*;0.000000;0.000000;*
EX_0_0159;축구공;0.000000;10000.000000;1.000000;999.000000;1.000000;1.000000;0.000000;no;get;1.000000;0.000000;*;0.000000;0.000000;*
QU_0_3_0057;(구)텔리오 동화(불이삼킨유적);1.000000;0.000000;1.000000;999.000000;1.000000;1.000000;0.000000;no;none;0.000000;0.000000;*;0.000000;0.000000;*
QU_0_3_0060;(구)텔리오 동화(카를레앙대저택);1.000000;0.000000;1.000000;999.000000;1.000000;1.000000;0.000000;no;none;0.000000;0.000000;*;0.000000;0.000000;*
QU_0_3_0063;(구)텔리오 동화(얼어붙은폐허);1.000000;0.000000;1.000000;999.000000;1.000000;1.000000;0.000000;no;none;0.000000;0.000000;*;0.000000;0.000000;*
QU_0_3_0245;정제된 백은;1.000000;0.000000;1.000000;999.000000;1.000000;1.000000;0.000000;no;none;0.000000;0.000000;*;0.000000;0.000000;*
EX_0_0160;이즈호라의 동괴;1.000000;100000.000000;100000.000000;999.000000;1.000000;0.000000;0.000000;no;none;1.000000;0.000000;*;0.000000;0.000000;*
EX_0_0161;이즈호라의 은괴;1.000000;500000.000000;500000.000000;999.000000;1.000000;0.000000;0.000000;no;none;1.000000;0.000000;*;0.000000;0.000000;*
EX_0_0162;이즈호라의 금괴;1.000000;1000000.000000;1000000.000000;999.000000;1.000000;0.000000;0.000000;no;none;1.000000;0.000000;*;0.000000;0.000000;*
EX_0_0163;이즈호라의 열쇠조각;1.000000;10.000000;1.000000;999.000000;0.000000;0.000000;0.000000;no;none;1.000000;0.000000;*;0.000000;0.000000;*
QU_0_4_0044;이동주문서 제작 재료;1.000000;0.000000;1.000000;999.000000;1.000000;1.000000;0.000000;no;none;0.000000;0.000000;*;0.000000;0.000000;*
QU_0_4_0046;여신의 가루;1.000000;0.000000;1.000000;999.000000;1.000000;1.000000;0.000000;no;none;0.000000;0.000000;*;0.000000;0.000000;*
EX_0_0164;40레벨 전설의 인장;4.000000;0.000000;10.000000;1.000000;1.000000;1.000000;0.000000;no;none;1.000000;43200.000000;*;0.000000;0.000000;*
EX_0_0165;축복받은 40레벨 전설의 인장;4.000000;0.000000;30000.000000;999.000000;0.000000;0.000000;0.000000;no;none;1.000000;0.000000;Auction_560;0.000000;0.000000;*
EX_0_0166;초승달 상단 출결 확인서;1.000000;0.000000;1.000000;999.000000;1.000000;1.000000;0.000000;no;none;0.000000;0.000000;*;0.000000;0.000000;*
EX_0_0167;엑자란 7대 죄악 고서 조각;1.000000;0.000000;1.000000;99.000000;1.000000;1.000000;0.000000;no;none;0.000000;0.000000;*;0.000000;0.000000;*
EX_0_0168;엑자란 고대 역사서 조각;1.000000;0.000000;1.000000;99.000000;1.000000;1.000000;0.000000;no;none;0.000000;0.000000;*;0.000000;0.000000;*
EX_0_0169;동괴;2.000000;100000.000000;100000.000000;999.000000;1.000000;0.000000;0.000000;no;none;1.000000;0.000000;*;0.000000;0.000000;*
EX_0_0170;은괴;2.000000;500000.000000;500000.000000;999.000000;1.000000;0.000000;0.000000;no;none;1.000000;0.000000;*;0.000000;0.000000;*
EX_0_0171;금괴;2.000000;1000000.000000;1000000.000000;999.000000;1.000000;0.000000;0.000000;no;none;1.000000;0.000000;*;0.000000;0.000000;*
EX_0_0172;엑자란 금화;2.000000;100.000000;1.000000;9999.000000;1.000000;1.000000;0.000000;no;none;0.000000;0.000000;*;0.000000;0.000000;*
EX_0_0173;할로윈 데이 출석 확인서;1.000000;0.000000;1.000000;99.000000;1.000000;1.000000;0.000000;no;none;0.000000;0.000000;*;0.000000;0.000000;*
QU_0_3_0058;라비니족의 동화;1.000000;0.000000;1.000000;9999.000000;1.000000;1.000000;0.000000;no;none;0.000000;0.000000;*;0.000000;0.000000;*
QU_0_3_0059;라비니족의 은화;1.000000;10.000000;1.000000;9999.000000;1.000000;1.000000;0.000000;no;none;0.000000;0.000000;*;0.000000;0.000000;*
QU_0_3_0061;라비니족의 금화;1.000000;100.000000;1.000000;9999.000000;1.000000;1.000000;0.000000;no;none;0.000000;0.000000;*;0.000000;0.000000;*
QU_0_4_0039;대지의 결정;1.000000;0.000000;1.000000;999.000000;1.000000;1.000000;0.000000;no;none;0.000000;0.000000;*;0.000000;0.000000;*
EX_0_0174;엑자란 보물 열쇠;3.000000;10.000000;1.000000;1.000000;1.000000;1.000000;0.000000;no;none;0.000000;0.000000;*;0.000000;0.000000;*
EX_0_0175;엑자리움 채굴기;2.000000;10.000000;1.000000;999.000000;1.000000;1.000000;0.000000;no;none;0.000000;0.000000;*;0.000000;0.000000;*
EX_0_0176;아케론 주화;1.000000;0.000000;1.000000;9999.000000;1.000000;1.000000;0.000000;no;none;0.000000;0.000000;*;0.000000;0.000000;*
EX_0_0177;아케론 금화;1.000000;100.000000;1.000000;9999.000000;1.000000;1.000000;0.000000;no;none;0.000000;0.000000;*;0.000000;0.000000;*
EX_0_0178;유리의 출석 확인서;1.000000;0.000000;1.000000;999.000000;1.000000;1.000000;0.000000;no;none;0.000000;0.000000;*;0.000000;0.000000;*
EX_0_0179;달빛 시장의 쿤자이트 주화;1.000000;0.000000;1.000000;999.000000;1.000000;1.000000;0.000000;no;none;0.000000;0.000000;*;0.000000;0.000000;*
EX_0_0180;달빛 시장의 황금 주화;1.000000;0.000000;1.000000;999.000000;1.000000;1.000000;0.000000;no;none;0.000000;0.000000;*;0.000000;0.000000;*
EX_0_0181;달빛 시장의 청금석 메달;1.000000;0.000000;1.000000;999.000000;1.000000;1.000000;0.000000;no;none;0.000000;0.000000;*;0.000000;0.000000;*
EX_0_0182;달빛 시장의 황금 메달;1.000000;0.000000;1.000000;999.000000;1.000000;1.000000;0.000000;no;none;0.000000;0.000000;*;0.000000;0.000000;*
EX_0_0183;콜렉터의 증표;1.000000;0.000000;1.000000;9999.000000;1.000000;1.000000;0.000000;no;none;0.000000;0.000000;*;0.000000;0.000000;*
EX_0_0185;50레벨 전설의 인장;4.000000;0.000000;10.000000;1.000000;1.000000;1.000000;0.000000;no;none;1.000000;43200.000000;*;0.000000;0.000000;*
EX_0_0186;축복받은 50레벨 전설의 인장;4.000000;0.000000;60000.000000;999.000000;0.000000;0.000000;0.000000;no;none;1.000000;0.000000;Auction_560;0.000000;0.000000;*
CA_IT_EX_0000;꼬마 양 쿠폰;1.000000;0.000000;10.000000;1.000000;1.000000;1.000000;0.000000;no;get;0.000000;0.000000;*;0.000000;0.000000;*
EX_0_0187;펠로우 던전 입장권;3.000000;250.000000;1.000000;1.000000;1.000000;1.000000;0.000000;no;get;1.000000;43200.000000;*;0.000000;0.000000;*
EX_0_0188;전설 카라샤Jr 쿠폰;4.000000;0.000000;10.000000;1.000000;1.000000;1.000000;0.000000;no;get;0.000000;0.000000;*;0.000000;0.000000;*
EX_0_0189;영웅 카라샤Jr 쿠폰;3.000000;0.000000;10.000000;1.000000;1.000000;1.000000;0.000000;no;get;0.000000;0.000000;*;0.000000;0.000000;*
EX_0_0190;카라샤 라이더 키;4.000000;1000.000000;10.000000;1.000000;1.000000;1.000000;0.000000;no;get;0.000000;0.000000;*;0.000000;0.000000;*
EX_0_0191;칭호 교환권;3.000000;150.000000;10.000000;1.000000;1.000000;1.000000;0.000000;no;get;0.000000;0.000000;*;0.000000;0.000000;*
EX_0_0192;피시바니 펠로우 던전 입장권;3.000000;200.000000;10.000000;1.000000;1.000000;1.000000;0.000000;no;get;1.000000;43200.000000;*;0.000000;0.000000;*
EX_0_0193;사용 안함;4.000000;0.000000;800.000000;1.000000;1.000000;1.000000;0.000000;no;get;0.000000;0.000000;*;0.000000;0.000000;*
EX_0_0194;진금괴;3.000000;5000000.000000;5000000.000000;999.000000;1.000000;0.000000;0.000000;no;none;1.000000;0.000000;*;0.000000;0.000000;*
EX_0_0195;백금괴;3.000000;10000000.000000;10000000.000000;999.000000;1.000000;0.000000;0.000000;no;none;1.000000;0.000000;*;0.000000;0.000000;*
EX_0_0196;위조 동괴;1.000000;10000.000000;10000.000000;999.000000;1.000000;0.000000;0.000000;no;none;1.000000;0.000000;*;0.000000;0.000000;*
EX_0_0197;위조 은괴;1.000000;50000.000000;50000.000000;999.000000;1.000000;0.000000;0.000000;no;none;1.000000;0.000000;*;0.000000;0.000000;*
EX_0_0198;위조 금괴;1.000000;100000.000000;100000.000000;999.000000;1.000000;0.000000;0.000000;no;none;1.000000;0.000000;*;0.000000;0.000000;*
EX_0_0199;라비니족의 위조 주화;1.000000;1000.000000;100.000000;1000.000000;1.000000;0.000000;0.000000;no;none;1.000000;0.000000;*;0.000000;0.000000;*
EX_0_0200;수상한 물약;1.000000;200.000000;10000.000000;999.000000;1.000000;1.000000;0.000000;no;none;1.000000;0.000000;*;0.000000;0.000000;*
EX_0_0201;만병통치약;1.000000;500000.000000;10000.000000;999.000000;1.000000;0.000000;0.000000;no;none;1.000000;0.000000;*;0.000000;0.000000;*
EX_0_0202;상자 교환권;1.000000;0.000000;1.000000;999.000000;1.000000;0.000000;0.000000;no;none;1.000000;1.000000;*;0.000000;0.000000;*
EX_0_0203;비니사르의 바다 진주;4.000000;30000000.000000;30000000.000000;999.000000;1.000000;0.000000;0.000000;no;none;1.000000;0.000000;*;0.000000;0.000000;*
EX_0_0204;프리미엄 코인;1.000000;0.000000;1.000000;999.000000;1.000000;1.000000;0.000000;no;get;1.000000;0.000000;*;0.000000;0.000000;*
EX_0_0205;출석 인증서;3.000000;0.000000;1.000000;99.000000;1.000000;1.000000;0.000000;no;get;1.000000;0.000000;*;0.000000;0.000000;*
EX_0_0206;콜렉션 초기화의 서;3.000000;0.000000;1.000000;999.000000;1.000000;1.000000;0.000000;no;get;1.000000;0.000000;*;0.000000;0.000000;*
EX_0_0207;콜렉션 초기화의 서(거래 가능);3.000000;0.000000;1.000000;999.000000;0.000000;1.000000;0.000000;no;none;1.000000;0.000000;*;0.000000;0.000000;*
EX_0_0208;전설 던전 정복 인증서 ;4.000000;0.000000;1.000000;999.000000;1.000000;1.000000;0.000000;no;get;0.000000;0.000000;*;0.000000;0.000000;*
EX_0_0209;레인저 파티 인증서;3.000000;0.000000;1.000000;999.000000;1.000000;1.000000;0.000000;no;get;0.000000;0.000000;*;0.000000;0.000000;*
EX_0_0210;영웅 인증서 ;3.000000;0.000000;1.000000;999.000000;1.000000;1.000000;0.000000;no;get;0.000000;0.000000;*;0.000000;0.000000;*
EX_0_0211;전설 인증서 ;4.000000;0.000000;1.000000;999.000000;1.000000;1.000000;0.000000;no;get;0.000000;0.000000;*;0.000000;0.000000;*
EX_0_0212;엘로라 방어구 교환권;4.000000;800.000000;1.000000;1.000000;1.000000;1.000000;0.000000;no;get;0.000000;0.000000;*;0.000000;0.000000;*
EX_0_0213;엘로라 장신구 교환권;4.000000;600.000000;1.000000;1.000000;1.000000;1.000000;0.000000;no;get;0.000000;0.000000;*;0.000000;0.000000;*
EX_0_0214;소잉 봉제인형 교환권;1.000000;50.000000;1.000000;1.000000;1.000000;1.000000;0.000000;no;get;0.000000;0.000000;*;0.000000;0.000000;*
EX_0_0215;훼손된 소잉 봉제인형 교환권;1.000000;1.000000;1.000000;999.000000;0.000000;1.000000;0.000000;no;none;0.000000;0.000000;Auction_560;0.000000;0.000000;*
EX_0_0216;한가위 이벤트 교환권;1.000000;1.000000;1.000000;999.000000;1.000000;1.000000;0.000000;no;get;0.000000;0.000000;*;0.000000;0.000000;*
EX_0_0217;10월 출석 인증서;3.000000;0.000000;1.000000;99.000000;1.000000;0.000000;0.000000;no;get;1.000000;0.000000;*;0.000000;0.000000;EX_0_0391
EX_0_0218;낚시 교환권;1.000000;1.000000;1.000000;99.000000;1.000000;1.000000;0.000000;no;get;0.000000;0.000000;*;3.000000;0.000000;*
EX_0_0219;할로윈 무기 코스튬 교환권;3.000000;1.000000;1.000000;99.000000;0.000000;1.000000;0.000000;no;none;0.000000;0.000000;Auction_560;0.000000;0.000000;*
EX_0_0220;1월 출석 인증서;3.000000;0.000000;1.000000;99.000000;1.000000;0.000000;0.000000;no;get;1.000000;0.000000;*;0.000000;0.000000;EX_0_0391
EX_0_0221;2월 출석 인증서;3.000000;0.000000;1.000000;99.000000;1.000000;0.000000;0.000000;no;get;1.000000;0.000000;*;0.000000;0.000000;EX_0_0391
EX_0_0222;3월 출석 인증서;3.000000;0.000000;1.000000;99.000000;1.000000;0.000000;0.000000;no;get;1.000000;0.000000;*;0.000000;0.000000;EX_0_0391
EX_0_0223;4월 출석 인증서;3.000000;0.000000;1.000000;99.000000;1.000000;0.000000;0.000000;no;get;1.000000;0.000000;*;0.000000;0.000000;EX_0_0391
EX_0_0224;5월 출석 인증서;3.000000;0.000000;1.000000;99.000000;1.000000;0.000000;0.000000;no;get;1.000000;0.000000;*;0.000000;0.000000;EX_0_0391
EX_0_0225;6월 출석 인증서;3.000000;0.000000;1.000000;99.000000;1.000000;0.000000;0.000000;no;get;1.000000;0.000000;*;0.000000;0.000000;EX_0_0391
EX_0_0226;7월 출석 인증서;3.000000;0.000000;1.000000;99.000000;1.000000;0.000000;0.000000;no;get;1.000000;0.000000;*;0.000000;0.000000;EX_0_0391
EX_0_0227;8월 출석 인증서;3.000000;0.000000;1.000000;99.000000;1.000000;0.000000;0.000000;no;get;1.000000;0.000000;*;0.000000;0.000000;EX_0_0391
EX_0_0228;9월 출석 인증서;3.000000;0.000000;1.000000;99.000000;1.000000;0.000000;0.000000;no;get;1.000000;0.000000;*;0.000000;0.000000;EX_0_0391
EX_0_0229;11월 출석 인증서;3.000000;0.000000;1.000000;99.000000;1.000000;0.000000;0.000000;no;get;1.000000;0.000000;*;0.000000;0.000000;EX_0_0391
EX_0_0230;12월 출석 인증서;3.000000;0.000000;1.000000;99.000000;1.000000;0.000000;0.000000;no;get;1.000000;0.000000;*;0.000000;0.000000;EX_0_0391
EX_0_0231;피래미;1.000000;0.000000;1.000000;9999.000000;1.000000;1.000000;0.000000;no;get;1.000000;0.000000;*;0.000000;0.000000;*
EX_0_0232;노래미;1.000000;0.000000;1.000000;9999.000000;1.000000;1.000000;0.000000;no;get;1.000000;0.000000;*;0.000000;0.000000;*
EX_0_0233;청색밴뎅이;1.000000;80.000000;1.000000;9999.000000;1.000000;1.000000;0.000000;no;get;1.000000;0.000000;*;0.000000;0.000000;*
EX_0_0234;노란밴뎅이;2.000000;240.000000;1.000000;9999.000000;1.000000;1.000000;0.000000;no;get;1.000000;0.000000;*;0.000000;0.000000;*
EX_0_0235;노란동가리;1.000000;80.000000;1.000000;9999.000000;1.000000;1.000000;0.000000;no;get;1.000000;0.000000;*;0.000000;0.000000;*
EX_0_0236;오색동가리;2.000000;240.000000;1.000000;9999.000000;1.000000;1.000000;0.000000;no;get;1.000000;0.000000;*;0.000000;0.000000;*
EX_0_0237;가리돔;1.000000;80.000000;1.000000;9999.000000;1.000000;1.000000;0.000000;no;get;1.000000;0.000000;*;0.000000;0.000000;*
EX_0_0238;청색가리돔;2.000000;240.000000;1.000000;9999.000000;1.000000;1.000000;0.000000;no;get;1.000000;0.000000;*;0.000000;0.000000;*
EX_0_0239;푸른등참치;1.000000;80.000000;1.000000;9999.000000;1.000000;1.000000;0.000000;no;get;1.000000;0.000000;*;0.000000;0.000000;*
EX_0_0240;노란등참치;2.000000;240.000000;1.000000;9999.000000;1.000000;1.000000;0.000000;no;get;1.000000;0.000000;*;0.000000;0.000000;*
EX_0_0241;PVP 인증서;1.000000;0.000000;1.000000;9999.000000;1.000000;1.000000;0.000000;no;get;1.000000;0.000000;*;0.000000;0.000000;*
EX_0_0242;통합던전 인증서;1.000000;0.000000;1.000000;9999.000000;1.000000;1.000000;0.000000;no;get;1.000000;0.000000;*;0.000000;0.000000;*
EX_0_0243;망토 교환권;1.000000;1.000000;1.000000;99.000000;1.000000;1.000000;0.000000;no;get;0.000000;0.000000;*;3.000000;0.000000;*
EX_0_0244;낚시광 인증서;3.000000;1000.000000;100.000000;9999.000000;1.000000;1.000000;0.000000;no;get;1.000000;0.000000;*;0.000000;0.000000;*
EX_0_0245;소잉 봉제인형 교환권(2차);1.000000;50.000000;1.000000;1.000000;1.000000;1.000000;0.000000;no;get;0.000000;0.000000;*;0.000000;0.000000;*
EX_0_0246;러블리 펠로우 교환권;1.000000;0.000000;1.000000;999.000000;1.000000;1.000000;0.000000;no;get;0.000000;0.000000;*;0.000000;0.000000;*
EX_0_0247;YD 코인;1.000000;0.000000;1.000000;9999.000000;1.000000;1.000000;0.000000;no;get;0.000000;0.000000;*;0.000000;0.000000;*
QU_0_0_0705;펠로우 합성 증표;1.000000;0.000000;1.000000;999.000000;1.000000;1.000000;0.000000;no;none;0.000000;0.000000;*;0.000000;0.000000;*
EX_0_0248;길드 코인;2.000000;0.000000;1.000000;9999.000000;1.000000;1.000000;0.000000;no;get;0.000000;0.000000;*;0.000000;0.000000;*
EX_0_0249;가래떡;1.000000;0.000000;1.000000;9999.000000;1.000000;1.000000;0.000000;no;get;0.000000;0.000000;*;0.000000;0.000000;*
EX_0_0250;사공의 모래시계;3.000000;200.000000;1.000000;999.000000;1.000000;1.000000;0.000000;no;get;1.000000;0.000000;*;0.000000;0.000000;*
EX_0_0251;붉은 혁명단 인증서;4.000000;2.000000;1.000000;999.000000;1.000000;1.000000;0.000000;no;get;1.000000;0.000000;*;0.000000;0.000000;*
EX_0_0252;피규어 교환권;1.000000;1.000000;1.000000;999.000000;1.000000;1.000000;0.000000;no;get;1.000000;0.000000;*;0.000000;0.000000;*
EX_10_0001;60레벨 전설 입장권;4.000000;0.000000;10.000000;999.000000;1.000000;1.000000;0.000000;no;none;1.000000;43200.000000;*;0.000000;0.000000;*
EX_10_0002;축복받은 60레벨 전설 입장권;4.000000;0.000000;90000.000000;999.000000;0.000000;0.000000;0.000000;no;none;1.000000;0.000000;Auction_560;0.000000;0.000000;*
EX_0_0253;데비의 사탕봉지;1.000000;1.000000;1.000000;999.000000;1.000000;1.000000;0.000000;no;get;1.000000;0.000000;*;0.000000;0.000000;*
EX_0_0254;2주년 기념 코인;1.000000;1.000000;1.000000;999.000000;1.000000;1.000000;0.000000;no;get;1.000000;0.000000;*;0.000000;0.000000;*
EX_0_0255;고대의 주화;3.000000;5.000000;1.000000;9999.000000;1.000000;1.000000;0.000000;no;none;0.000000;0.000000;*;0.000000;0.000000;*
EX_0_0256;2주년 소원의 구슬;1.000000;1.000000;1.000000;9999.000000;1.000000;1.000000;0.000000;no;get;0.000000;0.000000;*;0.000000;0.000000;*
EX_0_0257;2주년 토르카이 교환권;4.000000;200.000000;10.000000;1.000000;1.000000;1.000000;0.000000;no;get;0.000000;0.000000;*;0.000000;0.000000;*
EX_0_0258;펠로우 목장 주화;1.000000;1.000000;1.000000;9999.000000;1.000000;1.000000;0.000000;no;get;0.000000;0.000000;*;0.000000;0.000000;*
EX_0_0259;샤링 꿀 도장;1.000000;1.000000;1.000000;9999.000000;1.000000;1.000000;0.000000;no;get;0.000000;0.000000;*;0.000000;0.000000;*
EX_0_0260;알사스 방어구 교환권;1.000000;200.000000;1.000000;1.000000;1.000000;1.000000;0.000000;no;get;0.000000;0.000000;*;0.000000;0.000000;*
EX_0_0261;허니라잇 루나 교환권;1.000000;150.000000;1.000000;1.000000;1.000000;1.000000;0.000000;no;get;0.000000;0.000000;*;0.000000;0.000000;*
EX_0_0262;유리 구슬;1.000000;1.000000;1.000000;9999.000000;1.000000;1.000000;0.000000;no;get;0.000000;0.000000;*;0.000000;0.000000;*
EX_0_0263;피시바니 펠로우 던전 입장권;3.000000;200.000000;10.000000;1.000000;1.000000;1.000000;0.000000;no;get;1.000000;0.000000;*;0.000000;0.000000;*
EX_0_0264;홍염의 토르카이 교환권;4.000000;70.000000;10.000000;1.000000;1.000000;1.000000;0.000000;no;get;0.000000;0.000000;*;0.000000;0.000000;*
EX_0_0265;콜렉션 전설 펠로우 주문서 교환권;4.000000;50.000000;10.000000;1.000000;1.000000;1.000000;0.000000;no;get;0.000000;0.000000;*;0.000000;0.000000;*
EX_0_0266;피라니아;1.000000;240.000000;1.000000;9999.000000;1.000000;1.000000;0.000000;no;get;1.000000;0.000000;*;0.000000;0.000000;*
EX_0_0267;전기 뱀장어;2.000000;240.000000;1.000000;9999.000000;1.000000;1.000000;0.000000;no;get;1.000000;0.000000;*;0.000000;0.000000;*
EX_0_0268;식인 철갑상어;3.000000;240.000000;1.000000;9999.000000;1.000000;1.000000;0.000000;no;get;1.000000;0.000000;*;0.000000;0.000000;*
EX_0_0269;마석의 파편;4.000000;1.000000;1.000000;9999.000000;1.000000;1.000000;0.000000;no;get;1.000000;0.000000;*;0.000000;0.000000;*
EX_0_0270;알사스 방어구 교환권;1.000000;100.000000;1.000000;1.000000;1.000000;1.000000;0.000000;no;get;0.000000;0.000000;*;0.000000;0.000000;*
EX_0_0271;최고급 펠로우 행운상자II 교환권;1.000000;50.000000;1.000000;1.000000;1.000000;1.000000;0.000000;no;get;0.000000;0.000000;*;0.000000;0.000000;*
EX_0_0272;카라샤 영구 대여 교환권;1.000000;1.000000;1.000000;1.000000;1.000000;1.000000;0.000000;no;get;0.000000;0.000000;*;0.000000;0.000000;*
EX_0_0273;유령의 집 입장권;1.000000;200.000000;10.000000;999.000000;1.000000;1.000000;0.000000;no;get;1.000000;0.000000;*;0.000000;0.000000;*
EX_0_0274;유령의 집 소탕 인증서;1.000000;0.000000;10.000000;999.000000;1.000000;1.000000;0.000000;no;get;1.000000;0.000000;*;0.000000;0.000000;*
EX_0_0275;알사스 방어구 교환권;4.000000;20.000000;1.000000;1.000000;1.000000;1.000000;0.000000;no;get;0.000000;0.000000;*;0.000000;0.000000;*
EX_0_0276;펠로우: 바나나 FRY 교환권;4.000000;15.000000;1.000000;1.000000;1.000000;1.000000;0.000000;no;get;0.000000;0.000000;*;0.000000;0.000000;*
EX_0_0277;하하호호 호박에너지(30일) 교환권;2.000000;8.000000;1.000000;1.000000;1.000000;1.000000;0.000000;no;get;0.000000;0.000000;*;0.000000;0.000000;*
EX_0_0278;소망석 코인;1.000000;0.000000;10.000000;999.000000;1.000000;1.000000;0.000000;no;get;1.000000;0.000000;*;0.000000;0.000000;*
EX_0_0279;동빛 송어;1.000000;0.000000;1.000000;9999.000000;1.000000;1.000000;0.000000;no;get;1.000000;0.000000;*;0.000000;0.000000;*
EX_0_0280;은빛 송어;1.000000;0.000000;1.000000;9999.000000;1.000000;1.000000;0.000000;no;get;1.000000;0.000000;*;0.000000;0.000000;*
EX_0_0281;금빛 송어;1.000000;0.000000;1.000000;9999.000000;1.000000;1.000000;0.000000;no;get;1.000000;0.000000;*;0.000000;0.000000;*
EX_0_0282;전설 피래미;4.000000;0.000000;1.000000;9999.000000;1.000000;1.000000;0.000000;no;get;1.000000;0.000000;*;0.000000;0.000000;*
EX_0_0283;PC방 보름달;1.000000;0.000000;1.000000;9999.000000;1.000000;1.000000;0.000000;no;get;1.000000;0.000000;*;0.000000;0.000000;*
EX_0_0284;알사스 반지I 교환권;4.000000;10.000000;1.000000;1.000000;1.000000;1.000000;0.000000;no;get;1.000000;0.000000;*;0.000000;0.000000;*
EX_0_0285;알사스 반지II 교환권;4.000000;10.000000;1.000000;1.000000;1.000000;1.000000;0.000000;no;get;1.000000;0.000000;*;0.000000;0.000000;*
EX_0_0286;알사스 목걸이 교환권;4.000000;15.000000;1.000000;1.000000;1.000000;1.000000;0.000000;no;get;1.000000;0.000000;*;0.000000;0.000000;*
EX_0_0287;보름달;1.000000;1.000000;1.000000;999.000000;1.000000;1.000000;0.000000;no;get;1.000000;0.000000;*;0.000000;0.000000;*
EX_0_0288;알사스의 무기 상자 교환권;4.000000;30.000000;1.000000;1.000000;1.000000;1.000000;0.000000;no;get;0.000000;0.000000;*;0.000000;0.000000;*
EX_0_0289;알사스의 방어구 상자 교환권;4.000000;25.000000;1.000000;1.000000;1.000000;1.000000;0.000000;no;get;0.000000;0.000000;*;0.000000;0.000000;*
EX_0_0290;콜렉션용 전설 펠로우 주문서 교환권;4.000000;24.000000;1.000000;1.000000;1.000000;1.000000;0.000000;no;get;0.000000;0.000000;*;0.000000;0.000000;*
EX_0_0291;보름달 부스터(30일) 교환권;1.000000;20.000000;1.000000;1.000000;1.000000;1.000000;0.000000;no;get;0.000000;0.000000;*;0.000000;0.000000;*
EX_0_0292;이벤트용 스펙업 토큰;2.000000;1.000000;1.000000;9999.000000;1.000000;1.000000;0.000000;no;get;0.000000;0.000000;*;0.000000;0.000000;*
EX_0_0293;이벤트용 스펙업 프리미엄 토큰;3.000000;1.000000;1.000000;9999.000000;1.000000;1.000000;0.000000;no;get;0.000000;0.000000;*;0.000000;0.000000;*
EX_0_0294;알사스 교환권(투구);4.000000;1100.000000;1.000000;1.000000;1.000000;1.000000;0.000000;no;get;0.000000;0.000000;*;0.000000;0.000000;*
EX_0_0295;알사스 교환권(어깨);4.000000;1100.000000;1.000000;1.000000;1.000000;1.000000;0.000000;no;get;0.000000;0.000000;*;0.000000;0.000000;*
EX_0_0296;알사스 교환권(상의);4.000000;1100.000000;1.000000;1.000000;1.000000;1.000000;0.000000;no;get;0.000000;0.000000;*;0.000000;0.000000;*
EX_0_0297;알사스 교환권(장갑);4.000000;1100.000000;1.000000;1.000000;1.000000;1.000000;0.000000;no;get;0.000000;0.000000;*;0.000000;0.000000;*
EX_0_0298;알사스 교환권(신발);4.000000;1100.000000;1.000000;1.000000;1.000000;1.000000;0.000000;no;get;0.000000;0.000000;*;0.000000;0.000000;*
EX_0_0299;알사스 교환권(무기);4.000000;1500.000000;1.000000;1.000000;1.000000;1.000000;0.000000;no;get;0.000000;0.000000;*;0.000000;0.000000;*
EX_0_0300;텔리오 교환권(투구);4.000000;900.000000;1.000000;1.000000;1.000000;1.000000;0.000000;no;get;0.000000;0.000000;*;0.000000;0.000000;*
EX_0_0301;텔리오 교환권(어깨);4.000000;900.000000;1.000000;1.000000;1.000000;1.000000;0.000000;no;get;0.000000;0.000000;*;0.000000;0.000000;*
EX_0_0302;텔리오 교환권(상의);4.000000;900.000000;1.000000;1.000000;1.000000;1.000000;0.000000;no;get;0.000000;0.000000;*;0.000000;0.000000;*
EX_0_0303;텔리오 교환권(장갑);4.000000;900.000000;1.000000;1.000000;1.000000;1.000000;0.000000;no;get;0.000000;0.000000;*;0.000000;0.000000;*
EX_0_0304;텔리오 교환권(신발);4.000000;900.000000;1.000000;1.000000;1.000000;1.000000;0.000000;no;get;0.000000;0.000000;*;0.000000;0.000000;*
EX_0_0305;텔리오 교환권(무기);4.000000;1250.000000;1.000000;1.000000;1.000000;1.000000;0.000000;no;get;0.000000;0.000000;*;0.000000;0.000000;*
EX_0_0306;할로윈 코스튬 교환권;1.000000;1.000000;1.000000;999.000000;1.000000;1.000000;0.000000;no;get;0.000000;0.000000;*;0.000000;0.000000;*
EX_0_0307;전장의 명예 훈장;1.000000;1.000000;1.000000;999.000000;1.000000;1.000000;0.000000;no;get;0.000000;0.000000;*;0.000000;0.000000;*
EX_0_0308;나홀로 유령의 집 소탕 인증서;1.000000;0.000000;10.000000;999.000000;1.000000;1.000000;0.000000;no;get;1.000000;0.000000;*;0.000000;0.000000;*
EX_0_0309;루돌핑의 선물(30일) 교환권;2.000000;8.000000;1.000000;1.000000;1.000000;1.000000;0.000000;no;get;0.000000;0.000000;*;0.000000;0.000000;*
EX_0_0310;금색 빛의 구슬;1.000000;1.000000;1.000000;9999.000000;1.000000;1.000000;0.000000;no;get;0.000000;0.000000;*;0.000000;0.000000;*
EX_0_0311;은색 빛의 구슬;1.000000;1.000000;1.000000;9999.000000;1.000000;1.000000;0.000000;no;get;0.000000;0.000000;*;0.000000;0.000000;*
EX_0_0312;전장 주화;4.000000;1.000000;1.000000;9999.000000;1.000000;1.000000;0.000000;no;get;0.000000;0.000000;*;0.000000;0.000000;*
EX_0_0313;YD 코인;1.000000;0.000000;1.000000;9999.000000;1.000000;1.000000;0.000000;no;get;0.000000;0.000000;*;0.000000;0.000000;*
EX_0_0314;신뢰의 주화;1.000000;0.000000;1.000000;9999.000000;1.000000;1.000000;0.000000;no;get;0.000000;0.000000;*;0.000000;0.000000;*
EX_0_0315;알사스 무기 교환권;4.000000;1500.000000;1.000000;1.000000;1.000000;1.000000;0.000000;no;get;0.000000;0.000000;*;0.000000;0.000000;*
EX_0_0316;텔리오 무기 교환권;4.000000;1250.000000;1.000000;1.000000;1.000000;1.000000;0.000000;no;get;0.000000;0.000000;*;0.000000;0.000000;*
EX_0_0317;비니사르의 청금석 메달;1.000000;0.000000;1.000000;999.000000;1.000000;1.000000;0.000000;no;get;0.000000;0.000000;*;0.000000;0.000000;*
EX_0_0318;비니사르의 황금 메달;1.000000;0.000000;1.000000;999.000000;1.000000;1.000000;0.000000;no;get;0.000000;0.000000;*;0.000000;0.000000;*
EX_0_0319;투림란 전설의 인장;4.000000;0.000000;10.000000;1.000000;1.000000;1.000000;0.000000;no;none;1.000000;43200.000000;*;0.000000;0.000000;*
EX_0_0320;빛나는 투림란 전설의 인장;4.000000;0.000000;120000.000000;999.000000;0.000000;0.000000;0.000000;no;none;1.000000;0.000000;Auction_560;0.000000;0.000000;*
EX_0_0321;당근맛 물고기;4.000000;0.000000;1.000000;9999.000000;1.000000;1.000000;0.000000;no;get;1.000000;0.000000;*;0.000000;0.000000;*
EX_0_0322;자수정 조각;3.000000;0.000000;1.000000;9999.000000;0.000000;1.000000;0.000000;no;none;1.000000;0.000000;Auction_711;0.000000;0.000000;*
EX_0_0323;벨히라의 기록일지;3.000000;0.000000;1.000000;9999.000000;1.000000;1.000000;0.000000;no;get;1.000000;0.000000;*;0.000000;0.000000;*
EX_0_0324;수수께끼의 물고기;3.000000;0.000000;1.000000;9999.000000;1.000000;1.000000;0.000000;no;get;1.000000;0.000000;*;0.000000;0.000000;*
EX_0_0325;사파이어 자리돔;2.000000;0.000000;1.000000;9999.000000;1.000000;1.000000;0.000000;no;get;1.000000;0.000000;*;0.000000;0.000000;*
EX_0_0326;루비 참치;1.000000;0.000000;10000.000000;9999.000000;1.000000;0.000000;0.000000;no;get;1.000000;0.000000;*;0.000000;0.000000;*
EX_0_0327;황금 배스;3.000000;0.000000;1.000000;9999.000000;1.000000;1.000000;0.000000;no;get;1.000000;0.000000;*;0.000000;0.000000;*
EX_0_0328;등푸른 쏘가리;2.000000;0.000000;1.000000;9999.000000;1.000000;1.000000;0.000000;no;get;1.000000;0.000000;*;0.000000;0.000000;*
EX_0_0329;자연산 가물치;1.000000;0.000000;1.000000;9999.000000;1.000000;1.000000;0.000000;no;get;1.000000;0.000000;*;0.000000;0.000000;*
EX_0_0330;이카데이 프리미엄 코인;1.000000;0.000000;1.000000;9999.000000;1.000000;1.000000;0.000000;no;get;1.000000;0.000000;*;0.000000;0.000000;*
EX_0_0331;피사바니 금빛 당근 주화;1.000000;0.000000;1.000000;9999.000000;1.000000;1.000000;0.000000;no;get;1.000000;0.000000;*;0.000000;0.000000;*
EX_0_0332;멕베인 주화;4.000000;0.000000;1.000000;9999.000000;1.000000;1.000000;0.000000;no;get;1.000000;0.000000;*;0.000000;0.000000;*
EX_0_0333;생존 인증서;1.000000;0.000000;1.000000;9999.000000;1.000000;1.000000;0.000000;no;get;1.000000;0.000000;*;0.000000;0.000000;*
EX_0_0334;엘로라의 +20 장비 교환권;1.000000;1.000000;1.000000;1.000000;1.000000;1.000000;0.000000;no;get;0.000000;0.000000;*;0.000000;0.000000;*
EX_0_0335;알사스 +20 장비 교환권;1.000000;1.000000;1.000000;1.000000;1.000000;1.000000;0.000000;no;get;0.000000;0.000000;*;0.000000;0.000000;*
EX_0_0336;펠로우 이벤트 토큰;3.000000;1.000000;1.000000;9999.000000;1.000000;1.000000;0.000000;no;get;0.000000;0.000000;*;0.000000;0.000000;*
EX_0_0337;켈우즈 광산 입장권(상급);1.000000;0.000000;1.000000;1.000000;1.000000;1.000000;0.000000;no;get;1.000000;239400.000000;*;0.000000;0.000000;*
EX_0_0338;포효 광산 입장권(중급);1.000000;0.000000;1.000000;1.000000;1.000000;1.000000;0.000000;no;get;1.000000;239400.000000;*;0.000000;0.000000;*
EX_0_0339;신룡 광산 입장권(중급);1.000000;0.000000;1.000000;1.000000;1.000000;1.000000;0.000000;no;get;1.000000;239400.000000;*;0.000000;0.000000;*
EX_0_0340;크리스마스 이벤트 코인;1.000000;0.000000;1.000000;9999.000000;1.000000;1.000000;0.000000;no;get;1.000000;0.000000;*;0.000000;0.000000;*
EX_0_0341;ICA 빅! 운동회 금메달;1.000000;0.000000;1.000000;9999.000000;1.000000;1.000000;0.000000;no;get;1.000000;0.000000;*;0.000000;0.000000;*
EX_0_0342;마신 계승제작 꾸러미 교환권;7.000000;1.000000;1.000000;1.000000;1.000000;1.000000;0.000000;no;get;0.000000;0.000000;*;0.000000;0.000000;*
EX_0_0343;ICA 빅!운동회 거점전 인증서;1.000000;0.000000;1.000000;9999.000000;1.000000;1.000000;0.000000;no;get;1.000000;0.000000;*;0.000000;0.000000;*
EX_0_0344;4주년 이벤트 교환권;1.000000;0.000000;1.000000;9999.000000;1.000000;1.000000;0.000000;no;get;1.000000;0.000000;*;0.000000;0.000000;*
EX_0_0345;승리의 기운;1.000000;1.000000;1.000000;9999.000000;1.000000;1.000000;0.000000;no;get;1.000000;0.000000;*;0.000000;0.000000;*
EX_0_0346;수박 조각;1.000000;0.000000;1.000000;9999.000000;1.000000;1.000000;0.000000;no;get;1.000000;0.000000;*;0.000000;0.000000;*
EX_0_0347;칭호 연마석;1.000000;2000000000.000000;10.000000;9999.000000;1.000000;1.000000;0.000000;no;get;1.000000;0.000000;*;0.000000;0.000000;*
EX_0_0348;추석 코인;1.000000;1.000000;10000.000000;9999.000000;1.000000;0.000000;0.000000;no;get;1.000000;0.000000;*;0.000000;0.000000;*
EX_0_0349;2018 산타 양말;1.000000;0.000000;1.000000;9999.000000;1.000000;1.000000;0.000000;no;get;1.000000;0.000000;*;0.000000;0.000000;*
EX_0_0350;2018 라비스마스 비행선 입장권;1.000000;0.000000;1.000000;9999.000000;1.000000;1.000000;0.000000;no;get;1.000000;0.000000;*;0.000000;0.000000;*
EX_0_0351;2018 황금 산타 양말;2.000000;0.000000;1.000000;9999.000000;1.000000;1.000000;0.000000;no;get;1.000000;0.000000;*;0.000000;0.000000;*
EX_0_0352;도둑맞은 라비니족의 금화;1.000000;1.000000;1.000000;9999.000000;1.000000;1.000000;0.000000;no;none;0.000000;0.000000;*;0.000000;0.000000;*
EX_0_0353;부스트 연마석;1.000000;2000000000.000000;10.000000;9999.000000;1.000000;1.000000;0.000000;no;get;1.000000;0.000000;*;0.000000;0.000000;*
EX_0_0354;라비니 캔디;1.000000;0.000000;1.000000;9999.000000;1.000000;1.000000;0.000000;no;get;1.000000;0.000000;*;0.000000;0.000000;*
EX_0_0355;지역 펠로우 콜렉션 해결 증표;1.000000;0.000000;1.000000;9999.000000;1.000000;1.000000;1.000000;no;get;1.000000;0.000000;*;0.000000;0.000000;*
EX_0_0356;파티의 증표;1.000000;0.000000;1.000000;9999.000000;1.000000;1.000000;0.000000;no;get;1.000000;0.000000;*;0.000000;0.000000;*
EX_0_0357;수호의 인장;1.000000;0.000000;1.000000;9999.000000;1.000000;1.000000;0.000000;no;get;1.000000;0.000000;*;0.000000;0.000000;*
EX_0_0358;여름의 추억;1.000000;0.000000;1.000000;9999.000000;1.000000;1.000000;0.000000;no;get;1.000000;0.000000;*;0.000000;0.000000;*
EX_0_0359;라비니 썸머 코인 ;1.000000;0.000000;1.000000;9999.000000;1.000000;1.000000;0.000000;no;none;1.000000;0.000000;*;0.000000;0.000000;*
EX_0_0360;여름어 코인;1.000000;0.000000;1.000000;9999.000000;1.000000;1.000000;0.000000;no;get;1.000000;0.000000;*;0.000000;0.000000;*
EX_0_0361;동빛 여름어 코인;2.000000;0.000000;1.000000;9999.000000;1.000000;1.000000;0.000000;no;get;1.000000;0.000000;*;0.000000;0.000000;*
EX_0_0362;은빛 여름어 코인;3.000000;0.000000;1.000000;9999.000000;1.000000;1.000000;0.000000;no;get;1.000000;0.000000;*;0.000000;0.000000;*
EX_0_0363;금빛 여름어 코인;4.000000;0.000000;1.000000;9999.000000;1.000000;1.000000;0.000000;no;get;1.000000;0.000000;*;0.000000;0.000000;*
EX_0_0364;한가위 기념 주화;4.000000;0.000000;1.000000;9999.000000;1.000000;1.000000;0.000000;no;get;1.000000;0.000000;*;0.000000;0.000000;*
EX_0_0365;할로윈 호박;4.000000;0.000000;1.000000;9999.000000;1.000000;1.000000;0.000000;no;get;1.000000;0.000000;*;0.000000;0.000000;*
EX_0_0366;화이트 초콜릿;4.000000;0.000000;1.000000;9999.000000;1.000000;1.000000;0.000000;no;get;1.000000;0.000000;*;0.000000;0.000000;*
EX_0_0367;겨울의 잔해;4.000000;0.000000;1.000000;9999.000000;1.000000;1.000000;0.000000;no;get;1.000000;0.000000;*;0.000000;0.000000;*
EX_0_0368;봄의 기운;4.000000;0.000000;1.000000;9999.000000;1.000000;1.000000;0.000000;no;get;1.000000;0.000000;*;0.000000;0.000000;*
EX_0_0369;파티의 증표 (2020);1.000000;0.000000;1.000000;9999.000000;1.000000;1.000000;0.000000;no;get;1.000000;0.000000;*;0.000000;0.000000;*
EX_0_0370;여름의 추억 (2020);1.000000;0.000000;1.000000;9999.000000;1.000000;1.000000;0.000000;no;get;1.000000;0.000000;*;0.000000;0.000000;*
EX_0_0371;라비니 썸머 코인 (2020);1.000000;0.000000;1.000000;9999.000000;1.000000;1.000000;0.000000;no;get;1.000000;0.000000;*;0.000000;0.000000;*
EX_0_0372;여름어 코인 (2020);1.000000;0.000000;1.000000;9999.000000;1.000000;1.000000;0.000000;no;get;1.000000;0.000000;*;0.000000;0.000000;*
EX_0_0373;동빛 여름어 코인 (2020);2.000000;0.000000;1.000000;9999.000000;1.000000;1.000000;0.000000;no;get;1.000000;0.000000;*;0.000000;0.000000;*
EX_0_0374;은빛 여름어 코인 (2020);3.000000;0.000000;1.000000;9999.000000;1.000000;1.000000;0.000000;no;get;1.000000;0.000000;*;0.000000;0.000000;*
EX_0_0375;금빛 여름어 코인 (2020);4.000000;0.000000;1.000000;9999.000000;1.000000;1.000000;0.000000;no;get;1.000000;0.000000;*;0.000000;0.000000;*
EX_0_0376;추석 코인 (2020);1.000000;0.000000;1.000000;9999.000000;1.000000;1.000000;0.000000;no;get;1.000000;0.000000;*;0.000000;0.000000;*
EX_0_0377;꿈 코인 (2020);1.000000;0.000000;1.000000;9999.000000;1.000000;1.000000;0.000000;no;get;1.000000;0.000000;*;0.000000;0.000000;*
EX_0_0378;할로윈 쿠키;1.000000;100000.000000;100000.000000;999.000000;1.000000;0.000000;0.000000;no;none;1.000000;0.000000;*;0.000000;0.000000;*
EX_0_0379;추억의 조각;4.000000;0.000000;1.000000;9999.000000;1.000000;1.000000;0.000000;no;get;1.000000;0.000000;*;0.000000;0.000000;*
EX_0_0380;우정의 증표;4.000000;0.000000;1.000000;9999.000000;1.000000;1.000000;0.000000;no;get;1.000000;0.000000;*;0.000000;0.000000;*
EX_0_0381;따뜻한 이불이 담긴 선물;1.000000;0.000000;1.000000;9999.000000;1.000000;1.000000;0.000000;no;get;1.000000;0.000000;*;0.000000;0.000000;*
EX_0_0382;편지가 포함 된 선물;1.000000;0.000000;1.000000;9999.000000;1.000000;1.000000;0.000000;no;get;1.000000;0.000000;*;0.000000;0.000000;*
EX_0_0383;고급스러운 선물;1.000000;0.000000;1.000000;9999.000000;1.000000;1.000000;0.000000;no;get;1.000000;0.000000;*;0.000000;0.000000;*
EX_0_0384;반품 된 선물;1.000000;0.000000;1.000000;9999.000000;1.000000;1.000000;0.000000;no;get;1.000000;0.000000;*;0.000000;0.000000;*
EX_0_0385;방수 처리 된 선물;1.000000;0.000000;1.000000;9999.000000;1.000000;1.000000;0.000000;no;get;1.000000;0.000000;*;0.000000;0.000000;*
EX_0_0386;수리 도구가 든 선물;1.000000;0.000000;1.000000;9999.000000;1.000000;1.000000;0.000000;no;get;1.000000;0.000000;*;0.000000;0.000000;*
EX_0_0387;고양이 털이 묻은 선물;1.000000;0.000000;1.000000;9999.000000;1.000000;1.000000;0.000000;no;get;1.000000;0.000000;*;0.000000;0.000000;*
EX_0_0388;따스한 눈꽃;3.000000;0.000000;100000.000000;9999.000000;1.000000;0.000000;0.000000;no;get;1.000000;0.000000;*;0.000000;0.000000;*
EX_0_0389;일일 선물 배달원 인증서;2.000000;10000.000000;1.000000;9999.000000;1.000000;1.000000;0.000000;no;get;1.000000;0.000000;*;0.000000;0.000000;*
EX_0_0390;찢어진 메리 크리스마우스 결속법;4.000000;0.000000;1.000000;9999.000000;1.000000;1.000000;0.000000;no;get;1.000000;0.000000;*;0.000000;0.000000;*
EX_0_0391;출석 인증서;4.000000;0.000000;1.000000;999.000000;1.000000;1.000000;0.000000;no;get;1.000000;0.000000;*;0.000000;0.000000;*
EX_0_0392;시간의 파편 (2021_스팀펑크EV);4.000000;0.000000;100000.000000;9999.000000;1.000000;1.000000;0.000000;no;get;1.000000;0.000000;*;0.000000;0.000000;*
EX_0_0393;응축된 영혼 (2021_스팀펑크EV);4.000000;0.000000;100000.000000;9999.000000;1.000000;1.000000;0.000000;no;get;1.000000;0.000000;*;0.000000;0.000000;*
EX_0_0394;복주머니;3.000000;0.000000;1.000000;9999.000000;1.000000;1.000000;0.000000;no;get;1.000000;0.000000;*;0.000000;0.000000;*
EX_0_0395;요정의 수정;3.000000;0.000000;1.000000;9999.000000;1.000000;1.000000;0.000000;no;get;1.000000;0.000000;*;0.000000;0.000000;*
EX_0_0396;마법에 걸린 젤린;2.000000;10000.000000;1000.000000;9999.000000;1.000000;0.000000;0.000000;no;get;1.000000;0.000000;*;0.000000;0.000000;*
EX_0_0397;마법의 가루;2.000000;100000.000000;10000.000000;9999.000000;1.000000;0.000000;0.000000;no;get;1.000000;0.000000;*;0.000000;0.000000;*
EX_0_0398;시련의 증표;2.000000;10000.000000;1000.000000;9999.000000;1.000000;0.000000;0.000000;no;get;1.000000;0.000000;*;0.000000;0.000000;*
EX_0_0399;천공의 증표;4.000000;1000000.000000;1000000.000000;9999.000000;1.000000;0.000000;0.000000;no;get;1.000000;0.000000;*;0.000000;0.000000;*
EX_0_0400;행운 징표;2.000000;100000.000000;10000.000000;9999.000000;1.000000;0.000000;0.000000;no;get;1.000000;0.000000;*;0.000000;0.000000;*
EX_0_0401;축복의 행운 징표;3.000000;1000000.000000;100000.000000;9999.000000;1.000000;0.000000;0.000000;no;get;1.000000;0.000000;*;0.000000;0.000000;*
EX_0_0402;V무기 교환권;4.000000;1000000.000000;1000000.000000;9999.000000;1.000000;0.000000;0.000000;no;get;1.000000;0.000000;*;0.000000;0.000000;*
EX_0_0403;부스터 교환권;4.000000;1000000.000000;1000000.000000;9999.000000;1.000000;0.000000;0.000000;no;get;1.000000;0.000000;*;0.000000;0.000000;*
EX_0_0404;777행운의 추첨권;3.000000;0.000000;1.000000;9999.000000;1.000000;1.000000;0.000000;no;get;1.000000;0.000000;*;0.000000;0.000000;*
EX_0_0405;7의 코인;3.000000;0.000000;1.000000;9999.000000;1.000000;1.000000;0.000000;no;get;1.000000;0.000000;*;0.000000;0.000000;*
EX_0_0406;팰로우의 날 교환쿠폰;3.000000;0.000000;1.000000;9999.000000;1.000000;1.000000;0.000000;no;get;1.000000;0.000000;*;0.000000;0.000000;*
EX_0_0407;풍선의 마음;3.000000;0.000000;1.000000;9999.000000;1.000000;1.000000;0.000000;no;get;1.000000;0.000000;*;0.000000;0.000000;*
EX_1_0001;5월 무기 교환권;3.000000;0.000000;1.000000;9999.000000;1.000000;1.000000;0.000000;no;get;1.000000;0.000000;*;0.000000;0.000000;*
EX_1_0002;5월 부스터 교환권;3.000000;0.000000;1.000000;9999.000000;1.000000;1.000000;0.000000;no;get;1.000000;0.000000;*;0.000000;0.000000;*
EX_1_0003; 5월 길들이기 교환권;3.000000;0.000000;1.000000;9999.000000;1.000000;1.000000;0.000000;no;get;1.000000;0.000000;*;0.000000;0.000000;*
EX_1_0004;강화석 에센스;3.000000;0.000000;1.000000;9999.000000;1.000000;1.000000;0.000000;no;get;1.000000;0.000000;*;0.000000;0.000000;*
EX_1_0005;70레벨 보상 교환권;4.000000;1.000000;1.000000;1.000000;1.000000;1.000000;0.000000;no;get;0.000000;0.000000;*;0.000000;0.000000;*
EX_0_0408;부품 A;1.000000;0.000000;5000.000000;9999.000000;1.000000;0.000000;0.000000;no;get;1.000000;0.000000;*;0.000000;0.000000;*
EX_0_0409;부품 B;1.000000;0.000000;10000.000000;9999.000000;1.000000;0.000000;0.000000;no;get;1.000000;0.000000;*;0.000000;0.000000;*
EX_0_0410;부품 C;1.000000;0.000000;50000.000000;9999.000000;1.000000;0.000000;0.000000;no;get;1.000000;0.000000;*;0.000000;0.000000;*
EX_0_0411;스페셜 부품 A;4.000000;0.000000;10000.000000;9999.000000;0.000000;0.000000;0.000000;no;none;1.000000;0.000000;*;0.000000;0.000000;*
EX_0_0412;스페셜 부품 B;4.000000;0.000000;50000.000000;9999.000000;0.000000;0.000000;0.000000;no;none;1.000000;0.000000;*;0.000000;0.000000;*
EX_0_0413;스페셜 부품 C;4.000000;0.000000;100000.000000;9999.000000;0.000000;0.000000;0.000000;no;none;1.000000;0.000000;*;0.000000;0.000000;*
EX_1_0006;6월 부스터 교환권;2.000000;0.000000;10000.000000;1.000000;1.000000;0.000000;0.000000;no;get;1.000000;0.000000;*;0.000000;0.000000;*
EX_1_0007;6월의 로봇 투표권;2.000000;0.000000;1.000000;1.000000;1.000000;1.000000;0.000000;no;get;1.000000;0.000000;*;0.000000;0.000000;*
EX_1_0008;01호 투표 용지;2.000000;0.000000;1.000000;1.000000;1.000000;1.000000;0.000000;no;get;1.000000;0.000000;*;0.000000;0.000000;*
EX_1_0009;02호 투표 용지;2.000000;0.000000;1.000000;1.000000;1.000000;1.000000;0.000000;no;get;1.000000;0.000000;*;0.000000;0.000000;*
EX_1_0010;03호 투표 용지;2.000000;0.000000;1.000000;1.000000;1.000000;1.000000;0.000000;no;get;1.000000;0.000000;*;0.000000;0.000000;*
EX_0_0414;엔진 상자;1.000000;0.000000;1.000000;1.000000;1.000000;1.000000;0.000000;no;get;1.000000;222.000000;*;0.000000;0.000000;*
EX_0_0415;엔진 상자2;1.000000;0.000000;1.000000;1.000000;1.000000;1.000000;0.000000;no;get;1.000000;222.000000;*;0.000000;0.000000;*
EX_0_0416;회랑의 주화;2.000000;0.000000;1.000000;9999.000000;1.000000;1.000000;0.000000;no;get;1.000000;0.000000;*;0.000000;0.000000;*
EX_0_0417;영혼의 보석;1.000000;0.000000;1.000000;9999.000000;1.000000;1.000000;0.000000;no;get;1.000000;0.000000;*;0.000000;0.000000;*
EX_0_0418;여성 좀비(?)의 영혼 조각;1.000000;0.000000;1.000000;9999.000000;1.000000;1.000000;0.000000;no;get;1.000000;0.000000;*;0.000000;0.000000;*
EX_0_0419;혼;1.000000;0.000000;1.000000;9999.000000;1.000000;1.000000;0.000000;no;get;1.000000;0.000000;*;0.000000;0.000000;*
EX_0_0420;퍼니의 마법 가루;1.000000;0.000000;1.000000;9999.000000;1.000000;1.000000;0.000000;no;get;1.000000;0.000000;*;0.000000;0.000000;*
EX_0_0421;FR 코인;2.000000;0.000000;1.000000;9999.000000;1.000000;1.000000;0.000000;no;get;1.000000;0.000000;*;0.000000;0.000000;*
EX_0_0422;FR 실버코인;3.000000;0.000000;1.000000;9999.000000;1.000000;1.000000;0.000000;no;get;1.000000;0.000000;*;0.000000;0.000000;*
EX_0_0423;칼리바아고의 피;1.000000;0.000000;1.000000;9999.000000;1.000000;1.000000;0.000000;no;get;1.000000;0.000000;*;0.000000;0.000000;*
EX_0_0424;하그네스의 심장;1.000000;0.000000;1.000000;9999.000000;1.000000;1.000000;0.000000;no;get;1.000000;0.000000;*;0.000000;0.000000;*
EX_0_0425;피의 꽃잎;1.000000;0.000000;1.000000;9999.000000;1.000000;1.000000;0.000000;no;get;1.000000;0.000000;*;0.000000;0.000000;*
EX_0_0426;칼리바아고의 단서;1.000000;0.000000;1.000000;9999.000000;1.000000;1.000000;0.000000;no;get;1.000000;0.000000;*;0.000000;0.000000;*
EX_0_0427;하그네스의 편지;1.000000;0.000000;1.000000;9999.000000;1.000000;1.000000;0.000000;no;get;1.000000;0.000000;*;0.000000;0.000000;*
EX_0_0428;잃어버린 전설 1장;4.000000;0.000000;1.000000;9999.000000;1.000000;1.000000;0.000000;no;get;1.000000;0.000000;*;0.000000;0.000000;*
EX_0_0429;잃어버린 전설 2장;4.000000;0.000000;1.000000;9999.000000;1.000000;1.000000;0.000000;no;get;1.000000;0.000000;*;0.000000;0.000000;*
EX_0_0430;잃어버린 전설 3장;4.000000;0.000000;1.000000;9999.000000;1.000000;1.000000;0.000000;no;get;1.000000;0.000000;*;0.000000;0.000000;*
EX_0_0431;잃어버린 전설 4장;4.000000;0.000000;1.000000;9999.000000;1.000000;1.000000;0.000000;no;get;1.000000;0.000000;*;0.000000;0.000000;*
EX_0_0432;잃어버린 전설 5장;4.000000;0.000000;1.000000;9999.000000;1.000000;1.000000;0.000000;no;get;1.000000;0.000000;*;0.000000;0.000000;*
EX_0_0433;겨울밤 코인;3.000000;0.000000;1.000000;9999.000000;1.000000;1.000000;0.000000;no;get;1.000000;0.000000;*;0.000000;0.000000;*
EX_0_0434;무명의 탑 완료 증서;1.000000;0.000000;1.000000;9999.000000;1.000000;1.000000;0.000000;no;get;1.000000;0.000000;*;0.000000;0.000000;*
EX_0_0435;나무 조각상;1.000000;0.000000;1.000000;9999.000000;1.000000;1.000000;0.000000;no;get;1.000000;0.000000;*;0.000000;0.000000;*
EX_0_0436;장인의 나무 조각상;1.000000;0.000000;1.000000;9999.000000;1.000000;1.000000;0.000000;no;get;1.000000;0.000000;*;0.000000;0.000000;*
EX_0_0437;얼음 조각상;1.000000;0.000000;1.000000;9999.000000;1.000000;1.000000;0.000000;no;get;1.000000;0.000000;*;0.000000;0.000000;*
EX_0_0438;장인의 얼음 조각상;1.000000;0.000000;1.000000;9999.000000;1.000000;1.000000;0.000000;no;get;1.000000;0.000000;*;0.000000;0.000000;*
EX_0_0439;돌 조각상;1.000000;0.000000;1.000000;9999.000000;1.000000;1.000000;0.000000;no;get;1.000000;0.000000;*;0.000000;0.000000;*
EX_0_0440;장인의 돌 조각상;1.000000;0.000000;1.000000;9999.000000;1.000000;1.000000;0.000000;no;get;1.000000;0.000000;*;0.000000;0.000000;*
EX_0_0441;장인의 정수;1.000000;0.000000;1.000000;9999.000000;1.000000;1.000000;0.000000;no;get;1.000000;0.000000;*;0.000000;0.000000;*
EX_0_0442;정결한 불;1.000000;0.000000;1.000000;9999.000000;1.000000;1.000000;1.000000;no;get;1.000000;0.000000;*;0.000000;0.000000;*
EX_0_0443;순결한 물;1.000000;0.000000;1.000000;9999.000000;1.000000;1.000000;1.000000;no;get;1.000000;0.000000;*;0.000000;0.000000;*
EX_0_0444;정령의 바람;1.000000;0.000000;1.000000;9999.000000;1.000000;1.000000;1.000000;no;get;1.000000;0.000000;*;0.000000;0.000000;*
EX_0_0445;명암의 조각상;1.000000;0.000000;1.000000;9999.000000;1.000000;1.000000;1.000000;no;get;1.000000;0.000000;*;0.000000;0.000000;*
EX_0_0446;시종 관리직 암명장;1.000000;0.000000;1.000000;9999.000000;1.000000;1.000000;0.000000;no;get;1.000000;0.000000;*;0.000000;0.000000;*
EX_0_0447;남편 후보 순서표;1.000000;0.000000;1.000000;9999.000000;1.000000;1.000000;0.000000;no;get;1.000000;0.000000;*;0.000000;0.000000;*
EX_0_0448;준비 물품;1.000000;0.000000;1.000000;9999.000000;1.000000;1.000000;0.000000;no;get;1.000000;0.000000;*;0.000000;0.000000;*
EX_0_0449;해초;1.000000;1.000000;1.000000;9999.000000;1.000000;1.000000;0.000000;no;get;1.000000;0.000000;*;0.000000;0.000000;*
EX_0_0450;무지개 사탕의 깨진 조각 A;1.000000;1.000000;1.000000;9999.000000;1.000000;1.000000;0.000000;no;get;1.000000;0.000000;*;0.000000;0.000000;*
EX_0_0451;무지개 사탕의 깨진 조각 B;1.000000;1.000000;1.000000;9999.000000;1.000000;1.000000;0.000000;no;get;1.000000;0.000000;*;0.000000;0.000000;*
EX_0_0452;무지개 사탕의 깨진 조각 C;1.000000;1.000000;1.000000;9999.000000;1.000000;1.000000;0.000000;no;get;1.000000;0.000000;*;0.000000;0.000000;*
EX_0_0453;무지개 사탕의 깨진 조각 D;1.000000;1.000000;1.000000;9999.000000;1.000000;1.000000;0.000000;no;get;1.000000;0.000000;*;0.000000;0.000000;*
EX_0_0454;사랑의 증표;1.000000;1.000000;1.000000;9999.000000;1.000000;1.000000;0.000000;no;get;1.000000;0.000000;*;0.000000;0.000000;*
EX_0_0455;완벽한 편지;1.000000;1.000000;1.000000;9999.000000;1.000000;1.000000;0.000000;no;get;1.000000;0.000000;*;0.000000;0.000000;*
EX_0_0456;분홍색 하트;1.000000;1.000000;1.000000;9999.000000;1.000000;1.000000;0.000000;no;get;1.000000;0.000000;*;0.000000;0.000000;*
EX_0_0457;8주년 기념 코인;1.000000;1.000000;1.000000;9999.000000;1.000000;1.000000;0.000000;no;get;1.000000;0.000000;*;0.000000;0.000000;*
EX_0_0458;소화 덜 된 개발서;1.000000;1.000000;1.000000;9999.000000;1.000000;0.000000;0.000000;no;get;1.000000;0.000000;*;0.000000;0.000000;CA_RA_00_0755
EX_0_0459;미녀 투표권;1.000000;1.000000;1.000000;9999.000000;1.000000;1.000000;0.000000;no;get;1.000000;0.000000;*;0.000000;0.000000;*
EX_0_0460;우엘의 증서;1.000000;100000000.000000;1.000000;999.000000;1.000000;1.000000;0.000000;no;get;1.000000;0.000000;*;0.000000;0.000000;*
EX_0_0461;Muse 스타일 코인;1.000000;1.000000;1.000000;9999.000000;1.000000;1.000000;0.000000;no;get;1.000000;0.000000;*;0.000000;0.000000;*
EX_0_0462;Cool 스타일 코인;1.000000;1.000000;1.000000;9999.000000;1.000000;1.000000;0.000000;no;get;1.000000;0.000000;*;0.000000;0.000000;*
EX_0_0463;Passion 스타일 코인;1.000000;1.000000;1.000000;9999.000000;1.000000;1.000000;0.000000;no;get;1.000000;0.000000;*;0.000000;0.000000;*
EX_0_0464;Love 스타일 코인;1.000000;1.000000;1.000000;9999.000000;1.000000;1.000000;0.000000;no;get;1.000000;0.000000;*;0.000000;0.000000;*
EX_0_0465;Talent 스타일 코인;1.000000;1.000000;1.000000;9999.000000;1.000000;1.000000;0.000000;no;get;1.000000;0.000000;*;0.000000;0.000000;*
EX_0_0466;앙도레의 VIP 티켓;1.000000;1.000000;1.000000;9999.000000;1.000000;1.000000;0.000000;no;get;1.000000;0.000000;*;0.000000;0.000000;*
EX_0_0467;위스테리아의 분진;1.000000;1.000000;1.000000;9999.000000;1.000000;1.000000;0.000000;no;get;1.000000;0.000000;*;0.000000;0.000000;*
EX_0_0468;이카루스의 보석;1.000000;1.000000;1.000000;9999.000000;1.000000;1.000000;0.000000;no;get;1.000000;0.000000;*;0.000000;0.000000;*
EX_0_0469;염료;1.000000;1.000000;1.000000;9999.000000;1.000000;1.000000;0.000000;no;get;1.000000;0.000000;*;0.000000;0.000000;*
EX_0_0470;빈 병;1.000000;1.000000;1.000000;9999.000000;1.000000;1.000000;0.000000;no;get;1.000000;0.000000;*;0.000000;0.000000;*
EX_0_0471;큰 종이 조각;1.000000;1.000000;1.000000;9999.000000;1.000000;1.000000;0.000000;no;get;1.000000;0.000000;*;0.000000;0.000000;*
EX_0_0472;라비니 종이;1.000000;1.000000;1.000000;9999.000000;1.000000;1.000000;0.000000;no;get;1.000000;0.000000;*;0.000000;0.000000;*
EX_0_0473;별의 파편;1.000000;1.000000;1.000000;9999.000000;1.000000;1.000000;0.000000;no;get;1.000000;0.000000;*;0.000000;0.000000;*
EX_0_0474;별의 속삭임;1.000000;1.000000;1.000000;9999.000000;1.000000;1.000000;0.000000;no;get;1.000000;0.000000;*;0.000000;0.000000;*
EX_0_0475;별의 마음;1.000000;1.000000;1.000000;9999.000000;1.000000;1.000000;0.000000;no;get;1.000000;0.000000;*;0.000000;0.000000;*
EX_0_0476;Galaxy 별사탕;1.000000;1.000000;1.000000;9999.000000;1.000000;1.000000;0.000000;no;get;1.000000;0.000000;*;0.000000;0.000000;*
EX_0_0477;딜리셔스 가문의 비전 와플 레시피 북;1.000000;1.000000;1.000000;9999.000000;1.000000;1.000000;0.000000;no;get;1.000000;0.000000;*;0.000000;0.000000;*
EX_0_0478;초코 아이스크림;1.000000;1.000000;1.000000;9999.000000;1.000000;1.000000;0.000000;no;get;1.000000;0.000000;*;0.000000;0.000000;*
EX_0_0479;녹차 아이스크림;1.000000;1.000000;1.000000;9999.000000;1.000000;1.000000;0.000000;no;get;1.000000;0.000000;*;0.000000;0.000000;*
EX_0_0480;딸기 아이스크림;1.000000;1.000000;1.000000;9999.000000;1.000000;1.000000;0.000000;no;get;1.000000;0.000000;*;0.000000;0.000000;*
EX_0_0481;달콤한 토핑세트;1.000000;1.000000;1.000000;9999.000000;1.000000;1.000000;0.000000;no;get;1.000000;0.000000;*;0.000000;0.000000;*
EX_0_0482;쌉쌀한 토핑세트;1.000000;1.000000;1.000000;9999.000000;1.000000;1.000000;0.000000;no;get;1.000000;0.000000;*;0.000000;0.000000;*
EX_0_0483;상큼한 토핑세트;1.000000;1.000000;1.000000;9999.000000;1.000000;1.000000;0.000000;no;get;1.000000;0.000000;*;0.000000;0.000000;*
EX_0_0484;웰빙 요리도구;1.000000;1.000000;1.000000;9999.000000;1.000000;1.000000;0.000000;no;get;1.000000;0.000000;*;0.000000;0.000000;*
EX_0_0485;육류 요리도구;1.000000;1.000000;1.000000;9999.000000;1.000000;1.000000;0.000000;no;get;1.000000;0.000000;*;0.000000;0.000000;*
EX_0_0486;보름달이 깃든 국자;1.000000;1.000000;1.000000;9999.000000;1.000000;1.000000;0.000000;no;get;1.000000;0.000000;*;0.000000;0.000000;*
EX_0_0487;달무리 버섯;1.000000;1.000000;1.000000;9999.000000;1.000000;1.000000;0.000000;no;get;1.000000;0.000000;*;0.000000;0.000000;*
EX_0_0488;달무리 뱀고기;1.000000;1.000000;1.000000;9999.000000;1.000000;1.000000;0.000000;no;get;1.000000;0.000000;*;0.000000;0.000000;*
EX_0_0489;천년 묵은 향초;1.000000;1.000000;1.000000;9999.000000;1.000000;1.000000;0.000000;no;get;1.000000;0.000000;*;0.000000;0.000000;*
EX_0_0490;요리대가의 향신료;1.000000;1.000000;1.000000;9999.000000;1.000000;1.000000;1.000000;no;get;1.000000;0.000000;*;0.000000;0.000000;*
EX_0_0491;보름달 의 기운;1.000000;1.000000;1.000000;9999.000000;1.000000;1.000000;0.000000;no;get;1.000000;0.000000;*;0.000000;0.000000;*
EX_0_0492;퍼니가 택한 고기;1.000000;1.000000;1.000000;9999.000000;1.000000;1.000000;0.000000;no;get;1.000000;0.000000;*;0.000000;0.000000;*
EX_0_0493;주방장퍼니의 편지;1.000000;1.000000;1.000000;9999.000000;1.000000;1.000000;0.000000;no;get;1.000000;0.000000;*;0.000000;0.000000;*
EX_0_0494;고스탱 증표;1.000000;1.000000;1.000000;9999.000000;1.000000;1.000000;0.000000;no;get;1.000000;0.000000;*;0.000000;0.000000;*
EX_0_0495;할로윈 증표;1.000000;1.000000;1.000000;9999.000000;1.000000;1.000000;0.000000;no;get;1.000000;0.000000;*;0.000000;0.000000;*
EX_0_0496;악령의식의 서;1.000000;1.000000;1.000000;9999.000000;1.000000;1.000000;0.000000;no;get;1.000000;0.000000;*;0.000000;0.000000;*
EX_0_0497;수호령의 힘조각;1.000000;1.000000;1.000000;9999.000000;1.000000;1.000000;0.000000;no;get;1.000000;0.000000;*;0.000000;0.000000;*
EX_0_0498;고스탱 수호지령;1.000000;1.000000;1.000000;9999.000000;1.000000;1.000000;0.000000;no;get;1.000000;0.000000;*;0.000000;0.000000;*
EX_0_0499;고스탱 퇴마지령 ;1.000000;1.000000;1.000000;9999.000000;1.000000;1.000000;0.000000;no;get;1.000000;0.000000;*;0.000000;0.000000;*
EX_0_0500;할로윈 포장봉투;1.000000;1.000000;1.000000;9999.000000;1.000000;1.000000;0.000000;no;get;1.000000;0.000000;*;0.000000;0.000000;*
EX_0_0501;할로윈 사탕;1.000000;1.000000;1.000000;9999.000000;1.000000;1.000000;0.000000;no;get;1.000000;0.000000;*;0.000000;0.000000;*
EX_0_0502;할로윈 호박엿;1.000000;1.000000;1.000000;9999.000000;1.000000;1.000000;0.000000;no;get;1.000000;0.000000;*;0.000000;0.000000;*
EX_0_0503;할로윈 초콜릿;1.000000;1.000000;1.000000;9999.000000;1.000000;1.000000;0.000000;no;get;1.000000;0.000000;*;0.000000;0.000000;*
EX_0_0504;할로윈 포장꾸러미;1.000000;1.000000;1.000000;9999.000000;1.000000;1.000000;0.000000;no;get;1.000000;0.000000;*;0.000000;0.000000;*
EX_0_0505;마스터 콜텍터 주화;1.000000;1.000000;1.000000;9999.000000;1.000000;1.000000;0.000000;no;get;1.000000;0.000000;*;0.000000;0.000000;*
EX_0_0506;크리스마스 꼬깔모자;1.000000;1.000000;1.000000;9999.000000;1.000000;1.000000;0.000000;no;get;1.000000;0.000000;*;0.000000;0.000000;*
EX_0_0507;트리 제작 키트;1.000000;1.000000;1.000000;9999.000000;1.000000;1.000000;0.000000;no;get;1.000000;0.000000;*;0.000000;0.000000;*
EX_0_0508;포장된 곰인형;1.000000;1.000000;1.000000;9999.000000;1.000000;1.000000;0.000000;no;get;1.000000;0.000000;*;0.000000;0.000000;*
EX_0_0509;코바늘 키트;1.000000;1.000000;1.000000;9999.000000;1.000000;1.000000;0.000000;no;get;1.000000;0.000000;*;0.000000;0.000000;*
EX_0_0510;장식용 트리;1.000000;1.000000;1.000000;9999.000000;1.000000;1.000000;0.000000;no;get;1.000000;0.000000;*;0.000000;0.000000;*
EX_0_0511;곰인형 ;1.000000;1.000000;1.000000;9999.000000;1.000000;1.000000;0.000000;no;get;1.000000;0.000000;*;0.000000;0.000000;*
EX_0_0512;신선한 우유 ;1.000000;10000.000000;1.000000;1.000000;1.000000;1.000000;0.000000;no;get;1.000000;60.000000;*;0.000000;0.000000;*
EX_0_0513;예티의 사랑;1.000000;1.000000;1.000000;9999.000000;1.000000;1.000000;0.000000;no;get;1.000000;0.000000;*;0.000000;0.000000;*
EX_0_0514;크리스마스 티켓 ;1.000000;1.000000;1.000000;9999.000000;1.000000;1.000000;0.000000;no;get;1.000000;0.000000;*;0.000000;0.000000;*
EX_0_0515;빼앗긴 선물보따리;1.000000;1.000000;1.000000;9999.000000;1.000000;1.000000;0.000000;no;get;1.000000;0.000000;*;0.000000;0.000000;*
EX_0_0516;촉촉한 찹쌀;1.000000;1.000000;1.000000;9999.000000;1.000000;1.000000;0.000000;no;get;1.000000;0.000000;*;0.000000;0.000000;*
EX_0_0517;페어리펄의 깃털;3.000000;1.000000;1.000000;1.000000;1.000000;1.000000;0.000000;no;get;1.000000;3000.000000;*;0.000000;0.000000;*
EX_0_0518;복숭아 사료;1.000000;1.000000;1.000000;9999.000000;1.000000;1.000000;0.000000;no;get;1.000000;0.000000;*;0.000000;0.000000;*
EX_0_0519;블루베리 사료;1.000000;1.000000;1.000000;9999.000000;1.000000;1.000000;0.000000;no;get;1.000000;0.000000;*;0.000000;0.000000;*
EX_0_0520;녹차잎 사료;1.000000;1.000000;1.000000;9999.000000;1.000000;1.000000;0.000000;no;get;1.000000;0.000000;*;0.000000;0.000000;*
EX_0_0521;켈리의 실험약;1.000000;1.000000;2.000000;9999.000000;1.000000;0.000000;0.000000;no;get;1.000000;0.000000;*;0.000000;0.000000;EX_0_0523
EX_0_0522;켈리의 고농축 신약;1.000000;1.000000;1.000000;9999.000000;1.000000;1.000000;0.000000;no;get;1.000000;0.000000;*;0.000000;0.000000;*
EX_0_0523;떡토끼 코인;1.000000;1.000000;1.000000;9999.000000;1.000000;1.000000;0.000000;no;get;1.000000;0.000000;*;0.000000;0.000000;*
EX_0_0524;떡토끼 영양꿀떡;1.000000;1.000000;1.000000;9999.000000;1.000000;1.000000;0.000000;no;get;1.000000;0.000000;*;0.000000;0.000000;*
EX_0_0525;달달한 벌꿀;1.000000;1.000000;1.000000;9999.000000;1.000000;1.000000;0.000000;no;get;1.000000;0.000000;*;0.000000;0.000000;*
EX_0_0526;출석 인증서(글로벌에서만 쓰는 아이템);1.000000;1.000000;1.000000;9999.000000;1.000000;1.000000;0.000000;no;get;1.000000;0.000000;*;0.000000;0.000000;*
EX_0_0527;기억의 파편;1.000000;1.000000;1.000000;9999.000000;1.000000;1.000000;0.000000;no;get;1.000000;0.000000;*;0.000000;0.000000;*
EX_0_0528;추억 의뢰서;1.000000;1.000000;1.000000;9999.000000;1.000000;1.000000;0.000000;no;get;1.000000;0.000000;*;0.000000;0.000000;*
EX_0_0529;추억의 사진첩;1.000000;1.000000;1.000000;9999.000000;1.000000;1.000000;0.000000;no;get;1.000000;0.000000;*;0.000000;0.000000;*
EX_0_0530;넬이 남긴 쪽지;1.000000;1.000000;1.000000;9999.000000;1.000000;0.000000;0.000000;no;get;1.000000;0.000000;*;0.000000;0.000000;EX_0_0527
EX_0_0531;블라썸 코인;1.000000;1.000000;1.000000;9999.000000;1.000000;1.000000;0.000000;no;get;1.000000;0.000000;*;0.000000;0.000000;*
EX_0_0532;타파이트 조각;1.000000;1.000000;1.000000;9999.000000;1.000000;1.000000;0.000000;no;get;1.000000;0.000000;*;0.000000;0.000000;*
EX_0_0533;뷰티의 백색 눈물결정;1.000000;1.000000;1.000000;9999.000000;1.000000;1.000000;0.000000;no;get;1.000000;0.000000;*;0.000000;0.000000;*
EX_0_0534;뷰티의 분홍 눈물결정;1.000000;1.000000;1.000000;9999.000000;1.000000;1.000000;0.000000;no;get;1.000000;0.000000;*;0.000000;0.000000;*
EX_0_0535;타파이트 끈;1.000000;1.000000;1.000000;9999.000000;1.000000;1.000000;0.000000;no;get;1.000000;0.000000;*;0.000000;0.000000;*
