t_id;t_이름;개발용;요구레벨;제한레벨;아이템레벨;t_사용클래스;등급;t_펠로우장착타입;내구도;매입가;처분가;maxepplus;t_장착효과1;t_장착효과2;t_장착효과3;t_장착효과4;t_가변 항목1;가변 항목 최소1;가변 항목 최대1;t_가변 항목2;가변 항목 최소2;가변 항목 최대2;드랍불가;거래불능;처분불능;파괴불능;t_드랍시레벨검사;t_귀속;t_귀속대상;귀속해제횟수;t_사용제한;염색여부;t_판매대행분류;사용기간;contentslevel;통합채널사용불가;equipcondition
fq_01_fk_0001;평범한 신룡의 발톱;0.000000;10.000000;0.000000;10.000000;GD_WR_TF_AC_WZ_PR_DO_MG;1.000000;fk;30.000000;437.000000;88.000000;10.000000;(무기물리공격력%,5);*;*;*;*;0.000000;0.000000;*;0.000000;0.000000;0.000000;0.000000;0.000000;0.000000;req;get;ch;0.000000;*;0.000000;Auction_800;0.000000;10.000000;0.000000;0.000000
fq_01_sl_0001;평범한 신룡의 안장;0.000000;10.000000;0.000000;10.000000;GD_WR_TF_AC_WZ_PR_DO_MG;1.000000;sl;30.000000;514.000000;103.000000;10.000000;(무기물리방어력%,5);*;*;*;*;0.000000;0.000000;*;0.000000;0.000000;0.000000;0.000000;0.000000;0.000000;req;get;ch;0.000000;*;0.000000;Auction_801;0.000000;10.000000;0.000000;0.000000
fq_01_ar_0001;평범한 신룡의 영혼석;0.000000;10.000000;0.000000;10.000000;GD_WR_TF_AC_WZ_PR_DO_MG;1.000000;ar;30.000000;309.000000;62.000000;10.000000;(이동속도%,3);*;*;*;*;0.000000;0.000000;*;0.000000;0.000000;0.000000;0.000000;0.000000;0.000000;req;get;ch;0.000000;*;0.000000;Auction_802;0.000000;10.000000;0.000000;0.000000
fq_02_fk_0001;뛰어난 신룡의 발톱;0.000000;10.000000;0.000000;10.000000;GD_WR_TF_AC_WZ_PR_DO_MG;2.000000;fk;30.000000;437.000000;88.000000;10.000000;(무기물리공격력%,5);(무기극대화확률+,3);*;*;*;0.000000;0.000000;*;0.000000;0.000000;0.000000;0.000000;0.000000;0.000000;req;get;ch;0.000000;*;0.000000;Auction_800;0.000000;10.000000;0.000000;0.000000
fq_02_sl_0001;뛰어난 신룡의 안장;0.000000;10.000000;0.000000;10.000000;GD_WR_TF_AC_WZ_PR_DO_MG;2.000000;sl;30.000000;514.000000;103.000000;10.000000;(무기물리방어력%,5);(최대HP%,10);*;*;*;0.000000;0.000000;*;0.000000;0.000000;0.000000;0.000000;0.000000;0.000000;req;get;ch;0.000000;*;0.000000;Auction_801;0.000000;10.000000;0.000000;0.000000
fq_02_ar_0001;뛰어난 신룡의 영혼석;0.000000;10.000000;0.000000;10.000000;GD_WR_TF_AC_WZ_PR_DO_MG;2.000000;ar;30.000000;309.000000;62.000000;10.000000;(이동속도%,3);(최대EP%,5);*;*;*;0.000000;0.000000;*;0.000000;0.000000;0.000000;0.000000;0.000000;0.000000;req;get;ch;0.000000;*;0.000000;Auction_802;0.000000;10.000000;0.000000;0.000000
fq_03_fk_0001;희귀한 신룡의 발톱;0.000000;10.000000;0.000000;10.000000;GD_WR_TF_AC_WZ_PR_DO_MG;3.000000;fk;30.000000;437.000000;88.000000;10.000000;(무기물리공격력%,5);(무기극대화확률+,3);(무기극대력+,80);*;*;0.000000;0.000000;*;0.000000;0.000000;0.000000;0.000000;0.000000;0.000000;req;get;ch;0.000000;*;0.000000;Auction_800;0.000000;10.000000;0.000000;0.000000
fq_03_sl_0001;희귀한 신룡의 안장;0.000000;10.000000;0.000000;10.000000;GD_WR_TF_AC_WZ_PR_DO_MG;3.000000;sl;30.000000;514.000000;103.000000;10.000000;(무기물리방어력%,5);(최대HP%,10);(회피율+,3);*;*;0.000000;0.000000;*;0.000000;0.000000;0.000000;0.000000;0.000000;0.000000;req;get;ch;0.000000;*;0.000000;Auction_801;0.000000;10.000000;0.000000;0.000000
fq_03_ar_0001;희귀한 신룡의 영혼석;0.000000;10.000000;0.000000;10.000000;GD_WR_TF_AC_WZ_PR_DO_MG;3.000000;ar;30.000000;309.000000;62.000000;10.000000;(이동속도%,3);(최대EP%,5);(쿨타임%,-5);*;*;0.000000;0.000000;*;0.000000;0.000000;0.000000;0.000000;0.000000;0.000000;req;get;ch;0.000000;*;0.000000;Auction_802;0.000000;10.000000;0.000000;0.000000
fq_01_fk_0002;평범한 정령의 발톱;0.000000;15.000000;0.000000;15.000000;GD_WR_TF_AC_WZ_PR_DO_MG;1.000000;fk;30.000000;874.000000;175.000000;15.000000;(무기물리공격력%,10);*;*;*;*;0.000000;0.000000;*;0.000000;0.000000;0.000000;0.000000;0.000000;0.000000;req;get;ch;0.000000;*;0.000000;Auction_800;0.000000;15.000000;0.000000;0.000000
fq_01_sl_0002;평범한 정령의 안장;0.000000;15.000000;0.000000;15.000000;GD_WR_TF_AC_WZ_PR_DO_MG;1.000000;sl;30.000000;1028.000000;206.000000;15.000000;(무기물리방어력%,10);*;*;*;*;0.000000;0.000000;*;0.000000;0.000000;0.000000;0.000000;0.000000;0.000000;req;get;ch;0.000000;*;0.000000;Auction_801;0.000000;15.000000;0.000000;0.000000
fq_01_ar_0002;평범한 정령의 영혼석;0.000000;15.000000;0.000000;15.000000;GD_WR_TF_AC_WZ_PR_DO_MG;1.000000;ar;30.000000;617.000000;124.000000;15.000000;(이동속도%,6);*;*;*;*;0.000000;0.000000;*;0.000000;0.000000;0.000000;0.000000;0.000000;0.000000;req;get;ch;0.000000;*;0.000000;Auction_802;0.000000;15.000000;0.000000;0.000000
fq_02_fk_0002;뛰어난 정령의 발톱;0.000000;15.000000;0.000000;15.000000;GD_WR_TF_AC_WZ_PR_DO_MG;2.000000;fk;30.000000;874.000000;175.000000;15.000000;(무기물리공격력%,10);(무기극대화확률+,5);*;*;*;0.000000;0.000000;*;0.000000;0.000000;0.000000;0.000000;0.000000;0.000000;req;get;ch;0.000000;*;0.000000;Auction_800;0.000000;15.000000;0.000000;0.000000
fq_02_sl_0002;뛰어난 정령의 안장;0.000000;15.000000;0.000000;15.000000;GD_WR_TF_AC_WZ_PR_DO_MG;2.000000;sl;30.000000;1028.000000;206.000000;15.000000;(무기물리방어력%,10);(최대HP%,15);*;*;*;0.000000;0.000000;*;0.000000;0.000000;0.000000;0.000000;0.000000;0.000000;req;get;ch;0.000000;*;0.000000;Auction_801;0.000000;15.000000;0.000000;0.000000
fq_02_ar_0002;뛰어난 정령의 영혼석;0.000000;15.000000;0.000000;15.000000;GD_WR_TF_AC_WZ_PR_DO_MG;2.000000;ar;30.000000;617.000000;124.000000;15.000000;(이동속도%,6);(최대EP%,10);*;*;*;0.000000;0.000000;*;0.000000;0.000000;0.000000;0.000000;0.000000;0.000000;req;get;ch;0.000000;*;0.000000;Auction_802;0.000000;15.000000;0.000000;0.000000
fq_03_fk_0002;희귀한 정령의 발톱;0.000000;15.000000;0.000000;15.000000;GD_WR_TF_AC_WZ_PR_DO_MG;3.000000;fk;30.000000;874.000000;175.000000;15.000000;(무기물리공격력%,10);(무기극대화확률+,5);(무기극대력+,120);*;*;0.000000;0.000000;*;0.000000;0.000000;0.000000;0.000000;0.000000;0.000000;req;get;ch;0.000000;*;0.000000;Auction_800;0.000000;15.000000;0.000000;0.000000
fq_03_sl_0002;희귀한 정령의 안장;0.000000;15.000000;0.000000;15.000000;GD_WR_TF_AC_WZ_PR_DO_MG;3.000000;sl;30.000000;1028.000000;206.000000;15.000000;(무기물리방어력%,10);(최대HP%,15);(회피율+,5);*;*;0.000000;0.000000;*;0.000000;0.000000;0.000000;0.000000;0.000000;0.000000;req;get;ch;0.000000;*;0.000000;Auction_801;0.000000;15.000000;0.000000;0.000000
fq_03_ar_0002;희귀한 정령의 영혼석;0.000000;15.000000;0.000000;15.000000;GD_WR_TF_AC_WZ_PR_DO_MG;3.000000;ar;30.000000;617.000000;124.000000;15.000000;(이동속도%,6);(최대EP%,10);(쿨타임%,-7);*;*;0.000000;0.000000;*;0.000000;0.000000;0.000000;0.000000;0.000000;0.000000;req;get;ch;0.000000;*;0.000000;Auction_802;0.000000;15.000000;0.000000;0.000000
fq_01_fk_0003;평범한 수호의 발톱;0.000000;20.000000;0.000000;20.000000;GD_WR_TF_AC_WZ_PR_DO_MG;1.000000;fk;30.000000;2301.000000;461.000000;20.000000;(무기물리공격력%,15);*;*;*;*;0.000000;0.000000;*;0.000000;0.000000;0.000000;0.000000;0.000000;0.000000;req;get;ch;0.000000;*;0.000000;Auction_800;0.000000;20.000000;0.000000;0.000000
fq_01_sl_0003;평범한 수호의 안장;0.000000;20.000000;0.000000;20.000000;GD_WR_TF_AC_WZ_PR_DO_MG;1.000000;sl;30.000000;2707.000000;542.000000;20.000000;(무기물리방어력%,15);*;*;*;*;0.000000;0.000000;*;0.000000;0.000000;0.000000;0.000000;0.000000;0.000000;req;get;ch;0.000000;*;0.000000;Auction_801;0.000000;20.000000;0.000000;0.000000
fq_01_ar_0003;평범한 수호의 영혼석;0.000000;20.000000;0.000000;20.000000;GD_WR_TF_AC_WZ_PR_DO_MG;1.000000;ar;30.000000;1625.000000;325.000000;20.000000;(이동속도%,9);*;*;*;*;0.000000;0.000000;*;0.000000;0.000000;0.000000;0.000000;0.000000;0.000000;req;get;ch;0.000000;*;0.000000;Auction_802;0.000000;20.000000;0.000000;0.000000
fq_02_fk_0003;뛰어난 수호의 발톱;0.000000;20.000000;0.000000;20.000000;GD_WR_TF_AC_WZ_PR_DO_MG;2.000000;fk;30.000000;2301.000000;461.000000;20.000000;(무기물리공격력%,15);(무기극대화확률+,7);*;*;*;0.000000;0.000000;*;0.000000;0.000000;0.000000;0.000000;0.000000;0.000000;req;get;ch;0.000000;*;0.000000;Auction_800;0.000000;20.000000;0.000000;0.000000
fq_02_sl_0003;뛰어난 수호의 안장;0.000000;20.000000;0.000000;20.000000;GD_WR_TF_AC_WZ_PR_DO_MG;2.000000;sl;30.000000;2707.000000;542.000000;20.000000;(무기물리방어력%,15);(최대HP%,20);*;*;*;0.000000;0.000000;*;0.000000;0.000000;0.000000;0.000000;0.000000;0.000000;req;get;ch;0.000000;*;0.000000;Auction_801;0.000000;20.000000;0.000000;0.000000
fq_02_ar_0003;뛰어난 수호의 영혼석;0.000000;20.000000;0.000000;20.000000;GD_WR_TF_AC_WZ_PR_DO_MG;2.000000;ar;30.000000;1625.000000;325.000000;20.000000;(이동속도%,9);(최대EP%,15);*;*;*;0.000000;0.000000;*;0.000000;0.000000;0.000000;0.000000;0.000000;0.000000;req;get;ch;0.000000;*;0.000000;Auction_802;0.000000;20.000000;0.000000;0.000000
fq_03_fk_0003;희귀한 수호의 발톱;0.000000;20.000000;0.000000;20.000000;GD_WR_TF_AC_WZ_PR_DO_MG;3.000000;fk;30.000000;2301.000000;461.000000;20.000000;(무기물리공격력%,15);(무기극대화확률+,7);(무기극대력+,160);*;*;0.000000;0.000000;*;0.000000;0.000000;0.000000;0.000000;0.000000;0.000000;req;get;ch;0.000000;*;0.000000;Auction_800;0.000000;20.000000;0.000000;0.000000
fq_03_sl_0003;희귀한 수호의 안장;0.000000;20.000000;0.000000;20.000000;GD_WR_TF_AC_WZ_PR_DO_MG;3.000000;sl;30.000000;2707.000000;542.000000;20.000000;(무기물리방어력%,15);(최대HP%,20);(회피율+,7);*;*;0.000000;0.000000;*;0.000000;0.000000;0.000000;0.000000;0.000000;0.000000;req;get;ch;0.000000;*;0.000000;Auction_801;0.000000;20.000000;0.000000;0.000000
fq_03_ar_0003;희귀한 수호의 영혼석;0.000000;20.000000;0.000000;20.000000;GD_WR_TF_AC_WZ_PR_DO_MG;3.000000;ar;30.000000;1625.000000;325.000000;20.000000;(이동속도%,9);(최대EP%,15);(쿨타임%,-10);*;*;0.000000;0.000000;*;0.000000;0.000000;0.000000;0.000000;0.000000;0.000000;req;get;ch;0.000000;*;0.000000;Auction_802;0.000000;20.000000;0.000000;0.000000
fq_01_fk_0004;평범한 축복받은 발톱;0.000000;25.000000;0.000000;25.000000;GD_WR_TF_AC_WZ_PR_DO_MG;1.000000;fk;30.000000;5159.000000;1032.000000;30.000000;(무기물리공격력%,20);*;*;*;*;0.000000;0.000000;*;0.000000;0.000000;0.000000;0.000000;0.000000;0.000000;req;get;ch;0.000000;*;0.000000;Auction_800;0.000000;25.000000;0.000000;0.000000
fq_01_sl_0004;평범한 축복받은 안장;0.000000;25.000000;0.000000;25.000000;GD_WR_TF_AC_WZ_PR_DO_MG;1.000000;sl;30.000000;6069.000000;1214.000000;30.000000;(무기물리방어력%,20);*;*;*;*;0.000000;0.000000;*;0.000000;0.000000;0.000000;0.000000;0.000000;0.000000;req;get;ch;0.000000;*;0.000000;Auction_801;0.000000;25.000000;0.000000;0.000000
fq_01_ar_0004;평범한 축복받은 영혼석;0.000000;25.000000;0.000000;25.000000;GD_WR_TF_AC_WZ_PR_DO_MG;1.000000;ar;30.000000;3642.000000;729.000000;30.000000;(이동속도%,12);*;*;*;*;0.000000;0.000000;*;0.000000;0.000000;0.000000;0.000000;0.000000;0.000000;req;get;ch;0.000000;*;0.000000;Auction_802;0.000000;25.000000;0.000000;0.000000
fq_02_fk_0004;뛰어난 축복받은 발톱;0.000000;25.000000;0.000000;25.000000;GD_WR_TF_AC_WZ_PR_DO_MG;2.000000;fk;30.000000;5159.000000;1032.000000;30.000000;(무기물리공격력%,20);(무기극대화확률+,10);*;*;*;0.000000;0.000000;*;0.000000;0.000000;0.000000;0.000000;0.000000;0.000000;req;get;ch;0.000000;*;0.000000;Auction_800;0.000000;25.000000;0.000000;0.000000
fq_02_sl_0004;뛰어난 축복받은 안장;0.000000;25.000000;0.000000;25.000000;GD_WR_TF_AC_WZ_PR_DO_MG;2.000000;sl;30.000000;6069.000000;1214.000000;30.000000;(무기물리방어력%,20);(최대HP%,25);*;*;*;0.000000;0.000000;*;0.000000;0.000000;0.000000;0.000000;0.000000;0.000000;req;get;ch;0.000000;*;0.000000;Auction_801;0.000000;25.000000;0.000000;0.000000
fq_02_ar_0004;뛰어난 축복받은 영혼석;0.000000;25.000000;0.000000;25.000000;GD_WR_TF_AC_WZ_PR_DO_MG;2.000000;ar;30.000000;3642.000000;729.000000;30.000000;(이동속도%,12);(최대EP%,20);*;*;*;0.000000;0.000000;*;0.000000;0.000000;0.000000;0.000000;0.000000;0.000000;req;get;ch;0.000000;*;0.000000;Auction_802;0.000000;25.000000;0.000000;0.000000
fq_03_fk_0004;희귀한 축복받은 발톱;0.000000;25.000000;0.000000;25.000000;GD_WR_TF_AC_WZ_PR_DO_MG;3.000000;fk;30.000000;5159.000000;1032.000000;30.000000;(무기물리공격력%,20);(무기극대화확률+,10);(무기극대력+,200);*;*;0.000000;0.000000;*;0.000000;0.000000;0.000000;0.000000;0.000000;0.000000;req;get;ch;0.000000;*;0.000000;Auction_800;0.000000;25.000000;0.000000;0.000000
fq_03_sl_0004;희귀한 축복받은 안장;0.000000;25.000000;0.000000;25.000000;GD_WR_TF_AC_WZ_PR_DO_MG;3.000000;sl;30.000000;6069.000000;1214.000000;30.000000;(무기물리방어력%,20);(최대HP%,25);(회피율+,9);*;*;0.000000;0.000000;*;0.000000;0.000000;0.000000;0.000000;0.000000;0.000000;req;get;ch;0.000000;*;0.000000;Auction_801;0.000000;25.000000;0.000000;0.000000
fq_03_ar_0004;희귀한 축복받은 영혼석;0.000000;25.000000;0.000000;25.000000;GD_WR_TF_AC_WZ_PR_DO_MG;3.000000;ar;30.000000;3642.000000;729.000000;30.000000;(이동속도%,12);(최대EP%,20);(쿨타임%,-13);*;*;0.000000;0.000000;*;0.000000;0.000000;0.000000;0.000000;0.000000;0.000000;req;get;ch;0.000000;*;0.000000;Auction_802;0.000000;25.000000;0.000000;0.000000
fq_01_fk_0005;평범한 저주받은 발톱;0.000000;30.000000;0.000000;30.000000;GD_WR_TF_AC_WZ_PR_DO_MG;1.000000;fk;30.000000;8393.000000;1679.000000;40.000000;(무기물리공격력%,25);*;*;*;*;0.000000;0.000000;*;0.000000;0.000000;0.000000;0.000000;0.000000;0.000000;req;get;ch;0.000000;*;0.000000;Auction_800;0.000000;30.000000;0.000000;0.000000
fq_01_sl_0005;평범한 저주받은 안장;0.000000;30.000000;0.000000;30.000000;GD_WR_TF_AC_WZ_PR_DO_MG;1.000000;sl;30.000000;9874.000000;1975.000000;40.000000;(무기물리방어력%,25);*;*;*;*;0.000000;0.000000;*;0.000000;0.000000;0.000000;0.000000;0.000000;0.000000;req;get;ch;0.000000;*;0.000000;Auction_801;0.000000;30.000000;0.000000;0.000000
fq_01_ar_0005;평범한 저주받은 영혼석;0.000000;30.000000;0.000000;30.000000;GD_WR_TF_AC_WZ_PR_DO_MG;1.000000;ar;30.000000;5924.000000;1185.000000;40.000000;(이동속도%,15);*;*;*;*;0.000000;0.000000;*;0.000000;0.000000;0.000000;0.000000;0.000000;0.000000;req;get;ch;0.000000;*;0.000000;Auction_802;0.000000;30.000000;0.000000;0.000000
fq_02_fk_0005;뛰어난 저주받은 발톱;0.000000;30.000000;0.000000;30.000000;GD_WR_TF_AC_WZ_PR_DO_MG;2.000000;fk;30.000000;8393.000000;1679.000000;40.000000;(무기물리공격력%,25);(무기극대화확률+,13);*;*;*;0.000000;0.000000;*;0.000000;0.000000;0.000000;0.000000;0.000000;0.000000;req;get;ch;0.000000;*;0.000000;Auction_800;0.000000;30.000000;0.000000;0.000000
fq_02_sl_0005;뛰어난 저주받은 안장;0.000000;30.000000;0.000000;30.000000;GD_WR_TF_AC_WZ_PR_DO_MG;2.000000;sl;30.000000;9874.000000;1975.000000;40.000000;(무기물리방어력%,25);(최대HP%,30);*;*;*;0.000000;0.000000;*;0.000000;0.000000;0.000000;0.000000;0.000000;0.000000;req;get;ch;0.000000;*;0.000000;Auction_801;0.000000;30.000000;0.000000;0.000000
fq_02_ar_0005;뛰어난 저주받은 영혼석;0.000000;30.000000;0.000000;30.000000;GD_WR_TF_AC_WZ_PR_DO_MG;2.000000;ar;30.000000;5924.000000;1185.000000;40.000000;(이동속도%,15);(최대EP%,25);*;*;*;0.000000;0.000000;*;0.000000;0.000000;0.000000;0.000000;0.000000;0.000000;req;get;ch;0.000000;*;0.000000;Auction_802;0.000000;30.000000;0.000000;0.000000
fq_03_fk_0005;희귀한 저주받은 발톱;0.000000;30.000000;0.000000;30.000000;GD_WR_TF_AC_WZ_PR_DO_MG;3.000000;fk;30.000000;8393.000000;1679.000000;40.000000;(무기물리공격력%,25);(무기극대화확률+,13);(무기극대력+,240);*;*;0.000000;0.000000;*;0.000000;0.000000;0.000000;0.000000;0.000000;0.000000;req;get;ch;0.000000;*;0.000000;Auction_800;0.000000;30.000000;0.000000;0.000000
fq_03_sl_0005;희귀한 저주받은 안장;0.000000;30.000000;0.000000;30.000000;GD_WR_TF_AC_WZ_PR_DO_MG;3.000000;sl;30.000000;9874.000000;1975.000000;40.000000;(무기물리방어력%,25);(최대HP%,30);(회피율+,11);*;*;0.000000;0.000000;*;0.000000;0.000000;0.000000;0.000000;0.000000;0.000000;req;get;ch;0.000000;*;0.000000;Auction_801;0.000000;30.000000;0.000000;0.000000
fq_03_ar_0005;희귀한 저주받은 영혼석;0.000000;30.000000;0.000000;30.000000;GD_WR_TF_AC_WZ_PR_DO_MG;3.000000;ar;30.000000;5924.000000;1185.000000;40.000000;(이동속도%,15);(최대EP%,25);(쿨타임%,-16);*;*;0.000000;0.000000;*;0.000000;0.000000;0.000000;0.000000;0.000000;0.000000;req;get;ch;0.000000;*;0.000000;Auction_802;0.000000;30.000000;0.000000;0.000000
fq_02_fk_0006;하급 사냥꾼의 발톱;0.000000;30.000000;0.000000;30.000000;GD_WR_TF_AC_WZ_PR_DO_MG;2.000000;fk;30.000000;10071.000000;1007.000000;40.000000;(PK공격력%,20);(무기극대화확률+,13);*;*;*;0.000000;0.000000;*;0.000000;0.000000;0.000000;0.000000;0.000000;0.000000;req;get;ch;0.000000;*;0.000000;Auction_800;0.000000;30.000000;0.000000;0.000000
fq_02_sl_0006;하급 사냥꾼의 안장;0.000000;30.000000;0.000000;30.000000;GD_WR_TF_AC_WZ_PR_DO_MG;2.000000;sl;30.000000;11848.000000;1184.000000;40.000000;(PK방어력%,15);(최대HP%,30);*;*;*;0.000000;0.000000;*;0.000000;0.000000;0.000000;0.000000;0.000000;0.000000;req;get;ch;0.000000;*;0.000000;Auction_801;0.000000;30.000000;0.000000;0.000000
fq_02_ar_0006;하급 사냥꾼의 영혼석;0.000000;30.000000;0.000000;30.000000;GD_WR_TF_AC_WZ_PR_DO_MG;2.000000;ar;30.000000;7108.000000;710.000000;40.000000;(이동속도%,10);(최대EP%,30);*;*;*;0.000000;0.000000;*;0.000000;0.000000;0.000000;0.000000;0.000000;0.000000;req;get;ch;0.000000;*;0.000000;Auction_802;0.000000;30.000000;0.000000;0.000000
fq_02_fk_0007;중급 사냥꾼의 발톱;0.000000;35.000000;0.000000;35.000000;GD_WR_TF_AC_WZ_PR_DO_MG;2.000000;fk;30.000000;12085.000000;1208.000000;40.000000;(PK공격력%,25);(무기극대화확률+,15);*;*;*;0.000000;0.000000;*;0.000000;0.000000;0.000000;0.000000;0.000000;0.000000;req;get;ch;0.000000;*;0.000000;Auction_800;0.000000;35.000000;0.000000;0.000000
fq_02_sl_0007;중급 사냥꾼의 안장;0.000000;35.000000;0.000000;35.000000;GD_WR_TF_AC_WZ_PR_DO_MG;2.000000;sl;30.000000;14217.000000;1421.000000;40.000000;(PK방어력%,20);(최대HP%,40);*;*;*;0.000000;0.000000;*;0.000000;0.000000;0.000000;0.000000;0.000000;0.000000;req;get;ch;0.000000;*;0.000000;Auction_801;0.000000;35.000000;0.000000;0.000000
fq_02_ar_0007;중급 사냥꾼의 영혼석;0.000000;35.000000;0.000000;35.000000;GD_WR_TF_AC_WZ_PR_DO_MG;2.000000;ar;30.000000;8529.000000;852.000000;40.000000;(이동속도%,15);(최대EP%,30);*;*;*;0.000000;0.000000;*;0.000000;0.000000;0.000000;0.000000;0.000000;0.000000;req;get;ch;0.000000;*;0.000000;Auction_802;0.000000;35.000000;0.000000;0.000000
fq_02_fk_0008;상급 사냥꾼의 발톱;0.000000;40.000000;0.000000;40.000000;GD_WR_TF_AC_WZ_PR_DO_MG;3.000000;fk;30.000000;14502.000000;1450.000000;40.000000;(PK공격력%,30);(무기극대화확률+,17);(무기극대력+,200);*;*;0.000000;0.000000;*;0.000000;0.000000;0.000000;0.000000;0.000000;0.000000;req;get;ch;0.000000;*;0.000000;Auction_800;0.000000;40.000000;0.000000;0.000000
fq_02_sl_0008;상급 사냥꾼의 안장;0.000000;40.000000;0.000000;40.000000;GD_WR_TF_AC_WZ_PR_DO_MG;3.000000;sl;30.000000;17060.000000;1706.000000;40.000000;(PK방어력%,25);(최대HP%,40);(회피율+,9);*;*;0.000000;0.000000;*;0.000000;0.000000;0.000000;0.000000;0.000000;0.000000;req;get;ch;0.000000;*;0.000000;Auction_801;0.000000;40.000000;0.000000;0.000000
fq_02_ar_0008;상급 사냥꾼의 영혼석;0.000000;40.000000;0.000000;40.000000;GD_WR_TF_AC_WZ_PR_DO_MG;3.000000;ar;30.000000;10234.000000;1023.000000;40.000000;(이동속도%,20);(최대EP%,30);(쿨타임%,-13);*;*;0.000000;0.000000;*;0.000000;0.000000;0.000000;0.000000;0.000000;0.000000;req;get;ch;0.000000;*;0.000000;Auction_802;0.000000;40.000000;0.000000;0.000000
fq_02_fk_0009;하급 학살자의 발톱;0.000000;45.000000;0.000000;45.000000;GD_WR_TF_AC_WZ_PR_DO_MG;3.000000;fk;30.000000;17402.000000;1740.000000;40.000000;(PK공격력%,35);(무기극대화확률+,20);(무기극대력+,240);*;*;0.000000;0.000000;*;0.000000;0.000000;0.000000;0.000000;0.000000;0.000000;req;get;ch;0.000000;*;0.000000;Auction_800;0.000000;45.000000;0.000000;0.000000
fq_02_sl_0009;하급 학살자의 안장;0.000000;45.000000;0.000000;45.000000;GD_WR_TF_AC_WZ_PR_DO_MG;3.000000;sl;30.000000;20472.000000;2047.000000;40.000000;(PK방어력%,30);(최대HP%,45);(회피율+,11);*;*;0.000000;0.000000;*;0.000000;0.000000;0.000000;0.000000;0.000000;0.000000;req;get;ch;0.000000;*;0.000000;Auction_801;0.000000;45.000000;0.000000;0.000000
fq_02_ar_0009;하급 학살자의 영혼석;0.000000;45.000000;0.000000;45.000000;GD_WR_TF_AC_WZ_PR_DO_MG;3.000000;ar;30.000000;12280.000000;1228.000000;40.000000;(이동속도%,22);(최대EP%,35);(쿨타임%,-16);*;*;0.000000;0.000000;*;0.000000;0.000000;0.000000;0.000000;0.000000;0.000000;req;get;ch;0.000000;*;0.000000;Auction_802;0.000000;45.000000;0.000000;0.000000
fq_02_fk_1009;중급 학살자의 발톱;0.000000;50.000000;0.000000;50.000000;GD_WR_TF_AC_WZ_PR_DO_MG;3.000000;fk;30.000000;20882.400391;2088.000000;40.000000;(PK공격력%,40);(무기극대화확률+,24);(무기극대력+,280);*;*;0.000000;0.000000;*;0.000000;0.000000;0.000000;0.000000;0.000000;0.000000;req;get;ch;0.000000;*;0.000000;Auction_800;0.000000;50.000000;0.000000;0.000000
fq_02_sl_1009;중급 학살자의 안장;0.000000;50.000000;0.000000;50.000000;GD_WR_TF_AC_WZ_PR_DO_MG;3.000000;sl;30.000000;24566.400391;2456.000000;40.000000;(PK방어력%,35);(최대HP%,50);(회피율+,13);*;*;0.000000;0.000000;*;0.000000;0.000000;0.000000;0.000000;0.000000;0.000000;req;get;ch;0.000000;*;0.000000;Auction_801;0.000000;50.000000;0.000000;0.000000
fq_02_ar_1009;중급 학살자의 영혼석;0.000000;50.000000;0.000000;50.000000;GD_WR_TF_AC_WZ_PR_DO_MG;3.000000;ar;30.000000;14736.000000;1473.000000;40.000000;(이동속도%,24);(최대EP%,40);(쿨타임%,-20);*;*;0.000000;0.000000;*;0.000000;0.000000;0.000000;0.000000;0.000000;0.000000;req;get;ch;0.000000;*;0.000000;Auction_802;0.000000;50.000000;0.000000;0.000000
fq_01_fk_0006;평병한 신성한 발톱;0.000000;35.000000;0.000000;35.000000;GD_WR_TF_AC_WZ_PR_DO_MG;1.000000;fk;30.000000;8393.000000;1679.000000;40.000000;(무기물리공격력%,25);*;*;*;*;0.000000;0.000000;*;0.000000;0.000000;0.000000;0.000000;0.000000;0.000000;req;get;ch;0.000000;*;0.000000;Auction_800;0.000000;35.000000;0.000000;0.000000
fq_01_sl_0006;평범한 신성한 안장;0.000000;35.000000;0.000000;35.000000;GD_WR_TF_AC_WZ_PR_DO_MG;1.000000;sl;30.000000;9874.000000;1975.000000;40.000000;(무기물리방어력%,25);*;*;*;*;0.000000;0.000000;*;0.000000;0.000000;0.000000;0.000000;0.000000;0.000000;req;get;ch;0.000000;*;0.000000;Auction_801;0.000000;35.000000;0.000000;0.000000
fq_01_ar_0006;평범한 신성한 영혼석;0.000000;35.000000;0.000000;35.000000;GD_WR_TF_AC_WZ_PR_DO_MG;1.000000;ar;30.000000;5924.000000;1185.000000;40.000000;(이동속도%,15);*;*;*;*;0.000000;0.000000;*;0.000000;0.000000;0.000000;0.000000;0.000000;0.000000;req;get;ch;0.000000;*;0.000000;Auction_802;0.000000;35.000000;0.000000;0.000000
fq_02_fk_0010;뛰어난 신성한 발톱;0.000000;35.000000;0.000000;35.000000;GD_WR_TF_AC_WZ_PR_DO_MG;2.000000;fk;30.000000;8393.000000;1679.000000;40.000000;(무기물리공격력%,25);(무기극대화확률+,13);*;*;*;0.000000;0.000000;*;0.000000;0.000000;0.000000;0.000000;0.000000;0.000000;req;get;ch;0.000000;*;0.000000;Auction_800;0.000000;35.000000;0.000000;0.000000
fq_02_sl_0010;뛰어난 신성한 안장;0.000000;35.000000;0.000000;35.000000;GD_WR_TF_AC_WZ_PR_DO_MG;2.000000;sl;30.000000;9874.000000;1975.000000;40.000000;(무기물리방어력%,25);(최대HP%,30);*;*;*;0.000000;0.000000;*;0.000000;0.000000;0.000000;0.000000;0.000000;0.000000;req;get;ch;0.000000;*;0.000000;Auction_801;0.000000;35.000000;0.000000;0.000000
fq_02_ar_0010;뛰어난 신성한 영혼석;0.000000;35.000000;0.000000;35.000000;GD_WR_TF_AC_WZ_PR_DO_MG;2.000000;ar;30.000000;5924.000000;1185.000000;40.000000;(이동속도%,15);(최대EP%,25);*;*;*;0.000000;0.000000;*;0.000000;0.000000;0.000000;0.000000;0.000000;0.000000;req;get;ch;0.000000;*;0.000000;Auction_802;0.000000;35.000000;0.000000;0.000000
fq_03_fk_0006;희귀한 신성한 발톱;0.000000;35.000000;0.000000;35.000000;GD_WR_TF_AC_WZ_PR_DO_MG;3.000000;fk;30.000000;8393.000000;1679.000000;40.000000;(무기물리공격력%,25);(무기극대화확률+,13);(무기극대력+,280);*;*;0.000000;0.000000;*;0.000000;0.000000;0.000000;0.000000;0.000000;0.000000;req;get;ch;0.000000;*;0.000000;Auction_800;0.000000;35.000000;0.000000;0.000000
fq_03_sl_0006;희귀한 신성한 안장;0.000000;35.000000;0.000000;35.000000;GD_WR_TF_AC_WZ_PR_DO_MG;3.000000;sl;30.000000;9874.000000;1975.000000;40.000000;(무기물리방어력%,25);(최대HP%,30);(회피율+,11);*;*;0.000000;0.000000;*;0.000000;0.000000;0.000000;0.000000;0.000000;0.000000;req;get;ch;0.000000;*;0.000000;Auction_801;0.000000;35.000000;0.000000;0.000000
fq_03_ar_0006;희귀한 신성한 영혼석;0.000000;35.000000;0.000000;35.000000;GD_WR_TF_AC_WZ_PR_DO_MG;3.000000;ar;30.000000;5924.000000;1185.000000;40.000000;(이동속도%,15);(최대EP%,25);(쿨타임%,-16);*;*;0.000000;0.000000;*;0.000000;0.000000;0.000000;0.000000;0.000000;0.000000;req;get;ch;0.000000;*;0.000000;Auction_802;0.000000;35.000000;0.000000;0.000000
fq_02_fk_0011;특별한 청마의 발톱;0.000000;1.000000;0.000000;1.000000;GD_WR_TF_AC_WZ_PR_DO_MG;2.000000;fk;30.000000;8393.000000;1679.000000;40.000000;(무기물리공격력%,2);(무기극대화확률+,1);*;*;*;0.000000;0.000000;*;0.000000;0.000000;1.000000;1.000000;1.000000;0.000000;req;get;ch;0.000000;*;0.000000;Auction_800;0.000000;1.000000;0.000000;0.000000
fq_02_sl_0011;특별한 청마의 안장;0.000000;1.000000;0.000000;1.000000;GD_WR_TF_AC_WZ_PR_DO_MG;2.000000;sl;30.000000;9874.000000;1975.000000;40.000000;(무기물리방어력%,2);(최대HP%,3);*;*;*;0.000000;0.000000;*;0.000000;0.000000;1.000000;1.000000;1.000000;0.000000;req;get;ch;0.000000;*;0.000000;Auction_801;0.000000;1.000000;0.000000;0.000000
fq_02_ar_0011;특별한 청마의 영혼석;0.000000;1.000000;0.000000;1.000000;GD_WR_TF_AC_WZ_PR_DO_MG;2.000000;ar;30.000000;5924.000000;1185.000000;40.000000;(이동속도%,1);(쿨타임%,-2);*;*;*;0.000000;0.000000;*;0.000000;0.000000;1.000000;1.000000;1.000000;0.000000;req;get;ch;0.000000;*;0.000000;Auction_802;0.000000;1.000000;0.000000;0.000000
fq_03_fk_0007;축복받은 청마의 발톱;0.000000;1.000000;0.000000;1.000000;GD_WR_TF_AC_WZ_PR_DO_MG;3.000000;fk;30.000000;8393.000000;1679.000000;40.000000;(무기물리공격력%,8);(무기극대화확률+,3);(무기극대력+,80);*;*;0.000000;0.000000;*;0.000000;0.000000;1.000000;1.000000;1.000000;0.000000;req;get;ch;0.000000;*;0.000000;Auction_800;0.000000;1.000000;0.000000;0.000000
fq_03_sl_0007;축복받은 청마의 안장;0.000000;1.000000;0.000000;1.000000;GD_WR_TF_AC_WZ_PR_DO_MG;3.000000;sl;30.000000;9874.000000;1975.000000;40.000000;(무기물리방어력%,8);(최대HP%,10);(회피율+,3);*;*;0.000000;0.000000;*;0.000000;0.000000;1.000000;1.000000;1.000000;0.000000;req;get;ch;0.000000;*;0.000000;Auction_801;0.000000;1.000000;0.000000;0.000000
fq_03_ar_0007;축복받은 청마의 영혼석;0.000000;1.000000;0.000000;1.000000;GD_WR_TF_AC_WZ_PR_DO_MG;3.000000;ar;30.000000;5924.000000;1185.000000;40.000000;(이동속도%,5);(최대EP%,5);(쿨타임%,-5);*;*;0.000000;0.000000;*;0.000000;0.000000;1.000000;1.000000;1.000000;0.000000;req;get;ch;0.000000;*;0.000000;Auction_802;0.000000;1.000000;0.000000;0.000000
fq_03_fk_0008;쿠할란의 발톱;0.000000;1.000000;0.000000;1.000000;GD_WR_TF_AC_WZ_PR_DO_MG;3.000000;fk;30.000000;8393.000000;1679.000000;40.000000;(무기물리공격력%,15);(무기극대화확률+,7);(무기극대력+,20);*;*;0.000000;0.000000;*;0.000000;0.000000;1.000000;1.000000;1.000000;0.000000;req;get;ch;0.000000;*;0.000000;Auction_800;0.000000;1.000000;0.000000;0.000000
fq_03_sl_0008;쿠할란의 안장;0.000000;1.000000;0.000000;1.000000;GD_WR_TF_AC_WZ_PR_DO_MG;3.000000;sl;30.000000;9874.000000;1975.000000;40.000000;(무기물리방어력%,15);(최대HP%,20);(회피율+,5);*;*;0.000000;0.000000;*;0.000000;0.000000;1.000000;1.000000;1.000000;0.000000;req;get;ch;0.000000;*;0.000000;Auction_801;0.000000;1.000000;0.000000;0.000000
fq_03_ar_0008;쿠할란의 영혼석;0.000000;1.000000;0.000000;1.000000;GD_WR_TF_AC_WZ_PR_DO_MG;3.000000;ar;30.000000;5924.000000;1185.000000;40.000000;(이동속도%,10);(최대EP%,10);(쿨타임%,-10);*;*;0.000000;0.000000;*;0.000000;0.000000;1.000000;1.000000;1.000000;0.000000;req;get;ch;0.000000;*;0.000000;Auction_802;0.000000;1.000000;0.000000;0.000000
fq_02_fk_0012;정예 기사단 발톱;0.000000;1.000000;0.000000;1.000000;GD_WR_TF_AC_WZ_PR_DO_MG;2.000000;fk;30.000000;8393.000000;1679.000000;40.000000;(무기극대력%,2);(무기극대화확률+,1);*;*;*;0.000000;0.000000;*;0.000000;0.000000;1.000000;1.000000;1.000000;0.000000;req;get;ch;0.000000;*;0.000000;Auction_800;0.000000;1.000000;0.000000;0.000000
fq_02_sl_0012;정예 기사단 안장;0.000000;1.000000;0.000000;1.000000;GD_WR_TF_AC_WZ_PR_DO_MG;2.000000;sl;30.000000;9874.000000;1975.000000;40.000000;(무기물리방어력%,2);(최대HP%,3);*;*;*;0.000000;0.000000;*;0.000000;0.000000;1.000000;1.000000;1.000000;0.000000;req;get;ch;0.000000;*;0.000000;Auction_801;0.000000;1.000000;0.000000;0.000000
fq_02_ar_0012;정예 기사단 영혼석;0.000000;1.000000;0.000000;1.000000;GD_WR_TF_AC_WZ_PR_DO_MG;2.000000;ar;30.000000;5924.000000;1185.000000;40.000000;(이동속도%,1);(회피율%,1);*;*;*;0.000000;0.000000;*;0.000000;0.000000;1.000000;1.000000;1.000000;0.000000;req;get;ch;0.000000;*;0.000000;Auction_802;0.000000;1.000000;0.000000;0.000000
fq_01_fk_0007;평병한 악몽의 발톱;0.000000;40.000000;0.000000;40.000000;GD_WR_TF_AC_WZ_PR_DO_MG;1.000000;fk;30.000000;8393.000000;1679.000000;40.000000;(무기물리공격력%,30);*;*;*;*;0.000000;0.000000;*;0.000000;0.000000;0.000000;0.000000;0.000000;0.000000;req;get;ch;0.000000;*;0.000000;Auction_800;0.000000;40.000000;0.000000;0.000000
fq_01_sl_0007;평범한 악몽의 안장;0.000000;40.000000;0.000000;40.000000;GD_WR_TF_AC_WZ_PR_DO_MG;1.000000;sl;30.000000;9874.000000;1975.000000;40.000000;(무기물리방어력%,30);*;*;*;*;0.000000;0.000000;*;0.000000;0.000000;0.000000;0.000000;0.000000;0.000000;req;get;ch;0.000000;*;0.000000;Auction_801;0.000000;40.000000;0.000000;0.000000
fq_01_ar_0007;평범한 악몽의 영혼석;0.000000;40.000000;0.000000;40.000000;GD_WR_TF_AC_WZ_PR_DO_MG;1.000000;ar;30.000000;5924.000000;1185.000000;40.000000;(이동속도%,18);*;*;*;*;0.000000;0.000000;*;0.000000;0.000000;0.000000;0.000000;0.000000;0.000000;req;get;ch;0.000000;*;0.000000;Auction_802;0.000000;40.000000;0.000000;0.000000
fq_02_fk_0013;뛰어난 악몽의 발톱;0.000000;40.000000;0.000000;40.000000;GD_WR_TF_AC_WZ_PR_DO_MG;2.000000;fk;30.000000;8393.000000;1679.000000;40.000000;(무기물리공격력%,30);(무기극대화확률+,15);*;*;*;0.000000;0.000000;*;0.000000;0.000000;0.000000;0.000000;0.000000;0.000000;req;get;ch;0.000000;*;0.000000;Auction_800;0.000000;40.000000;0.000000;0.000000
fq_02_sl_0013;뛰어난 악몽의 안장;0.000000;40.000000;0.000000;40.000000;GD_WR_TF_AC_WZ_PR_DO_MG;2.000000;sl;30.000000;9874.000000;1975.000000;40.000000;(무기물리방어력%,30);(최대HP%,30);*;*;*;0.000000;0.000000;*;0.000000;0.000000;0.000000;0.000000;0.000000;0.000000;req;get;ch;0.000000;*;0.000000;Auction_801;0.000000;40.000000;0.000000;0.000000
fq_02_ar_0013;뛰어난 악몽의 영혼석;0.000000;40.000000;0.000000;40.000000;GD_WR_TF_AC_WZ_PR_DO_MG;2.000000;ar;30.000000;5924.000000;1185.000000;40.000000;(이동속도%,18);(최대EP%,30);*;*;*;0.000000;0.000000;*;0.000000;0.000000;0.000000;0.000000;0.000000;0.000000;req;get;ch;0.000000;*;0.000000;Auction_802;0.000000;40.000000;0.000000;0.000000
fq_03_fk_0009;희귀한 악몽의 발톱;0.000000;40.000000;0.000000;40.000000;GD_WR_TF_AC_WZ_PR_DO_MG;3.000000;fk;30.000000;8393.000000;1679.000000;40.000000;(무기물리공격력%,30);(무기극대화확률+,15);(무기극대력+,320);*;*;0.000000;0.000000;*;0.000000;0.000000;0.000000;0.000000;0.000000;0.000000;req;get;ch;0.000000;*;0.000000;Auction_800;0.000000;40.000000;0.000000;0.000000
fq_03_sl_0009;희귀한 악몽의 안장;0.000000;40.000000;0.000000;40.000000;GD_WR_TF_AC_WZ_PR_DO_MG;3.000000;sl;30.000000;9874.000000;1975.000000;40.000000;(무기물리방어력%,30);(최대HP%,30);(회피율+,13);*;*;0.000000;0.000000;*;0.000000;0.000000;0.000000;0.000000;0.000000;0.000000;req;get;ch;0.000000;*;0.000000;Auction_801;0.000000;40.000000;0.000000;0.000000
fq_03_ar_0009;희귀한 악몽의 영혼석;0.000000;40.000000;0.000000;40.000000;GD_WR_TF_AC_WZ_PR_DO_MG;3.000000;ar;30.000000;5924.000000;1185.000000;40.000000;(이동속도%,21);(최대EP%,30);(쿨타임%,-18);*;*;0.000000;0.000000;*;0.000000;0.000000;0.000000;0.000000;0.000000;0.000000;req;get;ch;0.000000;*;0.000000;Auction_802;0.000000;40.000000;0.000000;0.000000
fq_04_fk_0001;희귀한 악몽의 발톱;0.000000;40.000000;0.000000;40.000000;GD_WR_TF_AC_WZ_PR_DO_MG;4.000000;fk;30.000000;8393.000000;1679.000000;40.000000;(무기물리공격력%,40);(무기극대화확률+,20);(무기극대력+,400);*;*;0.000000;0.000000;*;0.000000;0.000000;0.000000;0.000000;0.000000;0.000000;req;none;ch;0.000000;*;0.000000;Auction_800;0.000000;40.000000;0.000000;0.000000
fq_04_sl_0001;희귀한 악몽의 안장;0.000000;40.000000;0.000000;40.000000;GD_WR_TF_AC_WZ_PR_DO_MG;4.000000;sl;30.000000;9874.000000;1975.000000;40.000000;(무기물리방어력%,40);(최대HP%,50);(회피율+,15);*;*;0.000000;0.000000;*;0.000000;0.000000;0.000000;0.000000;0.000000;0.000000;req;none;ch;0.000000;*;0.000000;Auction_801;0.000000;40.000000;0.000000;0.000000
fq_04_ar_0001;희귀한 악몽의 영혼석;0.000000;40.000000;0.000000;40.000000;GD_WR_TF_AC_WZ_PR_DO_MG;4.000000;ar;30.000000;5924.000000;1185.000000;40.000000;(이동속도%,25);(최대EP%,40);(쿨타임%,-22);*;*;0.000000;0.000000;*;0.000000;0.000000;0.000000;0.000000;0.000000;0.000000;req;none;ch;0.000000;*;0.000000;Auction_802;0.000000;40.000000;0.000000;0.000000
fq_01_fk_0008;평병한 칠흑같은 발톱;0.000000;45.000000;0.000000;45.000000;GD_WR_TF_AC_WZ_PR_DO_MG;1.000000;fk;30.000000;8393.000000;1679.000000;40.000000;(무기물리공격력%,25);*;*;*;*;0.000000;0.000000;*;0.000000;0.000000;0.000000;0.000000;0.000000;0.000000;req;get;ch;0.000000;*;0.000000;Auction_800;0.000000;45.000000;0.000000;0.000000
fq_01_sl_0008;평범한 칠흑같은 안장;0.000000;45.000000;0.000000;45.000000;GD_WR_TF_AC_WZ_PR_DO_MG;1.000000;sl;30.000000;9874.000000;1975.000000;40.000000;(무기물리방어력%,25);*;*;*;*;0.000000;0.000000;*;0.000000;0.000000;0.000000;0.000000;0.000000;0.000000;req;get;ch;0.000000;*;0.000000;Auction_801;0.000000;45.000000;0.000000;0.000000
fq_01_ar_0008;평범한 칠흑같은 영혼석;0.000000;45.000000;0.000000;45.000000;GD_WR_TF_AC_WZ_PR_DO_MG;1.000000;ar;30.000000;5924.000000;1185.000000;40.000000;(이동속도%,15);*;*;*;*;0.000000;0.000000;*;0.000000;0.000000;0.000000;0.000000;0.000000;0.000000;req;get;ch;0.000000;*;0.000000;Auction_802;0.000000;45.000000;0.000000;0.000000
fq_02_fk_0014;뛰어난 칠흑같은 발톱;0.000000;45.000000;0.000000;45.000000;GD_WR_TF_AC_WZ_PR_DO_MG;2.000000;fk;30.000000;8393.000000;1679.000000;40.000000;(무기물리공격력%,25);(무기극대화확률+,13);*;*;*;0.000000;0.000000;*;0.000000;0.000000;0.000000;0.000000;0.000000;0.000000;req;get;ch;0.000000;*;0.000000;Auction_800;0.000000;45.000000;0.000000;0.000000
fq_02_sl_0014;뛰어난 칠흑같은 안장;0.000000;45.000000;0.000000;45.000000;GD_WR_TF_AC_WZ_PR_DO_MG;2.000000;sl;30.000000;9874.000000;1975.000000;40.000000;(무기물리방어력%,25);(최대HP%,30);*;*;*;0.000000;0.000000;*;0.000000;0.000000;0.000000;0.000000;0.000000;0.000000;req;get;ch;0.000000;*;0.000000;Auction_801;0.000000;45.000000;0.000000;0.000000
fq_02_ar_0014;뛰어난 칠흑같은 영혼석;0.000000;45.000000;0.000000;45.000000;GD_WR_TF_AC_WZ_PR_DO_MG;2.000000;ar;30.000000;5924.000000;1185.000000;40.000000;(이동속도%,15);(최대EP%,25);*;*;*;0.000000;0.000000;*;0.000000;0.000000;0.000000;0.000000;0.000000;0.000000;req;get;ch;0.000000;*;0.000000;Auction_802;0.000000;45.000000;0.000000;0.000000
fq_03_fk_0010;희귀한 칠흑같은 발톱;0.000000;45.000000;0.000000;45.000000;GD_WR_TF_AC_WZ_PR_DO_MG;3.000000;fk;30.000000;8393.000000;1679.000000;40.000000;(무기물리공격력%,25);(무기극대화확률+,13);(무기극대력+,360);*;*;0.000000;0.000000;*;0.000000;0.000000;0.000000;0.000000;0.000000;0.000000;req;get;ch;0.000000;*;0.000000;Auction_800;0.000000;45.000000;0.000000;0.000000
fq_03_sl_0010;희귀한 칠흑같은 안장;0.000000;45.000000;0.000000;45.000000;GD_WR_TF_AC_WZ_PR_DO_MG;3.000000;sl;30.000000;9874.000000;1975.000000;40.000000;(무기물리방어력%,25);(최대HP%,30);(회피율+,11);*;*;0.000000;0.000000;*;0.000000;0.000000;0.000000;0.000000;0.000000;0.000000;req;get;ch;0.000000;*;0.000000;Auction_801;0.000000;45.000000;0.000000;0.000000
fq_03_ar_0010;희귀한 칠흑같은 영혼석;0.000000;45.000000;0.000000;45.000000;GD_WR_TF_AC_WZ_PR_DO_MG;3.000000;ar;30.000000;5924.000000;1185.000000;40.000000;(이동속도%,15);(최대EP%,25);(쿨타임%,-16);*;*;0.000000;0.000000;*;0.000000;0.000000;0.000000;0.000000;0.000000;0.000000;req;get;ch;0.000000;*;0.000000;Auction_802;0.000000;45.000000;0.000000;0.000000
fq_04_fk_0002;희귀한 칠흑같은 발톱;0.000000;35.000000;0.000000;35.000000;GD_WR_TF_AC_WZ_PR_DO_MG;4.000000;fk;30.000000;8393.000000;1679.000000;40.000000;(무기물리공격력%,32);(무기극대화확률+,17);(무기극대력+,340);*;*;0.000000;0.000000;*;0.000000;0.000000;0.000000;0.000000;0.000000;0.000000;req;none;ch;0.000000;*;0.000000;Auction_800;0.000000;35.000000;0.000000;0.000000
fq_04_sl_0002;희귀한 칠흑같은 안장;0.000000;35.000000;0.000000;35.000000;GD_WR_TF_AC_WZ_PR_DO_MG;4.000000;sl;30.000000;9874.000000;1975.000000;40.000000;(무기물리방어력%,32);(최대HP%,33);(회피율+,16);*;*;0.000000;0.000000;*;0.000000;0.000000;0.000000;0.000000;0.000000;0.000000;req;none;ch;0.000000;*;0.000000;Auction_801;0.000000;35.000000;0.000000;0.000000
fq_04_ar_0002;희귀한 칠흑같은 영혼석;0.000000;35.000000;0.000000;35.000000;GD_WR_TF_AC_WZ_PR_DO_MG;4.000000;ar;30.000000;5924.000000;1185.000000;40.000000;(이동속도%,23);(최대EP%,35);(쿨타임%,-20);*;*;0.000000;0.000000;*;0.000000;0.000000;0.000000;0.000000;0.000000;0.000000;req;none;ch;0.000000;*;0.000000;Auction_802;0.000000;35.000000;0.000000;0.000000
fq_06_fk_0001;모래의 발톱;0.000000;1.000000;0.000000;45.000000;GD_WR_TF_AC_WZ_PR_DO_MG;1.000000;fk;30.000000;8393.000000;1679.000000;40.000000;(무기물리공격력%,22);*;*;*;*;0.000000;0.000000;*;0.000000;0.000000;0.000000;0.000000;0.000000;0.000000;req;get;ch;0.000000;*;0.000000;Auction_800;0.000000;1.000000;0.000000;0.000000
fq_06_sl_0001;모래의 안장;0.000000;1.000000;0.000000;45.000000;GD_WR_TF_AC_WZ_PR_DO_MG;1.000000;sl;30.000000;9874.000000;1975.000000;40.000000;(무기물리방어력%,22);*;*;*;*;0.000000;0.000000;*;0.000000;0.000000;0.000000;0.000000;0.000000;0.000000;req;get;ch;0.000000;*;0.000000;Auction_801;0.000000;1.000000;0.000000;0.000000
fq_06_ar_0001;모래의 영혼석;0.000000;1.000000;0.000000;45.000000;GD_WR_TF_AC_WZ_PR_DO_MG;1.000000;ar;30.000000;5924.000000;1185.000000;40.000000;(이동속도%,12);*;*;*;*;0.000000;0.000000;*;0.000000;0.000000;0.000000;0.000000;0.000000;0.000000;req;get;ch;0.000000;*;0.000000;Auction_802;0.000000;1.000000;0.000000;0.000000
fq_06_fk_0002;뛰어난 모래의 발톱;0.000000;1.000000;0.000000;45.000000;GD_WR_TF_AC_WZ_PR_DO_MG;2.000000;fk;30.000000;8393.000000;1679.000000;40.000000;(무기물리공격력%,22);(무기극대화확률+,12);*;*;*;0.000000;0.000000;*;0.000000;0.000000;0.000000;0.000000;0.000000;0.000000;req;get;ch;0.000000;*;0.000000;Auction_800;0.000000;1.000000;0.000000;0.000000
fq_06_sl_0002;뛰어난 모래의 안장;0.000000;1.000000;0.000000;45.000000;GD_WR_TF_AC_WZ_PR_DO_MG;2.000000;sl;30.000000;9874.000000;1975.000000;40.000000;(무기물리방어력%,22);(최대HP%,30);*;*;*;0.000000;0.000000;*;0.000000;0.000000;0.000000;0.000000;0.000000;0.000000;req;get;ch;0.000000;*;0.000000;Auction_801;0.000000;1.000000;0.000000;0.000000
fq_06_ar_0002;뛰어난 모래의 영혼석;0.000000;1.000000;0.000000;45.000000;GD_WR_TF_AC_WZ_PR_DO_MG;2.000000;ar;30.000000;5924.000000;1185.000000;40.000000;(이동속도%,12);(최대EP%,25);*;*;*;0.000000;0.000000;*;0.000000;0.000000;0.000000;0.000000;0.000000;0.000000;req;get;ch;0.000000;*;0.000000;Auction_802;0.000000;1.000000;0.000000;0.000000
fq_06_fk_0003;신기루의 발톱;0.000000;1.000000;0.000000;45.000000;GD_WR_TF_AC_WZ_PR_DO_MG;3.000000;fk;30.000000;8393.000000;1679.000000;40.000000;(무기물리공격력%,22);(무기극대화확률+,12);(무기극대력+,340);*;*;0.000000;0.000000;*;0.000000;0.000000;0.000000;0.000000;0.000000;0.000000;req;none;ch;0.000000;*;0.000000;Auction_800;0.000000;1.000000;0.000000;0.000000
fq_06_sl_0003;신기루의 안장;0.000000;1.000000;0.000000;45.000000;GD_WR_TF_AC_WZ_PR_DO_MG;3.000000;sl;30.000000;9874.000000;1975.000000;40.000000;(무기물리방어력%,22);(최대HP%,30);(회피율+,11);*;*;0.000000;0.000000;*;0.000000;0.000000;0.000000;0.000000;0.000000;0.000000;req;none;ch;0.000000;*;0.000000;Auction_801;0.000000;1.000000;0.000000;0.000000
fq_06_ar_0003;신기루의 영혼석;0.000000;1.000000;0.000000;45.000000;GD_WR_TF_AC_WZ_PR_DO_MG;3.000000;ar;30.000000;5924.000000;1185.000000;40.000000;(이동속도%,12);(최대EP%,25);(쿨타임%,-16);*;*;0.000000;0.000000;*;0.000000;0.000000;0.000000;0.000000;0.000000;0.000000;req;none;ch;0.000000;*;0.000000;Auction_802;0.000000;1.000000;0.000000;0.000000
fq_06_fk_0004;로데쉬의 발톱;0.000000;1.000000;0.000000;45.000000;GD_WR_TF_AC_WZ_PR_DO_MG;4.000000;fk;30.000000;8393.000000;1679.000000;40.000000;(무기물리공격력%,32);(무기극대화확률+,17);(무기극대력+,340);*;*;0.000000;0.000000;*;0.000000;0.000000;0.000000;0.000000;0.000000;0.000000;req;none;ch;0.000000;*;0.000000;Auction_800;0.000000;1.000000;0.000000;0.000000
fq_06_sl_0004;로데쉬의 안장;0.000000;1.000000;0.000000;45.000000;GD_WR_TF_AC_WZ_PR_DO_MG;4.000000;sl;30.000000;9874.000000;1975.000000;40.000000;(무기물리방어력%,32);(최대HP%,33);(회피율+,16);*;*;0.000000;0.000000;*;0.000000;0.000000;0.000000;0.000000;0.000000;0.000000;req;none;ch;0.000000;*;0.000000;Auction_801;0.000000;1.000000;0.000000;0.000000
fq_06_ar_0004;로데쉬의 영혼석;0.000000;1.000000;0.000000;45.000000;GD_WR_TF_AC_WZ_PR_DO_MG;4.000000;ar;30.000000;5924.000000;1185.000000;40.000000;(이동속도%,23);(최대EP%,35);(쿨타임%,-20);*;*;0.000000;0.000000;*;0.000000;0.000000;0.000000;0.000000;0.000000;0.000000;req;none;ch;0.000000;*;0.000000;Auction_802;0.000000;1.000000;0.000000;0.000000
fq_06_fk_0011;사막의 발톱;0.000000;1.000000;0.000000;50.000000;GD_WR_TF_AC_WZ_PR_DO_MG;1.000000;fk;30.000000;8393.000000;1679.000000;40.000000;(무기물리공격력%,22);*;*;*;*;0.000000;0.000000;*;0.000000;0.000000;0.000000;0.000000;0.000000;0.000000;req;get;ch;0.000000;*;0.000000;Auction_800;0.000000;1.000000;0.000000;0.000000
fq_06_sl_0011;사막의 안장;0.000000;1.000000;0.000000;50.000000;GD_WR_TF_AC_WZ_PR_DO_MG;1.000000;sl;30.000000;9874.000000;1975.000000;40.000000;(무기물리방어력%,22);*;*;*;*;0.000000;0.000000;*;0.000000;0.000000;0.000000;0.000000;0.000000;0.000000;req;get;ch;0.000000;*;0.000000;Auction_801;0.000000;1.000000;0.000000;0.000000
fq_06_ar_0011;사막의 영혼석;0.000000;1.000000;0.000000;50.000000;GD_WR_TF_AC_WZ_PR_DO_MG;1.000000;ar;30.000000;5924.000000;1185.000000;40.000000;(이동속도%,12);*;*;*;*;0.000000;0.000000;*;0.000000;0.000000;0.000000;0.000000;0.000000;0.000000;req;get;ch;0.000000;*;0.000000;Auction_802;0.000000;1.000000;0.000000;0.000000
fq_06_fk_0012;뛰어난 사막의 발톱;0.000000;1.000000;0.000000;50.000000;GD_WR_TF_AC_WZ_PR_DO_MG;2.000000;fk;30.000000;8393.000000;1679.000000;40.000000;(무기물리공격력%,22);(무기극대화확률+,12);*;*;*;0.000000;0.000000;*;0.000000;0.000000;0.000000;0.000000;0.000000;0.000000;req;get;ch;0.000000;*;0.000000;Auction_800;0.000000;1.000000;0.000000;0.000000
fq_06_sl_0012;뛰어난 사막의 안장;0.000000;1.000000;0.000000;50.000000;GD_WR_TF_AC_WZ_PR_DO_MG;2.000000;sl;30.000000;9874.000000;1975.000000;40.000000;(무기물리방어력%,22);(최대HP%,30);*;*;*;0.000000;0.000000;*;0.000000;0.000000;0.000000;0.000000;0.000000;0.000000;req;get;ch;0.000000;*;0.000000;Auction_801;0.000000;1.000000;0.000000;0.000000
fq_06_ar_0012;뛰어난 사막의 영혼석;0.000000;1.000000;0.000000;50.000000;GD_WR_TF_AC_WZ_PR_DO_MG;2.000000;ar;30.000000;5924.000000;1185.000000;40.000000;(이동속도%,12);(최대EP%,25);*;*;*;0.000000;0.000000;*;0.000000;0.000000;0.000000;0.000000;0.000000;0.000000;req;get;ch;0.000000;*;0.000000;Auction_802;0.000000;1.000000;0.000000;0.000000
fq_06_fk_0013;열사의 사막 발톱;0.000000;1.000000;0.000000;50.000000;GD_WR_TF_AC_WZ_PR_DO_MG;3.000000;fk;30.000000;8393.000000;1679.000000;40.000000;(무기물리공격력%,22);(무기극대화확률+,12);(무기극대력+,340);*;*;0.000000;0.000000;*;0.000000;0.000000;0.000000;0.000000;0.000000;0.000000;req;get;ch;0.000000;*;0.000000;Auction_800;0.000000;1.000000;0.000000;0.000000
fq_06_sl_0013;열사의 사막 안장;0.000000;1.000000;0.000000;50.000000;GD_WR_TF_AC_WZ_PR_DO_MG;3.000000;sl;30.000000;9874.000000;1975.000000;40.000000;(무기물리방어력%,22);(최대HP%,30);(회피율+,11);*;*;0.000000;0.000000;*;0.000000;0.000000;0.000000;0.000000;0.000000;0.000000;req;get;ch;0.000000;*;0.000000;Auction_801;0.000000;1.000000;0.000000;0.000000
fq_06_ar_0013;열사의 사막 영혼석;0.000000;1.000000;0.000000;50.000000;GD_WR_TF_AC_WZ_PR_DO_MG;3.000000;ar;30.000000;5924.000000;1185.000000;40.000000;(이동속도%,12);(최대EP%,25);(쿨타임%,-16);*;*;0.000000;0.000000;*;0.000000;0.000000;0.000000;0.000000;0.000000;0.000000;req;get;ch;0.000000;*;0.000000;Auction_802;0.000000;1.000000;0.000000;0.000000
fq_06_fk_0014;샤키바의 발톱;0.000000;1.000000;0.000000;55.000000;GD_WR_TF_AC_WZ_PR_DO_MG;4.000000;fk;30.000000;8393.000000;1679.000000;40.000000;(무기물리공격력%,32);(무기극대화확률+,17);(무기극대력+,340);*;*;0.000000;0.000000;*;0.000000;0.000000;0.000000;0.000000;0.000000;0.000000;req;none;ch;0.000000;*;0.000000;Auction_800;0.000000;1.000000;0.000000;0.000000
fq_06_sl_0014;샤키바의 안장;0.000000;1.000000;0.000000;55.000000;GD_WR_TF_AC_WZ_PR_DO_MG;4.000000;sl;30.000000;9874.000000;1975.000000;40.000000;(무기물리방어력%,32);(최대HP%,33);(회피율+,16);*;*;0.000000;0.000000;*;0.000000;0.000000;0.000000;0.000000;0.000000;0.000000;req;none;ch;0.000000;*;0.000000;Auction_801;0.000000;1.000000;0.000000;0.000000
fq_06_ar_0014;샤키바의 영혼석;0.000000;1.000000;0.000000;55.000000;GD_WR_TF_AC_WZ_PR_DO_MG;4.000000;ar;30.000000;5924.000000;1185.000000;40.000000;(이동속도%,23);(최대EP%,35);(쿨타임%,-20);*;*;0.000000;0.000000;*;0.000000;0.000000;0.000000;0.000000;0.000000;0.000000;req;none;ch;0.000000;*;0.000000;Auction_802;0.000000;1.000000;0.000000;0.000000
fq_00_fk_0001;수해의 발톱;0.000000;1.000000;0.000000;55.000000;GD_WR_TF_AC_WZ_PR_DO_MG;5.000000;fk;30.000000;11750.000000;2351.000000;40.000000;(무기물리공격력%,32);(무기극대화확률+,17);(무기극대력+,340);*;*;0.000000;0.000000;*;0.000000;0.000000;0.000000;1.000000;0.000000;0.000000;req;get;ch;0.000000;*;0.000000;Auction_800;0.000000;1.000000;0.000000;0.000000
fq_00_sl_0001;수도성의 안장;0.000000;1.000000;0.000000;55.000000;GD_WR_TF_AC_WZ_PR_DO_MG;5.000000;sl;30.000000;13824.000000;2765.000000;40.000000;(무기물리방어력%,32);(최대HP%,33);(회피율+,16);*;*;0.000000;0.000000;*;0.000000;0.000000;0.000000;1.000000;0.000000;0.000000;req;get;ch;0.000000;*;0.000000;Auction_801;0.000000;1.000000;0.000000;0.000000
fq_00_ar_0001;대해의 영혼석;0.000000;1.000000;0.000000;55.000000;GD_WR_TF_AC_WZ_PR_DO_MG;5.000000;ar;30.000000;8294.000000;1659.000000;40.000000;(이동속도%,23);(최대EP%,35);(쿨타임%,-20);*;*;0.000000;0.000000;*;0.000000;0.000000;0.000000;1.000000;0.000000;0.000000;req;get;ch;0.000000;*;0.000000;Auction_802;0.000000;1.000000;0.000000;0.000000
fq_07_fk_0002;수해의 발톱;0.000000;1.000000;0.000000;55.000000;GD_WR_TF_AC_WZ_PR_DO_MG;2.000000;fk;30.000000;12085.000000;2014.000000;40.000000;(모든공격력%,22);(모든극대력+,50);*;*;*;0.000000;0.000000;*;0.000000;0.000000;0.000000;0.000000;0.000000;0.000000;req;none;ch;0.000000;*;0.000000;Auction_800;0.000000;1.000000;0.000000;0.000000
fq_07_sl_0002;수해의 안장;0.000000;1.000000;0.000000;55.000000;GD_WR_TF_AC_WZ_PR_DO_MG;2.000000;sl;30.000000;13018.000000;2169.000000;40.000000;(모든방어력%,22);(최대HP%,30);*;*;*;0.000000;0.000000;*;0.000000;0.000000;0.000000;0.000000;0.000000;0.000000;req;none;ch;0.000000;*;0.000000;Auction_801;0.000000;1.000000;0.000000;0.000000
fq_07_ar_0002;수해의 영혼석;0.000000;1.000000;0.000000;55.000000;GD_WR_TF_AC_WZ_PR_DO_MG;2.000000;ar;30.000000;10788.000000;1798.000000;40.000000;(이동속도%,12);(최대EP%,25);*;*;*;0.000000;0.000000;*;0.000000;0.000000;0.000000;0.000000;0.000000;0.000000;req;none;ch;0.000000;*;0.000000;Auction_802;0.000000;1.000000;0.000000;0.000000
fq_07_fk_0003;청록의 발톱;0.000000;1.000000;0.000000;55.000000;GD_WR_TF_AC_WZ_PR_DO_MG;3.000000;fk;30.000000;14503.000000;2417.000000;40.000000;(모든공격력%,22);(모든극대력+,150);*;*;*;0.000000;0.000000;*;0.000000;0.000000;0.000000;0.000000;0.000000;0.000000;req;get;ch;0.000000;*;0.000000;Auction_800;0.000000;1.000000;0.000000;0.000000
fq_07_sl_0003;청록의 안장;0.000000;1.000000;0.000000;55.000000;GD_WR_TF_AC_WZ_PR_DO_MG;3.000000;sl;30.000000;15622.000000;2603.000000;40.000000;(모든방어력%,22);(최대HP%,30);(회피율+,11);*;*;0.000000;0.000000;*;0.000000;0.000000;0.000000;0.000000;0.000000;0.000000;req;get;ch;0.000000;*;0.000000;Auction_801;0.000000;1.000000;0.000000;0.000000
fq_07_ar_0003;청록의 영혼석;0.000000;1.000000;0.000000;55.000000;GD_WR_TF_AC_WZ_PR_DO_MG;3.000000;ar;30.000000;12945.000000;2157.000000;40.000000;(이동속도%,12);(최대EP%,25);(쿨타임%,-16);*;*;0.000000;0.000000;*;0.000000;0.000000;0.000000;0.000000;0.000000;0.000000;req;get;ch;0.000000;*;0.000000;Auction_802;0.000000;1.000000;0.000000;0.000000
fq_07_fk_0004;토르카이의 발톱;0.000000;1.000000;0.000000;55.000000;GD_WR_TF_AC_WZ_PR_DO_MG;4.000000;fk;30.000000;17403.000000;2900.000000;50.000000;(모든공격력%,32);(모든극대력+,150);(모든극대력+,200);*;*;0.000000;0.000000;*;0.000000;0.000000;0.000000;0.000000;0.000000;0.000000;req;get;ch;0.000000;*;0.000000;Auction_800;0.000000;1.000000;0.000000;0.000000
fq_07_sl_0004;토르카이의 안장;0.000000;1.000000;0.000000;55.000000;GD_WR_TF_AC_WZ_PR_DO_MG;4.000000;sl;30.000000;18747.000000;3124.000000;50.000000;(모든방어력%,32);(최대HP%,33);(회피율+,16);*;*;0.000000;0.000000;*;0.000000;0.000000;0.000000;0.000000;0.000000;0.000000;req;get;ch;0.000000;*;0.000000;Auction_801;0.000000;1.000000;0.000000;0.000000
fq_07_ar_0004;토르카이의 영혼석;0.000000;1.000000;0.000000;55.000000;GD_WR_TF_AC_WZ_PR_DO_MG;4.000000;ar;30.000000;15534.000000;2589.000000;50.000000;(이동속도%,23);(최대EP%,35);(쿨타임%,-20);*;*;0.000000;0.000000;*;0.000000;0.000000;0.000000;0.000000;0.000000;0.000000;req;get;ch;0.000000;*;0.000000;Auction_802;0.000000;1.000000;0.000000;0.000000
fq_07_fk_0005;고대의 발톱;0.000000;1.000000;0.000000;55.000000;GD_WR_TF_AC_WZ_PR_DO_MG;4.000000;fk;30.000000;17403.000000;2900.000000;50.000000;(모든공격력%,50);(무기극대화확률+,25);(모든극대력+,500);*;*;0.000000;0.000000;*;0.000000;0.000000;0.000000;1.000000;1.000000;0.000000;req;get;ch;0.000000;*;0.000000;Auction_800;259200.000000;1.000000;0.000000;0.000000
fq_07_sl_0005;고대의 안장;0.000000;1.000000;0.000000;55.000000;GD_WR_TF_AC_WZ_PR_DO_MG;4.000000;sl;30.000000;18747.000000;3124.000000;50.000000;(모든방어력%,50);(최대HP%,50);(회피율+,30);*;*;0.000000;0.000000;*;0.000000;0.000000;0.000000;1.000000;1.000000;0.000000;req;get;ch;0.000000;*;0.000000;Auction_801;259200.000000;1.000000;0.000000;0.000000
fq_07_ar_0005;고대의 영혼석;0.000000;1.000000;0.000000;55.000000;GD_WR_TF_AC_WZ_PR_DO_MG;4.000000;ar;30.000000;15534.000000;2589.000000;50.000000;(이동속도%,35);(최대EP%,50);(쿨타임%,-30);*;*;0.000000;0.000000;*;0.000000;0.000000;0.000000;1.000000;1.000000;0.000000;req;get;ch;0.000000;*;0.000000;Auction_802;259200.000000;1.000000;0.000000;0.000000
fq_C00_fk_0006;축복의 발톱;0.000000;1.000000;0.000000;60.000000;GD_WR_TF_AC_WZ_PR_DO_MG;4.000000;fk;30.000000;1.000000;1.000000;50.000000;(모든공격력%,40);(무기극대화확률+,20);(모든극대력+,380);*;*;0.000000;0.000000;*;0.000000;0.000000;0.000000;1.000000;1.000000;0.000000;req;get;ch;0.000000;*;0.000000;Auction_800;2592000.000000;1.000000;0.000000;0.000000
fq_C00_sl_0006;축복의 안장;0.000000;1.000000;0.000000;60.000000;GD_WR_TF_AC_WZ_PR_DO_MG;4.000000;sl;30.000000;1.000000;1.000000;50.000000;(모든방어력%,40);(최대HP%,50);(회피율+,20);*;*;0.000000;0.000000;*;0.000000;0.000000;0.000000;1.000000;1.000000;0.000000;req;get;ch;0.000000;*;0.000000;Auction_801;2592000.000000;1.000000;0.000000;0.000000
fq_C00_ar_0006;축복의 영혼석;0.000000;1.000000;0.000000;60.000000;GD_WR_TF_AC_WZ_PR_DO_MG;4.000000;ar;30.000000;1.000000;1.000000;50.000000;(이동속도%,33);(최대EP%,40);(쿨타임%,-40);*;*;0.000000;0.000000;*;0.000000;0.000000;0.000000;1.000000;1.000000;0.000000;req;get;ch;0.000000;*;0.000000;Auction_802;2592000.000000;1.000000;0.000000;0.000000
fq_02_fk_2009;상급 학살자의 발톱;0.000000;1.000000;0.000000;55.000000;GD_WR_TF_AC_WZ_PR_DO_MG;3.000000;fk;30.000000;25058.000000;2505.000000;40.000000;(PK공격력%,45);(무기극대화확률+,28);(무기극대력+,320);*;*;0.000000;0.000000;*;0.000000;0.000000;0.000000;0.000000;0.000000;0.000000;req;get;ch;0.000000;*;0.000000;Auction_800;0.000000;1.000000;0.000000;0.000000
fq_02_sl_2009;상급 학살자의 안장;0.000000;1.000000;0.000000;55.000000;GD_WR_TF_AC_WZ_PR_DO_MG;3.000000;sl;30.000000;29479.000000;2947.000000;40.000000;(PK방어력%,40);(최대HP%,55);(회피율+,15);*;*;0.000000;0.000000;*;0.000000;0.000000;0.000000;0.000000;0.000000;0.000000;req;get;ch;0.000000;*;0.000000;Auction_801;0.000000;1.000000;0.000000;0.000000
fq_02_ar_2009;상급 학살자의 영혼석;0.000000;1.000000;0.000000;55.000000;GD_WR_TF_AC_WZ_PR_DO_MG;3.000000;ar;30.000000;17683.000000;1767.000000;40.000000;(이동속도%,26);(최대EP%,45);(쿨타임%,-24);*;*;0.000000;0.000000;*;0.000000;0.000000;0.000000;0.000000;0.000000;0.000000;req;get;ch;0.000000;*;0.000000;Auction_802;0.000000;1.000000;0.000000;0.000000
fq_C00_lt_0001;자동 습득의 인장(14일);0.000000;1.000000;0.000000;60.000000;GD_WR_TF_AC_WZ_PR_DO_MG;1.000000;lt;30.000000;1.000000;1.000000;50.000000;*;*;*;*;*;0.000000;0.000000;*;0.000000;0.000000;1.000000;1.000000;1.000000;0.000000;req;get;ch;0.000000;*;0.000000;Auction_802;1209600.000000;1.000000;0.000000;0.000000
fq_C00_lt_0002;자동 습득의 인장(30일);0.000000;1.000000;0.000000;60.000000;GD_WR_TF_AC_WZ_PR_DO_MG;1.000000;lt;30.000000;1.000000;1.000000;50.000000;*;*;*;*;*;0.000000;0.000000;*;0.000000;0.000000;1.000000;1.000000;1.000000;0.000000;req;get;ch;0.000000;*;0.000000;Auction_802;2592000.000000;1.000000;0.000000;0.000000
fq_C00_lt_0003;자동 습득의 인장;0.000000;1.000000;0.000000;60.000000;GD_WR_TF_AC_WZ_PR_DO_MG;1.000000;lt;30.000000;1.000000;1.000000;50.000000;*;*;*;*;*;0.000000;0.000000;*;0.000000;0.000000;1.000000;1.000000;1.000000;0.000000;req;get;ch;0.000000;*;0.000000;Auction_802;0.000000;1.000000;0.000000;0.000000
fq_C00_lt_0004;자동 습득의 인장(45일);0.000000;1.000000;0.000000;60.000000;GD_WR_TF_AC_WZ_PR_DO_MG;1.000000;lt;30.000000;1.000000;1.000000;50.000000;*;*;*;*;*;0.000000;0.000000;*;0.000000;0.000000;1.000000;1.000000;1.000000;0.000000;req;get;ch;0.000000;*;0.000000;Auction_802;3888000.000000;1.000000;0.000000;0.000000
fq_C00_lt_0005;자동 습득의 인장(3일);0.000000;1.000000;0.000000;60.000000;GD_WR_TF_AC_WZ_PR_DO_MG;1.000000;lt;30.000000;1.000000;1.000000;50.000000;*;*;*;*;*;0.000000;0.000000;*;0.000000;0.000000;1.000000;1.000000;1.000000;0.000000;req;get;ch;0.000000;*;0.000000;Auction_802;259200.000000;1.000000;0.000000;0.000000
fq_C00_lt_0006;자동 습득의 인장(7일);0.000000;1.000000;0.000000;60.000000;GD_WR_TF_AC_WZ_PR_DO_MG;1.000000;lt;30.000000;1.000000;1.000000;50.000000;*;*;*;*;*;0.000000;0.000000;*;0.000000;0.000000;1.000000;1.000000;1.000000;0.000000;req;get;ch;0.000000;*;0.000000;Auction_802;604800.000000;1.000000;0.000000;0.000000
fq_C00_fk_0007;축복의 발톱;0.000000;1.000000;0.000000;60.000000;GD_WR_TF_AC_WZ_PR_DO_MG;4.000000;fk;30.000000;1.000000;1.000000;50.000000;(모든공격력%,40);(무기극대화확률+,20);(모든극대력+,380);*;*;0.000000;0.000000;*;0.000000;0.000000;0.000000;0.000000;1.000000;0.000000;req;none;ch;0.000000;*;0.000000;Auction_800;0.000000;1.000000;0.000000;0.000000
fq_C00_sl_0007;축복의 안장;0.000000;1.000000;0.000000;60.000000;GD_WR_TF_AC_WZ_PR_DO_MG;4.000000;sl;30.000000;1.000000;1.000000;50.000000;(모든방어력%,40);(최대HP%,50);(회피율+,20);*;*;0.000000;0.000000;*;0.000000;0.000000;0.000000;0.000000;1.000000;0.000000;req;none;ch;0.000000;*;0.000000;Auction_801;0.000000;1.000000;0.000000;0.000000
fq_C00_ar_0007;축복의 영혼석;0.000000;1.000000;0.000000;60.000000;GD_WR_TF_AC_WZ_PR_DO_MG;4.000000;ar;30.000000;1.000000;1.000000;50.000000;(이동속도%,33);(최대EP%,40);(쿨타임%,-40);*;*;0.000000;0.000000;*;0.000000;0.000000;0.000000;0.000000;1.000000;0.000000;req;none;ch;0.000000;*;0.000000;Auction_802;0.000000;1.000000;0.000000;0.000000
fq_C00_lt_0007;자동 습득의 인장(1일);0.000000;1.000000;0.000000;60.000000;GD_WR_TF_AC_WZ_PR_DO_MG;1.000000;lt;30.000000;10.000000;1.000000;50.000000;*;*;*;*;*;0.000000;0.000000;*;0.000000;0.000000;1.000000;1.000000;1.000000;0.000000;req;get;ch;0.000000;*;0.000000;Auction_802;86400.000000;1.000000;0.000000;0.000000
fq_C00_fk_0008;사육가의 발톱(30일);0.000000;1.000000;0.000000;60.000000;GD_WR_TF_AC_WZ_PR_DO_MG;4.000000;fk;30.000000;1200.000000;1.000000;50.000000;(모든공격력%,30);(무기극대화확률+,20);(모든극대력+,350);*;*;0.000000;0.000000;*;0.000000;0.000000;0.000000;1.000000;1.000000;0.000000;req;get;ch;0.000000;*;0.000000;Auction_800;2592000.000000;1.000000;0.000000;0.000000
fq_C00_sl_0008;사육가의 안장(30일);0.000000;1.000000;0.000000;60.000000;GD_WR_TF_AC_WZ_PR_DO_MG;4.000000;sl;30.000000;1200.000000;1.000000;50.000000;(모든방어력%,35);(최대HP%,42);(회피율+,18);*;*;0.000000;0.000000;*;0.000000;0.000000;0.000000;1.000000;1.000000;0.000000;req;get;ch;0.000000;*;0.000000;Auction_801;2592000.000000;1.000000;0.000000;0.000000
fq_C00_ar_0008;사육가의 영혼석(30일);0.000000;1.000000;0.000000;60.000000;GD_WR_TF_AC_WZ_PR_DO_MG;4.000000;ar;30.000000;1500.000000;1.000000;50.000000;(이동속도%,28);(최대EP%,35);(쿨타임%,-30);*;*;0.000000;0.000000;*;0.000000;0.000000;0.000000;1.000000;1.000000;0.000000;req;get;ch;0.000000;*;0.000000;Auction_802;2592000.000000;1.000000;0.000000;0.000000
fq_C00_lt_0008;자동 습득의 인장(15일);0.000000;1.000000;0.000000;60.000000;GD_WR_TF_AC_WZ_PR_DO_MG;1.000000;lt;30.000000;10.000000;1.000000;50.000000;*;*;*;*;*;0.000000;0.000000;*;0.000000;0.000000;1.000000;1.000000;1.000000;0.000000;req;get;ch;0.000000;*;0.000000;Auction_802;1296000.000000;1.000000;0.000000;0.000000
fq_C00_fk_0009;맹약의 발톱;0.000000;1.000000;0.000000;60.000000;GD_WR_TF_AC_WZ_PR_DO_MG;4.000000;fk;30.000000;1.000000;1.000000;50.000000;(모든공격력%,42);(무기극대화확률+,22);(모든극대력+,410);*;*;0.000000;0.000000;*;0.000000;0.000000;0.000000;1.000000;1.000000;0.000000;req;get;ch;0.000000;*;0.000000;Auction_800;1296000.000000;1.000000;0.000000;0.000000
fq_C00_sl_0009;맹약의 안장;0.000000;1.000000;0.000000;60.000000;GD_WR_TF_AC_WZ_PR_DO_MG;4.000000;sl;30.000000;1.000000;1.000000;50.000000;(모든방어력%,42);(최대HP%,53);(회피율+,22);*;*;0.000000;0.000000;*;0.000000;0.000000;0.000000;1.000000;1.000000;0.000000;req;get;ch;0.000000;*;0.000000;Auction_801;1296000.000000;1.000000;0.000000;0.000000
fq_C00_ar_0009;맹약의 영혼석;0.000000;1.000000;0.000000;60.000000;GD_WR_TF_AC_WZ_PR_DO_MG;4.000000;ar;30.000000;1.000000;1.000000;50.000000;(이동속도%,35);(최대EP%,43);(쿨타임%,-42);*;*;0.000000;0.000000;*;0.000000;0.000000;0.000000;1.000000;1.000000;0.000000;req;get;ch;0.000000;*;0.000000;Auction_802;1296000.000000;1.000000;0.000000;0.000000
fq_C00_fk_0010;아드리안 발톱;0.000000;1.000000;0.000000;60.000000;GD_WR_TF_AC_WZ_PR_DO_MG;4.000000;fk;30.000000;1.000000;1.000000;50.000000;(모든공격력%,42);(무기극대화확률+,22);(모든극대력+,410);*;*;0.000000;0.000000;*;0.000000;0.000000;0.000000;0.000000;1.000000;0.000000;req;none;ch;0.000000;*;0.000000;Auction_800;0.000000;1.000000;0.000000;0.000000
fq_C00_sl_0010;아드리안 안장;0.000000;1.000000;0.000000;60.000000;GD_WR_TF_AC_WZ_PR_DO_MG;4.000000;sl;30.000000;1.000000;1.000000;50.000000;(모든방어력%,42);(최대HP%,53);(회피율+,22);*;*;0.000000;0.000000;*;0.000000;0.000000;0.000000;0.000000;1.000000;0.000000;req;none;ch;0.000000;*;0.000000;Auction_801;0.000000;1.000000;0.000000;0.000000
fq_C00_ar_0010;아드리안 영혼석;0.000000;1.000000;0.000000;60.000000;GD_WR_TF_AC_WZ_PR_DO_MG;4.000000;ar;30.000000;1.000000;1.000000;50.000000;(이동속도%,35);(최대EP%,43);(쿨타임%,-42);*;*;0.000000;0.000000;*;0.000000;0.000000;0.000000;0.000000;1.000000;0.000000;req;none;ch;0.000000;*;0.000000;Auction_802;0.000000;1.000000;0.000000;0.000000
fq_C00_fk_0011;희미한 축복의 발톱;0.000000;1.000000;0.000000;60.000000;GD_WR_TF_AC_WZ_PR_DO_MG;4.000000;fk;30.000000;600.000000;1.000000;50.000000;(모든공격력%,20);(무기극대화확률+,10);(모든극대력+,190);*;*;0.000000;0.000000;*;0.000000;0.000000;0.000000;0.000000;1.000000;0.000000;req;none;ch;0.000000;*;0.000000;Auction_800;0.000000;1.000000;0.000000;0.000000
fq_C00_sl_0011;희미한 축복의 안장;0.000000;1.000000;0.000000;60.000000;GD_WR_TF_AC_WZ_PR_DO_MG;4.000000;sl;30.000000;600.000000;1.000000;50.000000;(모든방어력%,20);(최대HP%,25);(회피율+,10);*;*;0.000000;0.000000;*;0.000000;0.000000;0.000000;0.000000;1.000000;0.000000;req;none;ch;0.000000;*;0.000000;Auction_801;0.000000;1.000000;0.000000;0.000000
fq_C00_ar_0011;희미한 축복의 영혼석;0.000000;1.000000;0.000000;60.000000;GD_WR_TF_AC_WZ_PR_DO_MG;4.000000;ar;30.000000;750.000000;1.000000;50.000000;(이동속도%,16);(최대EP%,20);(쿨타임%,-20);*;*;0.000000;0.000000;*;0.000000;0.000000;0.000000;0.000000;1.000000;0.000000;req;none;ch;0.000000;*;0.000000;Auction_802;0.000000;1.000000;0.000000;0.000000
fq_C00_fk_0012;공역의 발톱;0.000000;40.000000;0.000000;40.000000;GD_WR_TF_AC_WZ_PR_DO_MG;3.000000;fk;30.000000;8393.000000;1679.000000;40.000000;(무기물리공격력%,40);(무기극대화확률+,20);(무기극대력+,400);*;*;0.000000;0.000000;*;0.000000;0.000000;0.000000;0.000000;0.000000;0.000000;req;get;ch;0.000000;*;0.000000;Auction_800;0.000000;40.000000;0.000000;0.000000
fq_C00_sl_0012;공역의 안장;0.000000;40.000000;0.000000;40.000000;GD_WR_TF_AC_WZ_PR_DO_MG;3.000000;sl;30.000000;9874.000000;1975.000000;40.000000;(무기물리방어력%,40);(최대HP%,50);(회피율+,15);*;*;0.000000;0.000000;*;0.000000;0.000000;0.000000;0.000000;0.000000;0.000000;req;get;ch;0.000000;*;0.000000;Auction_801;0.000000;40.000000;0.000000;0.000000
fq_C00_ar_0012;공역의 영혼석;0.000000;40.000000;0.000000;40.000000;GD_WR_TF_AC_WZ_PR_DO_MG;3.000000;ar;30.000000;5924.000000;1185.000000;40.000000;(이동속도%,25);(최대EP%,40);(쿨타임%,-22);*;*;0.000000;0.000000;*;0.000000;0.000000;0.000000;1.000000;1.000000;0.000000;req;get;ch;0.000000;*;0.000000;Auction_802;0.000000;40.000000;0.000000;0.000000
fq_test_0001;초월 전용 장비 테스트;0.000000;40.000000;0.000000;40.000000;GD_WR_TF_AC_WZ_PR_DO_MG;3.000000;ar;30.000000;5924.000000;1185.000000;40.000000;(이동속도%,25);(최대EP%,40);(쿨타임%,-22);*;*;0.000000;0.000000;*;0.000000;0.000000;0.000000;1.000000;1.000000;0.000000;req;get;ch;0.000000;*;0.000000;Auction_802;0.000000;1.000000;0.000000;1.000000
