t_id;t_이름;개발용;t_펠로우소모타입;t_사용클래스;등급;요구레벨;제한레벨;아이템레벨;펠로우최소레벨;펠로우최대레벨;t_펠로우기준등급;매입가;처분가;드랍불가;중첩갯수;거래불능;처분불능;파괴불능;t_귀속;t_속성타입;재사용시간공유;재사용시간;동종재사용시간비공유;t_스킬효과;드랍불가1;t_드랍시레벨검사;t_귀속대상;소모제한;collectionuseable;t_판매대행분류;드랍시레벨검사무시;extreingrade;캐쉬;contentslevel;engrave;구매제한;통합채널사용불가
FM_000_0000;일반 펫 주문서;0.000000;fb;WR_GD_AC_TF_PR_WZ_DO_MG;1.000000;1.000000;0.000000;1.000000;1.000000;70.000000;no;5000.000000;500.000000;0.000000;999.000000;0.000000;0.000000;0.000000;none;no;101.000000;1.000000;0.000000;Fellow_transform.1;0.000000;req;ch;0.000000;0.000000;Auction_583;1.000000;0.000000;0.000000;1.000000;0.000000;0.000000;0.000000
FM_000_0001;정예 펫 주문서;0.000000;fb;WR_GD_AC_TF_PR_WZ_DO_MG;2.000000;1.000000;0.000000;1.000000;1.000000;70.000000;el;7500.000000;750.000000;0.000000;999.000000;0.000000;0.000000;0.000000;none;no;101.000000;1.000000;0.000000;Fellow_transform.1;0.000000;req;ch;0.000000;0.000000;Auction_583;1.000000;0.000000;0.000000;1.000000;0.000000;0.000000;0.000000
FM_000_0002;영웅 펫 주문서;0.000000;fb;WR_GD_AC_TF_PR_WZ_DO_MG;3.000000;1.000000;0.000000;1.000000;1.000000;70.000000;he;10000.000000;1000.000000;0.000000;999.000000;0.000000;0.000000;0.000000;none;no;101.000000;1.000000;0.000000;Fellow_transform.1;0.000000;req;ch;0.000000;0.000000;Auction_583;0.000000;0.000000;0.000000;1.000000;0.000000;0.000000;0.000000
FM_000_0014;전설 펫 주문서;0.000000;fb;WR_GD_AC_TF_PR_WZ_DO_MG;4.000000;1.000000;0.000000;1.000000;1.000000;70.000000;mt;20000.000000;2000.000000;0.000000;999.000000;0.000000;0.000000;0.000000;none;no;101.000000;1.000000;0.000000;Fellow_transform.1;0.000000;req;ch;0.000000;0.000000;Auction_583;0.000000;0.000000;0.000000;1.000000;0.000000;0.000000;0.000000
FM_000_0003;엑자란 영웅 펫 주문서;0.000000;fb;WR_GD_AC_TF_PR_WZ_DO_MG;3.000000;1.000000;0.000000;1.000000;1.000000;70.000000;he;120.000000;12.000000;0.000000;999.000000;1.000000;1.000000;0.000000;none;no;101.000000;1.000000;0.000000;Fellow_transform.1;0.000000;req;ch;0.000000;0.000000;Auction_583;0.000000;0.000000;0.000000;1.000000;0.000000;0.000000;0.000000
FM_000_0004;25레벨 펫 주문서;0.000000;fb;WR_GD_AC_TF_PR_WZ_DO_MG;1.000000;21.000000;0.000000;21.000000;1.000000;25.000000;no;5000.000000;500.000000;0.000000;999.000000;0.000000;0.000000;0.000000;none;no;101.000000;1.000000;0.000000;Fellow_transform.1;0.000000;req;ch;0.000000;0.000000;Auction_583;0.000000;0.000000;0.000000;21.000000;0.000000;0.000000;0.000000
FM_000_0005;25레벨 펫 주문서;0.000000;fb;WR_GD_AC_TF_PR_WZ_DO_MG;2.000000;21.000000;0.000000;21.000000;1.000000;25.000000;el;7500.000000;750.000000;0.000000;999.000000;0.000000;0.000000;0.000000;none;no;101.000000;1.000000;0.000000;Fellow_transform.1;0.000000;req;ch;0.000000;0.000000;Auction_583;0.000000;0.000000;0.000000;21.000000;0.000000;0.000000;0.000000
FM_000_0006;30레벨 펫 주문서;0.000000;fb;WR_GD_AC_TF_PR_WZ_DO_MG;1.000000;26.000000;0.000000;26.000000;1.000000;30.000000;no;5000.000000;500.000000;0.000000;999.000000;0.000000;0.000000;0.000000;none;no;101.000000;1.000000;0.000000;Fellow_transform.1;0.000000;req;ch;0.000000;0.000000;Auction_583;0.000000;0.000000;0.000000;26.000000;0.000000;0.000000;0.000000
FM_000_0007;30레벨 펫 주문서;0.000000;fb;WR_GD_AC_TF_PR_WZ_DO_MG;2.000000;26.000000;0.000000;26.000000;1.000000;30.000000;el;7500.000000;750.000000;0.000000;999.000000;0.000000;0.000000;0.000000;none;no;101.000000;1.000000;0.000000;Fellow_transform.1;0.000000;req;ch;0.000000;0.000000;Auction_583;0.000000;0.000000;0.000000;26.000000;0.000000;0.000000;0.000000
FM_000_0008;30레벨 펫 주문서;0.000000;fb;WR_GD_AC_TF_PR_WZ_DO_MG;3.000000;30.000000;0.000000;30.000000;1.000000;30.000000;he;10000.000000;1000.000000;0.000000;999.000000;0.000000;0.000000;0.000000;none;no;101.000000;1.000000;0.000000;Fellow_transform.1;0.000000;req;ch;0.000000;0.000000;Auction_583;0.000000;0.000000;0.000000;30.000000;0.000000;0.000000;0.000000
SF1_0_000_0000;10레벨 일반 봉인석;0.000000;sf;WR_GD_AC_TF_PR_WZ_DO_MG;1.000000;1.000000;0.000000;1.000000;1.000000;10.000000;no;2000.000000;200.000000;0.000000;999.000000;0.000000;0.000000;0.000000;none;no;101.000000;1.000000;0.000000;*;0.000000;req;ch;0.000000;0.000000;Auction_584;1.000000;0.000000;0.000000;1.000000;0.000000;0.000000;0.000000
SF1_0_000_0001;정예 봉인석;0.000000;sf;WR_GD_AC_TF_PR_WZ_DO_MG;2.000000;1.000000;0.000000;1.000000;1.000000;70.000000;el;7500.000000;750.000000;0.000000;999.000000;0.000000;0.000000;0.000000;none;no;101.000000;1.000000;0.000000;*;0.000000;req;ch;0.000000;0.000000;Auction_584;1.000000;0.000000;0.000000;1.000000;0.000000;0.000000;0.000000
SF1_1_000_0000;영웅 봉인석;0.000000;sf;WR_GD_AC_TF_PR_WZ_DO_MG;3.000000;1.000000;0.000000;1.000000;1.000000;70.000000;he;10000.000000;1000.000000;0.000000;999.000000;0.000000;0.000000;0.000000;none;no;101.000000;1.000000;0.000000;*;0.000000;req;ch;0.000000;0.000000;Auction_584;0.000000;0.000000;0.000000;1.000000;0.000000;0.000000;0.000000
SF1_4_000_0000;전설 봉인석;0.000000;sf;WR_GD_AC_TF_PR_WZ_DO_MG;4.000000;1.000000;0.000000;1.000000;1.000000;70.000000;mt;30000.000000;3000.000000;0.000000;999.000000;0.000000;0.000000;0.000000;none;no;101.000000;1.000000;0.000000;*;0.000000;req;ch;0.000000;0.000000;Auction_584;0.000000;0.000000;0.000000;1.000000;0.000000;0.000000;0.000000
SF1_1_000_0003;엑자란 영웅 봉인석;0.000000;sf;WR_GD_AC_TF_PR_WZ_DO_MG;3.000000;1.000000;0.000000;1.000000;1.000000;70.000000;he;120.000000;12.000000;0.000000;999.000000;1.000000;1.000000;0.000000;none;no;101.000000;1.000000;0.000000;*;0.000000;req;ch;0.000000;0.000000;Auction_584;0.000000;0.000000;0.000000;1.000000;0.000000;0.000000;0.000000
SF1_1_000_0001;40레벨 일반 봉인석;0.000000;sf;WR_GD_AC_TF_PR_WZ_DO_MG;1.000000;31.000000;0.000000;31.000000;1.000000;40.000000;no;15000.000000;1500.000000;0.000000;999.000000;0.000000;0.000000;0.000000;none;no;101.000000;1.000000;0.000000;*;0.000000;req;ch;0.000000;0.000000;Auction_584;0.000000;0.000000;0.000000;31.000000;0.000000;0.000000;0.000000
SF1_1_000_0002;50레벨 일반 봉인석;0.000000;sf;WR_GD_AC_TF_PR_WZ_DO_MG;1.000000;41.000000;0.000000;41.000000;1.000000;50.000000;no;17250.000000;1725.000000;0.000000;999.000000;0.000000;0.000000;0.000000;none;no;101.000000;1.000000;0.000000;*;0.000000;req;ch;0.000000;0.000000;Auction_584;0.000000;0.000000;0.000000;41.000000;0.000000;0.000000;0.000000
SF1_2_000_0000;20레벨 일반 봉인석;0.000000;sf;WR_GD_AC_TF_PR_WZ_DO_MG;1.000000;11.000000;0.000000;11.000000;1.000000;20.000000;no;5000.000000;500.000000;0.000000;999.000000;0.000000;0.000000;0.000000;none;no;101.000000;1.000000;0.000000;*;0.000000;req;ch;0.000000;0.000000;Auction_584;0.000000;0.000000;0.000000;11.000000;0.000000;0.000000;0.000000
SF1_2_000_0001;25레벨 봉인석;0.000000;w;WR_GD_AC_TF_PR_WZ_DO_MG;2.000000;21.000000;0.000000;21.000000;1.000000;25.000000;el;30000.000000;3000.000000;0.000000;99.000000;0.000000;0.000000;0.000000;none;no;101.000000;1.000000;0.000000;*;0.000000;req;ch;0.000000;0.000000;Auction_584;0.000000;0.000000;0.000000;21.000000;0.000000;0.000000;0.000000
SF1_3_000_0000;30레벨 일반 봉인석;0.000000;sf;WR_GD_AC_TF_PR_WZ_DO_MG;1.000000;21.000000;0.000000;21.000000;1.000000;30.000000;no;9000.000000;900.000000;0.000000;999.000000;0.000000;0.000000;0.000000;none;no;101.000000;1.000000;0.000000;*;0.000000;req;ch;0.000000;0.000000;Auction_584;0.000000;0.000000;0.000000;21.000000;0.000000;0.000000;0.000000
SF1_3_000_0001;30레벨 봉인석;0.000000;sf;WR_GD_AC_TF_PR_WZ_DO_MG;2.000000;26.000000;0.000000;26.000000;1.000000;30.000000;el;45000.000000;4500.000000;0.000000;999.000000;0.000000;0.000000;0.000000;none;no;101.000000;1.000000;0.000000;*;0.000000;req;ch;0.000000;0.000000;Auction_584;0.000000;0.000000;0.000000;26.000000;0.000000;0.000000;0.000000
FM_000_9000;체험 : 20레벨 펫 주문서;0.000000;fb;WR_GD_AC_TF_PR_WZ_DO_MG;1.000000;11.000000;0.000000;11.000000;1.000000;20.000000;no;5000.000000;500.000000;0.000000;1.000000;1.000000;0.000000;0.000000;none;no;101.000000;1.000000;0.000000;Fellow_transform.1;0.000000;req;ch;0.000000;0.000000;Auction_583;0.000000;0.000000;0.000000;11.000000;0.000000;0.000000;0.000000
SF1_1_000_9000;체험 : 20레벨 봉인석;0.000000;sf;WR_GD_AC_TF_PR_WZ_DO_MG;1.000000;11.000000;0.000000;11.000000;1.000000;20.000000;no;90000.000000;9000.000000;0.000000;1.000000;1.000000;0.000000;0.000000;none;no;101.000000;1.000000;0.000000;*;0.000000;req;ch;0.000000;0.000000;Auction_584;0.000000;0.000000;0.000000;11.000000;0.000000;0.000000;0.000000
FM_000_0009;일반 펠로우 주문서;0.000000;fr;WR_GD_AC_TF_PR_WZ_DO_MG;1.000000;1.000000;0.000000;1.000000;1.000000;70.000000;no;5000.000000;500.000000;0.000000;999.000000;1.000000;0.000000;0.000000;none;no;101.000000;1.000000;0.000000;Fellow_transform.1;0.000000;req;ch;0.000000;0.000000;Auction_583;0.000000;0.000000;0.000000;1.000000;0.000000;0.000000;0.000000
FM_000_0011;정예 펠로우 주문서;0.000000;fr;WR_GD_AC_TF_PR_WZ_DO_MG;2.000000;1.000000;0.000000;1.000000;1.000000;70.000000;el;7500.000000;750.000000;0.000000;999.000000;1.000000;0.000000;0.000000;none;no;101.000000;1.000000;0.000000;Fellow_transform.1;0.000000;req;ch;0.000000;0.000000;Auction_583;0.000000;0.000000;0.000000;1.000000;0.000000;0.000000;0.000000
FM_000_0012;영웅 펠로우 주문서;0.000000;fr;WR_GD_AC_TF_PR_WZ_DO_MG;3.000000;1.000000;0.000000;1.000000;1.000000;70.000000;he;10000.000000;1000.000000;0.000000;999.000000;1.000000;0.000000;0.000000;none;no;101.000000;1.000000;0.000000;Fellow_transform.1;0.000000;req;ch;0.000000;0.000000;Auction_583;0.000000;0.000000;0.000000;1.000000;0.000000;0.000000;0.000000
FM_000_0013;전설 펠로우 주문서;0.000000;fr;WR_GD_AC_TF_PR_WZ_DO_MG;4.000000;1.000000;0.000000;1.000000;1.000000;70.000000;mt;20000.000000;2000.000000;0.000000;999.000000;1.000000;0.000000;0.000000;none;no;101.000000;1.000000;0.000000;Fellow_transform.1;0.000000;req;ch;0.000000;0.000000;Auction_583;0.000000;0.000000;0.000000;1.000000;0.000000;0.000000;0.000000
FM_000_0010;펫 변형 아이템(테스트);0.000000;fm;WR_GD_AC_TF_PR_WZ_DO_MG;3.000000;1.000000;0.000000;1.000000;1.000000;30.000000;he;10000.000000;1000.000000;0.000000;99.000000;0.000000;0.000000;0.000000;none;no;101.000000;1.000000;0.000000;Fellow_transform.1;0.000000;req;ch;0.000000;0.000000;Auction_583;0.000000;0.000000;0.000000;1.000000;0.000000;0.000000;0.000000
IT_FE_UF_0000;정예 봉인해제 주문석;0.000000;uf;WR_GD_AC_TF_PR_WZ_DO_MG;2.000000;1.000000;0.000000;1.000000;1.000000;70.000000;el;1.000000;1.000000;0.000000;20.000000;1.000000;1.000000;0.000000;none;no;1000.000000;5.000000;0.000000;fellow_unseal.1;0.000000;req;ch;0.000000;0.000000;Auction_560;0.000000;0.000000;0.000000;1.000000;0.000000;0.000000;0.000000
IT_FE_UF_0001;영웅 봉인해제 주문석;0.000000;uf;WR_GD_AC_TF_PR_WZ_DO_MG;3.000000;1.000000;0.000000;1.000000;1.000000;70.000000;he;1.000000;1.000000;0.000000;20.000000;1.000000;1.000000;0.000000;none;no;1000.000000;5.000000;0.000000;fellow_unseal.1;0.000000;req;ch;0.000000;0.000000;Auction_560;0.000000;0.000000;0.000000;1.000000;0.000000;0.000000;0.000000
IT_FE_UF_0002;전설 봉인해제 주문석;0.000000;uf;WR_GD_AC_TF_PR_WZ_DO_MG;4.000000;1.000000;0.000000;1.000000;1.000000;70.000000;mt;1.000000;1.000000;0.000000;20.000000;1.000000;1.000000;0.000000;none;no;1000.000000;5.000000;0.000000;fellow_unseal.1;0.000000;req;ch;0.000000;0.000000;Auction_560;0.000000;0.000000;0.000000;1.000000;0.000000;0.000000;0.000000
CA_FE_UF_0000;정예 봉인해제 주문석;0.000000;uf;WR_GD_AC_TF_PR_WZ_DO_MG;2.000000;1.000000;0.000000;1.000000;1.000000;70.000000;el;1.000000;1.000000;0.000000;20.000000;1.000000;1.000000;0.000000;none;no;1000.000000;5.000000;0.000000;fellow_unseal.1;0.000000;req;ch;0.000000;0.000000;Auction_560;0.000000;0.000000;1.000000;1.000000;0.000000;0.000000;0.000000
CA_FE_UF_0001;영웅 봉인해제 주문석;0.000000;uf;WR_GD_AC_TF_PR_WZ_DO_MG;3.000000;1.000000;0.000000;1.000000;1.000000;70.000000;he;1.000000;1.000000;0.000000;20.000000;1.000000;1.000000;0.000000;none;no;1000.000000;5.000000;0.000000;fellow_unseal.1;0.000000;req;ch;0.000000;0.000000;Auction_560;0.000000;0.000000;1.000000;1.000000;0.000000;0.000000;0.000000
CA_FE_UF_0002;전설 봉인해제 주문석;0.000000;uf;WR_GD_AC_TF_PR_WZ_DO_MG;4.000000;1.000000;0.000000;1.000000;1.000000;70.000000;mt;1.000000;1.000000;0.000000;20.000000;1.000000;1.000000;0.000000;none;no;1000.000000;5.000000;0.000000;fellow_unseal.1;0.000000;req;ch;0.000000;0.000000;Auction_560;0.000000;0.000000;1.000000;1.000000;0.000000;0.000000;0.000000
IT_FE_EF_0000;정예 봉인석 추출봉;0.000000;ef;WR_GD_AC_TF_PR_WZ_DO_MG;2.000000;1.000000;0.000000;15.000000;1.000000;70.000000;el;40.000000;1.000000;0.000000;999.000000;1.000000;1.000000;0.000000;none;no;1001.000000;0.000000;0.000000;extractionsealedfellow.1;0.000000;req;ch;0.000000;0.000000;Auction_560;0.000000;0.000000;0.000000;1.000000;0.000000;0.000000;0.000000
IT_FE_EF_0001;아케론 정예 봉인석 추출봉;0.000000;ef;WR_GD_AC_TF_PR_WZ_DO_MG;2.000000;1.000000;0.000000;15.000000;1.000000;70.000000;el;240.000000;1.000000;0.000000;999.000000;1.000000;1.000000;0.000000;none;no;1001.000000;0.000000;0.000000;extractionsealedfellow.1;0.000000;req;ch;0.000000;0.000000;Auction_560;0.000000;0.000000;0.000000;1.000000;0.000000;0.000000;0.000000
IT_FE_EF_0002;정예 봉인석 추출봉III;0.000000;ef;WR_GD_AC_TF_PR_WZ_DO_MG;2.000000;1.000000;0.000000;25.000000;1.000000;70.000000;el;1.000000;1.000000;0.000000;999.000000;1.000000;1.000000;0.000000;none;no;1001.000000;0.000000;0.000000;extractionsealedfellow.1;0.000000;req;ch;0.000000;0.000000;Auction_560;0.000000;0.000000;0.000000;1.000000;0.000000;0.000000;0.000000
IT_FE_EF_0003;정예 봉인석 추출봉IV;0.000000;ef;WR_GD_AC_TF_PR_WZ_DO_MG;2.000000;1.000000;0.000000;30.000000;1.000000;70.000000;el;1.000000;1.000000;0.000000;999.000000;1.000000;1.000000;0.000000;none;no;1001.000000;0.000000;0.000000;extractionsealedfellow.1;0.000000;req;ch;0.000000;0.000000;Auction_560;0.000000;0.000000;0.000000;1.000000;0.000000;0.000000;0.000000
IT_FE_EF_0004;정예 봉인석 추출봉V;0.000000;ef;WR_GD_AC_TF_PR_WZ_DO_MG;2.000000;1.000000;0.000000;35.000000;1.000000;70.000000;el;1.000000;1.000000;0.000000;999.000000;1.000000;1.000000;0.000000;none;no;1001.000000;0.000000;0.000000;extractionsealedfellow.1;0.000000;req;ch;0.000000;0.000000;Auction_560;0.000000;0.000000;0.000000;1.000000;0.000000;0.000000;0.000000
IT_FE_EF_0005;영웅 봉인석 추출봉;0.000000;ef;WR_GD_AC_TF_PR_WZ_DO_MG;3.000000;1.000000;0.000000;15.000000;1.000000;70.000000;he;80.000000;1.000000;0.000000;999.000000;1.000000;1.000000;0.000000;none;no;1001.000000;0.000000;0.000000;extractionsealedfellow.1;0.000000;req;ch;0.000000;0.000000;Auction_560;0.000000;0.000000;0.000000;1.000000;0.000000;0.000000;0.000000
IT_FE_EF_0006;아케론 영웅 봉인석 추출봉;0.000000;ef;WR_GD_AC_TF_PR_WZ_DO_MG;3.000000;1.000000;0.000000;15.000000;1.000000;70.000000;he;480.000000;1.000000;0.000000;999.000000;1.000000;1.000000;0.000000;none;no;1001.000000;0.000000;0.000000;extractionsealedfellow.1;0.000000;req;ch;0.000000;0.000000;Auction_560;0.000000;0.000000;0.000000;1.000000;0.000000;0.000000;0.000000
IT_FE_EF_0007;영웅 봉인석 추출봉III;0.000000;ef;WR_GD_AC_TF_PR_WZ_DO_MG;3.000000;1.000000;0.000000;25.000000;1.000000;70.000000;he;1.000000;1.000000;0.000000;999.000000;1.000000;1.000000;0.000000;none;no;1001.000000;0.000000;0.000000;extractionsealedfellow.1;0.000000;req;ch;0.000000;0.000000;Auction_560;0.000000;0.000000;0.000000;1.000000;0.000000;0.000000;0.000000
IT_FE_EF_0008;영웅 봉인석 추출봉IV;0.000000;ef;WR_GD_AC_TF_PR_WZ_DO_MG;3.000000;1.000000;0.000000;30.000000;1.000000;70.000000;he;1.000000;1.000000;0.000000;999.000000;1.000000;1.000000;0.000000;none;no;1001.000000;0.000000;0.000000;extractionsealedfellow.1;0.000000;req;ch;0.000000;0.000000;Auction_560;0.000000;0.000000;0.000000;1.000000;0.000000;0.000000;0.000000
IT_FE_EF_0009;영웅 봉인석 추출봉V;0.000000;ef;WR_GD_AC_TF_PR_WZ_DO_MG;3.000000;1.000000;0.000000;35.000000;1.000000;70.000000;he;1.000000;1.000000;0.000000;999.000000;1.000000;1.000000;0.000000;none;no;1001.000000;0.000000;0.000000;extractionsealedfellow.1;0.000000;req;ch;0.000000;0.000000;Auction_560;0.000000;0.000000;0.000000;1.000000;0.000000;0.000000;0.000000
IT_FE_EF_0010;전설 봉인석 추출봉;0.000000;ef;WR_GD_AC_TF_PR_WZ_DO_MG;4.000000;1.000000;0.000000;15.000000;1.000000;70.000000;mt;120.000000;1.000000;0.000000;999.000000;1.000000;1.000000;0.000000;none;no;1001.000000;0.000000;0.000000;extractionsealedfellow.1;0.000000;req;ch;0.000000;0.000000;Auction_560;0.000000;0.000000;0.000000;1.000000;0.000000;0.000000;0.000000
CA_FE_EF_0000;축복받은 정예 봉인석 추출봉;0.000000;ef;WR_GD_AC_TF_PR_WZ_DO_MG;2.000000;1.000000;0.000000;15.000000;1.000000;70.000000;el;1.000000;1.000000;0.000000;999.000000;0.000000;1.000000;0.000000;none;no;1001.000000;0.000000;0.000000;extractionsealedfellow.1;0.000000;req;ch;0.000000;0.000000;Auction_560;0.000000;0.000000;1.000000;1.000000;0.000000;0.000000;0.000000
CA_FE_EF_0001;정예 봉인석 추출봉II;0.000000;ef;WR_GD_AC_TF_PR_WZ_DO_MG;2.000000;40.000000;0.000000;20.000000;1.000000;70.000000;el;1.000000;1.000000;0.000000;999.000000;1.000000;1.000000;0.000000;none;no;1001.000000;0.000000;0.000000;extractionsealedfellow.1;0.000000;req;ch;0.000000;0.000000;Auction_560;0.000000;0.000000;1.000000;40.000000;0.000000;0.000000;0.000000
CA_FE_EF_0002;정예 봉인석 추출봉III;0.000000;ef;WR_GD_AC_TF_PR_WZ_DO_MG;2.000000;40.000000;0.000000;25.000000;1.000000;70.000000;el;1.000000;1.000000;0.000000;999.000000;1.000000;1.000000;0.000000;none;no;1001.000000;0.000000;0.000000;extractionsealedfellow.1;0.000000;req;ch;0.000000;0.000000;Auction_560;0.000000;0.000000;1.000000;40.000000;0.000000;0.000000;0.000000
CA_FE_EF_0003;정예 봉인석 추출봉IV;0.000000;ef;WR_GD_AC_TF_PR_WZ_DO_MG;2.000000;40.000000;0.000000;30.000000;1.000000;70.000000;el;1.000000;1.000000;0.000000;999.000000;1.000000;1.000000;0.000000;none;no;1001.000000;0.000000;0.000000;extractionsealedfellow.1;0.000000;req;ch;0.000000;0.000000;Auction_560;0.000000;0.000000;1.000000;40.000000;0.000000;0.000000;0.000000
CA_FE_EF_0004;영웅 봉인석 추출봉;0.000000;ef;WR_GD_AC_TF_PR_WZ_DO_MG;3.000000;40.000000;0.000000;15.000000;1.000000;70.000000;he;40.000000;1.000000;0.000000;999.000000;1.000000;1.000000;0.000000;none;no;1001.000000;0.000000;0.000000;extractionsealedfellow.1;0.000000;req;ch;0.000000;0.000000;Auction_560;0.000000;0.000000;1.000000;40.000000;0.000000;0.000000;0.000000
CA_FE_EF_0005;축복받은 영웅 봉인석 추출봉;0.000000;ef;WR_GD_AC_TF_PR_WZ_DO_MG;3.000000;1.000000;0.000000;15.000000;1.000000;70.000000;he;1.000000;1.000000;0.000000;999.000000;0.000000;1.000000;0.000000;none;no;1001.000000;0.000000;0.000000;extractionsealedfellow.1;0.000000;req;ch;0.000000;0.000000;Auction_560;0.000000;0.000000;1.000000;1.000000;0.000000;0.000000;0.000000
CA_FE_EF_0006;영웅 봉인석 추출봉II;0.000000;ef;WR_GD_AC_TF_PR_WZ_DO_MG;3.000000;40.000000;0.000000;20.000000;1.000000;70.000000;he;1.000000;1.000000;0.000000;999.000000;1.000000;1.000000;0.000000;none;no;1001.000000;0.000000;0.000000;extractionsealedfellow.1;0.000000;req;ch;0.000000;0.000000;Auction_560;0.000000;0.000000;1.000000;40.000000;0.000000;0.000000;0.000000
CA_FE_EF_0007;영웅 봉인석 추출봉III;0.000000;ef;WR_GD_AC_TF_PR_WZ_DO_MG;3.000000;40.000000;0.000000;25.000000;1.000000;70.000000;he;1.000000;1.000000;0.000000;999.000000;1.000000;1.000000;0.000000;none;no;1001.000000;0.000000;0.000000;extractionsealedfellow.1;0.000000;req;ch;0.000000;0.000000;Auction_560;0.000000;0.000000;1.000000;40.000000;0.000000;0.000000;0.000000
CA_FE_EF_0008;영웅 봉인석 추출봉IV;0.000000;ef;WR_GD_AC_TF_PR_WZ_DO_MG;3.000000;40.000000;0.000000;30.000000;1.000000;70.000000;he;1.000000;1.000000;0.000000;999.000000;1.000000;1.000000;0.000000;none;no;1001.000000;0.000000;0.000000;extractionsealedfellow.1;0.000000;req;ch;0.000000;0.000000;Auction_560;0.000000;0.000000;1.000000;40.000000;0.000000;0.000000;0.000000
CA_FE_EF_0009;전설 봉인석 추출봉;0.000000;ef;WR_GD_AC_TF_PR_WZ_DO_MG;4.000000;45.000000;0.000000;35.000000;1.000000;70.000000;mt;80.000000;1.000000;0.000000;999.000000;1.000000;1.000000;0.000000;none;no;1001.000000;0.000000;0.000000;extractionsealedfellow.1;0.000000;req;ch;0.000000;0.000000;Auction_560;0.000000;0.000000;1.000000;45.000000;0.000000;0.000000;0.000000
CA_FE_EF_0010;축복받은 전설 봉인석 추출봉;0.000000;ef;WR_GD_AC_TF_PR_WZ_DO_MG;4.000000;45.000000;0.000000;35.000000;1.000000;70.000000;mt;1.000000;1.000000;0.000000;999.000000;0.000000;1.000000;0.000000;none;no;1001.000000;0.000000;0.000000;extractionsealedfellow.1;0.000000;req;ch;0.000000;0.000000;Auction_560;0.000000;0.000000;1.000000;45.000000;0.000000;0.000000;0.000000
CA_FE_FB_0098;성장의 부스터(3시간);0.000000;cb;WR_GD_AC_TF_PR_WZ_DO_MG;1.000000;1.000000;0.000000;1.000000;1.000000;70.000000;mt;25.000000;1.000000;0.000000;20.000000;1.000000;1.000000;0.000000;none;no;1001.000000;0.000000;0.000000;itfelexpbst00.1;0.000000;req;ch;0.000000;0.000000;Auction_560;0.000000;0.000000;0.000000;1.000000;0.000000;0.000000;0.000000
CA_FE_FB_0099;고속성장의 부스터(3시간);0.000000;cb;WR_GD_AC_TF_PR_WZ_DO_MG;1.000000;1.000000;0.000000;1.000000;1.000000;70.000000;mt;40.000000;1.000000;0.000000;20.000000;1.000000;1.000000;0.000000;none;no;1001.000000;0.000000;0.000000;itfelexpbst00.2;0.000000;req;ch;0.000000;0.000000;Auction_560;0.000000;0.000000;0.000000;1.000000;0.000000;0.000000;0.000000
CA_FE_FB_0100;펠로우 위탁 500X 경험치 부스터 (5m);0.000000;cb;WR_GD_AC_TF_PR_WZ_DO_MG;1.000000;1.000000;0.000000;1.000000;1.000000;70.000000;mt;80.000000;1.000000;0.000000;20.000000;1.000000;1.000000;0.000000;none;no;1001.000000;0.000000;0.000000;itfelexpbst00.3;0.000000;req;ch;0.000000;0.000000;Auction_560;0.000000;0.000000;0.000000;1.000000;0.000000;0.000000;0.000000
CA_FE_FB_0101;펠로우 위탁 1000X 경험치 부스터 (5m);0.000000;cb;WR_GD_AC_TF_PR_WZ_DO_MG;1.000000;1.000000;0.000000;1.000000;1.000000;70.000000;mt;1.000000;1.000000;0.000000;20.000000;1.000000;1.000000;0.000000;none;no;1001.000000;0.000000;0.000000;itfelexpbst00.4;0.000000;req;ch;0.000000;0.000000;Auction_560;0.000000;0.000000;0.000000;1.000000;0.000000;0.000000;0.000000
CA_FE_FB_0000;성장의 부스터(1시간);0.000000;cb;WR_GD_AC_TF_PR_WZ_DO_MG;1.000000;1.000000;0.000000;1.000000;1.000000;70.000000;mt;3.000000;1.000000;0.000000;40.000000;1.000000;1.000000;0.000000;get;no;1001.000000;0.000000;0.000000;itfelexpbst00.5;0.000000;req;ch;0.000000;0.000000;Auction_560;0.000000;0.000000;1.000000;1.000000;0.000000;0.000000;0.000000
CA_FE_FB_0001;성장의 부스터(3시간);0.000000;cb;WR_GD_AC_TF_PR_WZ_DO_MG;1.000000;1.000000;0.000000;1.000000;1.000000;70.000000;mt;25.000000;1.000000;0.000000;40.000000;1.000000;1.000000;0.000000;get;no;1001.000000;0.000000;0.000000;itfelexpbst00.6;0.000000;req;ch;0.000000;0.000000;Auction_560;0.000000;0.000000;1.000000;1.000000;0.000000;0.000000;0.000000
CA_FE_FB_0002;성장의 부스터(6시간);0.000000;cb;WR_GD_AC_TF_PR_WZ_DO_MG;1.000000;1.000000;0.000000;1.000000;1.000000;70.000000;mt;15.000000;1.000000;0.000000;40.000000;1.000000;1.000000;0.000000;get;no;1001.000000;0.000000;0.000000;itfelexpbst00.7;0.000000;req;ch;0.000000;0.000000;Auction_560;0.000000;0.000000;1.000000;1.000000;0.000000;0.000000;0.000000
CA_FE_FB_0003;고속성장의 부스터(1시간);0.000000;cb;WR_GD_AC_TF_PR_WZ_DO_MG;1.000000;1.000000;0.000000;1.000000;1.000000;70.000000;mt;5.000000;1.000000;0.000000;40.000000;1.000000;1.000000;0.000000;get;no;1001.000000;0.000000;0.000000;itfelexpbst00.8;0.000000;req;ch;0.000000;0.000000;Auction_560;0.000000;0.000000;1.000000;1.000000;0.000000;0.000000;0.000000
CA_FE_FB_0004;고속성장의 부스터(3시간);0.000000;cb;WR_GD_AC_TF_PR_WZ_DO_MG;1.000000;1.000000;0.000000;1.000000;1.000000;70.000000;mt;40.000000;1.000000;0.000000;40.000000;1.000000;1.000000;0.000000;get;no;1001.000000;0.000000;0.000000;itfelexpbst00.9;0.000000;req;ch;0.000000;0.000000;Auction_560;0.000000;0.000000;1.000000;1.000000;0.000000;0.000000;0.000000
CA_FE_FB_0005;고속성장의 부스터(6시간);0.000000;cb;WR_GD_AC_TF_PR_WZ_DO_MG;1.000000;1.000000;0.000000;1.000000;1.000000;70.000000;mt;25.000000;1.000000;0.000000;40.000000;1.000000;1.000000;0.000000;get;no;1001.000000;0.000000;0.000000;itfelexpbst00.10;0.000000;req;ch;0.000000;0.000000;Auction_560;0.000000;0.000000;1.000000;1.000000;0.000000;0.000000;0.000000
IT_FE_TS_0001;봉인석 추출 테스트 (정예);0.000000;em;WR_GD_AC_TF_PR_WZ_DO_MG;2.000000;1.000000;0.000000;1.000000;1.000000;70.000000;el;1000.000000;1.000000;0.000000;999.000000;1.000000;1.000000;0.000000;none;no;1001.000000;0.000000;0.000000;extractionsealedfellow.1;0.000000;req;ch;0.000000;0.000000;Auction_560;0.000000;0.000000;0.000000;1.000000;0.000000;0.000000;0.000000
IT_FE_TS_0002;봉인석 추출 테스트 (정예);0.000000;em;WR_GD_AC_TF_PR_WZ_DO_MG;3.000000;1.000000;0.000000;1.000000;1.000000;70.000000;mt;1000.000000;1.000000;0.000000;999.000000;1.000000;1.000000;0.000000;none;no;1001.000000;0.000000;0.000000;extractionsealedfellow.1;0.000000;req;ch;0.000000;0.000000;Auction_560;0.000000;0.000000;0.000000;1.000000;0.000000;0.000000;0.000000
IT_FE_TS_0003;봉인석 추출 테스트 (정예);0.000000;em;WR_GD_AC_TF_PR_WZ_DO_MG;4.000000;1.000000;0.000000;1.000000;1.000000;70.000000;mt;1000.000000;1.000000;0.000000;999.000000;1.000000;1.000000;0.000000;none;no;1001.000000;0.000000;0.000000;extractionsealedfellow.1;0.000000;req;ch;0.000000;0.000000;Auction_560;0.000000;0.000000;0.000000;1.000000;0.000000;0.000000;0.000000
IT_FE_TS_0004;봉인석 추출 테스트 (1강);0.000000;em;WR_GD_AC_TF_PR_WZ_DO_MG;4.000000;1.000000;0.000000;1.000000;1.000000;70.000000;mt;1000.000000;1.000000;0.000000;999.000000;1.000000;1.000000;0.000000;none;no;1001.000000;0.000000;0.000000;extractionsealedfellow.1;0.000000;req;ch;0.000000;0.000000;Auction_560;0.000000;1.000000;0.000000;1.000000;0.000000;0.000000;0.000000
IT_FE_TS_0005;봉인석 추출 테스트 (2강);0.000000;em;WR_GD_AC_TF_PR_WZ_DO_MG;4.000000;1.000000;0.000000;1.000000;1.000000;70.000000;mt;1000.000000;1.000000;0.000000;999.000000;1.000000;1.000000;0.000000;none;no;1001.000000;0.000000;0.000000;extractionsealedfellow.1;0.000000;req;ch;0.000000;0.000000;Auction_560;0.000000;2.000000;0.000000;1.000000;0.000000;0.000000;0.000000
IT_FE_TS_0006;봉인석 추출 테스트 (3강);0.000000;em;WR_GD_AC_TF_PR_WZ_DO_MG;4.000000;1.000000;0.000000;1.000000;1.000000;70.000000;mt;1000.000000;1.000000;0.000000;999.000000;1.000000;1.000000;0.000000;none;no;1001.000000;0.000000;0.000000;extractionsealedfellow.1;0.000000;req;ch;0.000000;0.000000;Auction_560;0.000000;3.000000;0.000000;1.000000;0.000000;0.000000;0.000000
IT_FE_TS_0007;봉인석 추출 테스트 (4강);0.000000;em;WR_GD_AC_TF_PR_WZ_DO_MG;4.000000;1.000000;0.000000;1.000000;1.000000;70.000000;mt;1000.000000;1.000000;0.000000;999.000000;1.000000;1.000000;0.000000;none;no;1001.000000;0.000000;0.000000;extractionsealedfellow.1;0.000000;req;ch;0.000000;0.000000;Auction_560;0.000000;4.000000;0.000000;1.000000;0.000000;0.000000;0.000000
IT_FE_TS_0008;봉인석 추출 테스트 (5강);0.000000;em;WR_GD_AC_TF_PR_WZ_DO_MG;4.000000;1.000000;0.000000;1.000000;1.000000;70.000000;mt;1000.000000;1.000000;0.000000;999.000000;1.000000;1.000000;0.000000;none;no;1001.000000;0.000000;0.000000;extractionsealedfellow.1;0.000000;req;ch;0.000000;0.000000;Auction_560;0.000000;5.000000;0.000000;1.000000;0.000000;0.000000;0.000000
SF1_1_000_0004;60레벨 일반 봉인석;0.000000;sf;WR_GD_AC_TF_PR_WZ_DO_MG;1.000000;51.000000;0.000000;51.000000;1.000000;60.000000;no;20000.000000;2000.000000;0.000000;999.000000;0.000000;0.000000;0.000000;none;no;101.000000;1.000000;0.000000;*;0.000000;req;ch;0.000000;0.000000;Auction_584;0.000000;0.000000;0.000000;51.000000;0.000000;0.000000;0.000000
CA_FE_ES_0000;테스트용 펠로우 각인(1분);0.000000;es;WR_GD_AC_TF_PR_WZ_DO_MG;1.000000;1.000000;0.000000;1.000000;1.000000;99.000000;no;100.000000;1.000000;0.000000;20.000000;0.000000;0.000000;0.000000;none;no;1021.000000;5.000000;0.000000;*;0.000000;req;ch;0.000000;0.000000;Auction_560;0.000000;0.000000;1.000000;1.000000;60.000000;0.000000;0.000000
CA_FE_ES_0001;테스트용 펠로우 각인(10분);0.000000;es;WR_GD_AC_TF_PR_WZ_DO_MG;1.000000;1.000000;0.000000;1.000000;1.000000;99.000000;no;100.000000;1.000000;0.000000;20.000000;0.000000;0.000000;0.000000;none;no;1021.000000;5.000000;0.000000;*;0.000000;req;ch;0.000000;0.000000;Auction_560;0.000000;0.000000;1.000000;1.000000;600.000000;0.000000;0.000000
IT_FE_ES_0000;펠로우용 각인 도구(1일);0.000000;es;WR_GD_AC_TF_PR_WZ_DO_MG;1.000000;1.000000;0.000000;1.000000;1.000000;99.000000;no;100.000000;10.000000;0.000000;20.000000;0.000000;0.000000;0.000000;none;no;1021.000000;5.000000;0.000000;*;0.000000;req;ch;0.000000;0.000000;Auction_560;0.000000;0.000000;0.000000;1.000000;86400.000000;0.000000;0.000000
IT_FE_ES_0001;펠로우용 각인 도구(7일);0.000000;es;WR_GD_AC_TF_PR_WZ_DO_MG;1.000000;1.000000;0.000000;1.000000;1.000000;99.000000;no;700.000000;70.000000;0.000000;20.000000;0.000000;0.000000;0.000000;none;no;1021.000000;5.000000;0.000000;*;0.000000;req;ch;0.000000;0.000000;Auction_560;0.000000;0.000000;0.000000;1.000000;604800.000000;0.000000;0.000000
IT_FE_ES_0002;펠로우용 각인 도구(15일);0.000000;es;WR_GD_AC_TF_PR_WZ_DO_MG;1.000000;1.000000;0.000000;1.000000;1.000000;99.000000;no;1500.000000;150.000000;0.000000;20.000000;0.000000;0.000000;0.000000;none;no;1021.000000;5.000000;0.000000;*;0.000000;req;ch;0.000000;0.000000;Auction_560;0.000000;0.000000;0.000000;1.000000;1296000.000000;0.000000;0.000000
IT_FE_ES_0003;펠로우용 각인 도구(30일);0.000000;es;WR_GD_AC_TF_PR_WZ_DO_MG;1.000000;1.000000;0.000000;1.000000;1.000000;99.000000;no;2000.000000;200.000000;0.000000;20.000000;0.000000;0.000000;0.000000;none;no;1021.000000;5.000000;0.000000;*;0.000000;req;ch;0.000000;0.000000;Auction_560;0.000000;0.000000;0.000000;1.000000;2592000.000000;0.000000;0.000000
CA_FE_EM_0000;+5강화 영웅 추출봉;0.000000;em;WR_GD_AC_TF_PR_WZ_DO_MG;3.000000;1.000000;0.000000;1.000000;1.000000;70.000000;he;1000.000000;1.000000;0.000000;999.000000;0.000000;1.000000;0.000000;none;no;1001.000000;5.000000;0.000000;extractionsealedfellow.1;0.000000;req;ch;0.000000;0.000000;Auction_560;0.000000;5.000000;1.000000;1.000000;0.000000;0.000000;0.000000
CA_FE_EM_0001;+5강화 전설 추출봉;0.000000;em;WR_GD_AC_TF_PR_WZ_DO_MG;4.000000;1.000000;0.000000;1.000000;1.000000;70.000000;mt;1000.000000;1.000000;0.000000;999.000000;0.000000;1.000000;0.000000;none;no;1001.000000;5.000000;0.000000;extractionsealedfellow.1;0.000000;req;ch;0.000000;0.000000;Auction_560;0.000000;5.000000;1.000000;1.000000;0.000000;0.000000;0.000000
CA_FE_EM_0002;+5강화 영웅 추출봉;0.000000;em;WR_GD_AC_TF_PR_WZ_DO_MG;3.000000;1.000000;0.000000;1.000000;1.000000;70.000000;he;1000.000000;1.000000;0.000000;999.000000;1.000000;1.000000;0.000000;none;no;1001.000000;5.000000;0.000000;extractionsealedfellow.1;0.000000;req;ch;0.000000;0.000000;Auction_560;0.000000;5.000000;0.000000;1.000000;0.000000;0.000000;0.000000
CA_FE_EM_0003;+5강화 전설 추출봉;0.000000;em;WR_GD_AC_TF_PR_WZ_DO_MG;4.000000;1.000000;0.000000;1.000000;1.000000;70.000000;mt;8.000000;1.000000;0.000000;999.000000;1.000000;1.000000;0.000000;none;no;1001.000000;5.000000;0.000000;extractionsealedfellow.1;0.000000;req;ch;0.000000;0.000000;Auction_560;0.000000;5.000000;0.000000;1.000000;0.000000;0.000000;0.000000
FM_000_0015;전설 펫 주문서;0.000000;fb;WR_GD_AC_TF_PR_WZ_DO_MG;4.000000;1.000000;0.000000;1.000000;1.000000;70.000000;mt;10.000000;1.000000;0.000000;999.000000;1.000000;1.000000;0.000000;none;no;101.000000;1.000000;0.000000;Fellow_transform.1;0.000000;req;ch;0.000000;0.000000;Auction_583;0.000000;0.000000;0.000000;1.000000;0.000000;0.000000;0.000000
FM_000_0101;콜렉션용 전설 펠로우 주문서;0.000000;fr;WR_GD_AC_TF_PR_WZ_DO_MG;4.000000;1.000000;0.000000;1.000000;1.000000;70.000000;mt;3.000000;0.300000;0.000000;999.000000;1.000000;1.000000;0.000000;none;no;101.000000;1.000000;0.000000;Fellow_transform.1;0.000000;req;ch;0.000000;1.000000;Auction_583;0.000000;0.000000;0.000000;1.000000;0.000000;2.000000;0.000000
FM_000_0016;전설 펠로우 주문서(거래불가);0.000000;fr;WR_GD_AC_TF_PR_WZ_DO_MG;4.000000;1.000000;0.000000;1.000000;1.000000;70.000000;mt;2.000000;1.000000;0.000000;999.000000;1.000000;1.000000;0.000000;get;no;101.000000;1.000000;0.000000;Fellow_transform.1;0.000000;req;ch;0.000000;0.000000;Auction_583;0.000000;0.000000;0.000000;1.000000;0.000000;0.000000;0.000000
FM_000_0102;콜렉션용 전설 펠로우 주문서;0.000000;fr;WR_GD_AC_TF_PR_WZ_DO_MG;4.000000;1.000000;0.000000;1.000000;1.000000;70.000000;mt;150.000000;15.000000;0.000000;999.000000;1.000000;1.000000;0.000000;none;no;101.000000;1.000000;0.000000;Fellow_transform.1;0.000000;req;ch;0.000000;1.000000;Auction_583;0.000000;0.000000;0.000000;1.000000;0.000000;0.000000;0.000000
FM_000_0103;콜렉션용 영웅 펠로우 주문서;0.000000;fr;WR_GD_AC_TF_PR_WZ_DO_MG;3.000000;1.000000;0.000000;1.000000;1.000000;70.000000;he;10.000000;1.000000;0.000000;999.000000;1.000000;1.000000;0.000000;none;no;101.000000;1.000000;0.000000;Fellow_transform.1;0.000000;req;ch;0.000000;1.000000;Auction_583;0.000000;0.000000;0.000000;1.000000;0.000000;0.000000;0.000000
CA_FE_FB_0006;조련사의 성장의 부스터(1시간);0.000000;cb;WR_GD_AC_TF_PR_WZ_DO_MG;1.000000;1.000000;0.000000;1.000000;1.000000;70.000000;mt;40.000000;1.000000;0.000000;40.000000;1.000000;1.000000;0.000000;get;no;1001.000000;0.000000;0.000000;itfelexpbst00.11;0.000000;req;ch;0.000000;0.000000;Auction_560;0.000000;0.000000;1.000000;1.000000;0.000000;0.000000;0.000000
CA_FE_FB_0007;조련사의 성장의 부스터(3시간);0.000000;cb;WR_GD_AC_TF_PR_WZ_DO_MG;1.000000;1.000000;0.000000;1.000000;1.000000;70.000000;mt;25.000000;1.000000;0.000000;40.000000;1.000000;1.000000;0.000000;get;no;1001.000000;0.000000;0.000000;itfelexpbst00.12;0.000000;req;ch;0.000000;0.000000;Auction_560;0.000000;0.000000;1.000000;1.000000;0.000000;0.000000;0.000000
SF1_1_000_1001;영웅 봉인석(거래불가);0.000000;sf;WR_GD_AC_TF_PR_WZ_DO_MG;3.000000;1.000000;0.000000;1.000000;1.000000;70.000000;he;10000.000000;1000.000000;0.000000;999.000000;1.000000;1.000000;0.000000;get;no;101.000000;1.000000;0.000000;*;0.000000;req;ch;0.000000;0.000000;Auction_584;0.000000;0.000000;0.000000;1.000000;0.000000;0.000000;0.000000
SF1_4_000_4001;전설 봉인석(거래불가);0.000000;sf;WR_GD_AC_TF_PR_WZ_DO_MG;4.000000;1.000000;0.000000;1.000000;1.000000;70.000000;mt;2.000000;1.000000;0.000000;999.000000;1.000000;1.000000;0.000000;get;no;101.000000;1.000000;0.000000;*;0.000000;req;ch;0.000000;0.000000;Auction_584;0.000000;0.000000;0.000000;1.000000;0.000000;0.000000;0.000000
IT_FE_EF_1000;전설 봉인석 추출봉;0.000000;ef;WR_GD_AC_TF_PR_WZ_DO_MG;4.000000;1.000000;0.000000;15.000000;1.000000;70.000000;mt;20.000000;1.000000;0.000000;999.000000;1.000000;1.000000;0.000000;none;no;1001.000000;0.000000;0.000000;extractionsealedfellow.1;0.000000;req;ch;0.000000;0.000000;Auction_560;0.000000;0.000000;0.000000;1.000000;0.000000;0.000000;0.000000
FM_000_0017;일반 펠로우 주문서;0.000000;fr;WR_GD_AC_TF_PR_WZ_DO_MG;1.000000;1.000000;0.000000;1.000000;1.000000;70.000000;no;5000.000000;500.000000;0.000000;999.000000;0.000000;0.000000;0.000000;none;no;101.000000;1.000000;0.000000;Fellow_transform.1;0.000000;req;ch;0.000000;0.000000;Auction_583;0.000000;0.000000;0.000000;1.000000;0.000000;0.000000;0.000000
FM_000_0018;정예 펠로우 주문서;0.000000;fr;WR_GD_AC_TF_PR_WZ_DO_MG;2.000000;1.000000;0.000000;1.000000;1.000000;70.000000;el;7500.000000;750.000000;0.000000;999.000000;0.000000;0.000000;0.000000;none;no;101.000000;1.000000;0.000000;Fellow_transform.1;0.000000;req;ch;0.000000;0.000000;Auction_583;0.000000;0.000000;0.000000;1.000000;0.000000;0.000000;0.000000
FM_000_0019;영웅 펠로우 주문서;0.000000;fr;WR_GD_AC_TF_PR_WZ_DO_MG;3.000000;1.000000;0.000000;1.000000;1.000000;70.000000;he;10000.000000;1000.000000;0.000000;999.000000;0.000000;0.000000;0.000000;none;no;101.000000;1.000000;0.000000;Fellow_transform.1;0.000000;req;ch;0.000000;0.000000;Auction_583;0.000000;0.000000;0.000000;1.000000;0.000000;0.000000;0.000000
FM_000_0020;전설 펠로우 주문서;0.000000;fr;WR_GD_AC_TF_PR_WZ_DO_MG;4.000000;1.000000;0.000000;1.000000;1.000000;70.000000;mt;20000.000000;2000.000000;0.000000;999.000000;0.000000;0.000000;0.000000;none;no;101.000000;1.000000;0.000000;Fellow_transform.1;0.000000;req;ch;0.000000;0.000000;Auction_583;0.000000;0.000000;0.000000;1.000000;0.000000;0.000000;0.000000
SF1_0_000_0101;정예 봉인석 (거래불가);0.000000;sf;WR_GD_AC_TF_PR_WZ_DO_MG;2.000000;1.000000;0.000000;1.000000;1.000000;70.000000;el;7500.000000;1.000000;0.000000;999.000000;1.000000;0.000000;0.000000;none;no;101.000000;1.000000;0.000000;*;0.000000;req;ch;0.000000;0.000000;Auction_584;1.000000;0.000000;0.000000;1.000000;0.000000;0.000000;0.000000
SF1_1_000_0100;영웅 봉인석 (거래불가);0.000000;sf;WR_GD_AC_TF_PR_WZ_DO_MG;3.000000;1.000000;0.000000;1.000000;1.000000;70.000000;he;10000.000000;1.000000;0.000000;999.000000;1.000000;0.000000;0.000000;none;no;101.000000;1.000000;0.000000;*;0.000000;req;ch;0.000000;0.000000;Auction_584;0.000000;0.000000;0.000000;1.000000;0.000000;0.000000;0.000000
SF1_4_000_0100;전설 봉인석 (거래불가);0.000000;sf;WR_GD_AC_TF_PR_WZ_DO_MG;4.000000;1.000000;0.000000;1.000000;1.000000;70.000000;mt;30000.000000;1.000000;0.000000;999.000000;1.000000;0.000000;0.000000;none;no;101.000000;1.000000;0.000000;*;0.000000;req;ch;0.000000;0.000000;Auction_584;0.000000;0.000000;0.000000;1.000000;0.000000;0.000000;0.000000
SF1_4_000_0101;하급 전설 봉인석 (거래불가);0.000000;sf;WR_GD_AC_TF_PR_WZ_DO_MG;4.000000;1.000000;0.000000;1.000000;1.000000;45.000000;mt;5.000000;1.000000;0.000000;999.000000;1.000000;0.000000;0.000000;none;no;101.000000;1.000000;0.000000;*;0.000000;req;ch;0.000000;0.000000;Auction_584;0.000000;0.000000;0.000000;1.000000;0.000000;0.000000;0.000000
SF1_4_000_0102;하급 전설 봉인석 (거래불가);0.000000;sf;WR_GD_AC_TF_PR_WZ_DO_MG;4.000000;1.000000;0.000000;1.000000;1.000000;45.000000;mt;30000.000000;300.000000;0.000000;999.000000;0.000000;0.000000;0.000000;none;no;101.000000;1.000000;0.000000;*;0.000000;req;ch;0.000000;0.000000;Auction_584;0.000000;0.000000;0.000000;1.000000;0.000000;0.000000;0.000000
CA_FE_FC_0000;펠로우 콜렉션 초기화 주문서;0.000000;fc;WR_GD_AC_TF_PR_WZ_DO_MG;1.000000;1.000000;0.000000;1.000000;1.000000;0.000000;no;25.000000;1.000000;0.000000;40.000000;0.000000;1.000000;0.000000;none;no;102.000000;1.000000;0.000000;*;0.000000;req;ch;0.000000;0.000000;Auction_560;0.000000;0.000000;1.000000;1.000000;0.000000;0.000000;0.000000
CA_FE_FC_0001;펠로우 콜렉션 초기화 주문서 (거래불가);0.000000;fc;WR_GD_AC_TF_PR_WZ_DO_MG;1.000000;1.000000;0.000000;1.000000;1.000000;0.000000;no;25.000000;1.000000;0.000000;40.000000;1.000000;1.000000;0.000000;get;no;102.000000;1.000000;0.000000;*;0.000000;req;ch;0.000000;0.000000;Auction_560;0.000000;0.000000;1.000000;1.000000;0.000000;0.000000;0.000000
SF1_4_001_0000;전설 봉인석;0.000000;sf;WR_GD_AC_TF_PR_WZ_DO_MG;4.000000;1.000000;0.000000;1.000000;1.000000;70.000000;mt;11.000000;1.000000;0.000000;999.000000;1.000000;1.000000;0.000000;get;no;101.000000;1.000000;0.000000;*;0.000000;req;ch;0.000000;0.000000;Auction_584;0.000000;0.000000;0.000000;1.000000;0.000000;0.000000;0.000000
PvP_CO_FE_0001;전설 봉인석 추출봉;0.000000;ef;WR_GD_AC_TF_PR_WZ_DO_MG;4.000000;1.000000;0.000000;15.000000;1.000000;70.000000;mt;9.000000;0.000000;0.000000;999.000000;1.000000;1.000000;0.000000;none;no;1001.000000;0.000000;0.000000;extractionsealedfellow.1;0.000000;req;ch;0.000000;0.000000;Auction_560;0.000000;0.000000;0.000000;1.000000;0.000000;0.000000;0.000000
FI_FE_EM_0001;+5강화 영웅 추출봉;0.000000;em;WR_GD_AC_TF_PR_WZ_DO_MG;3.000000;1.000000;0.000000;1.000000;1.000000;70.000000;he;4000.000000;1.000000;1.000000;999.000000;1.000000;1.000000;0.000000;get;no;1001.000000;5.000000;0.000000;extractionsealedfellow.1;0.000000;req;ch;0.000000;0.000000;Auction_560;0.000000;5.000000;0.000000;1.000000;0.000000;0.000000;0.000000
FI_FE_EM_0002;+5강화 전설 추출봉;0.000000;em;WR_GD_AC_TF_PR_WZ_DO_MG;4.000000;1.000000;0.000000;1.000000;1.000000;70.000000;mt;5700.000000;1.000000;1.000000;999.000000;1.000000;1.000000;0.000000;get;no;1001.000000;5.000000;0.000000;extractionsealedfellow.1;0.000000;req;ch;0.000000;0.000000;Auction_560;0.000000;5.000000;0.000000;1.000000;0.000000;0.000000;0.000000
IT_FE_EF_0011;+5강화 전설 추출봉;0.000000;em;WR_GD_AC_TF_PR_WZ_DO_MG;4.000000;1.000000;0.000000;1.000000;1.000000;70.000000;mt;4.000000;1.000000;0.000000;999.000000;1.000000;1.000000;0.000000;get;no;1001.000000;5.000000;0.000000;extractionsealedfellow.1;0.000000;req;ch;0.000000;0.000000;Auction_560;0.000000;5.000000;0.000000;1.000000;0.000000;0.000000;0.000000
CA_FE_EM_0004;+7강화 영웅 추출봉;0.000000;em;WR_GD_AC_TF_PR_WZ_DO_MG;3.000000;1.000000;0.000000;1.000000;1.000000;70.000000;he;1000.000000;1.000000;0.000000;999.000000;0.000000;1.000000;0.000000;none;no;1001.000000;5.000000;0.000000;extractionsealedfellow.1;0.000000;req;ch;0.000000;0.000000;Auction_560;0.000000;7.000000;1.000000;1.000000;0.000000;0.000000;0.000000
CA_FE_EM_0005;+7강화 전설 추출봉;0.000000;em;WR_GD_AC_TF_PR_WZ_DO_MG;4.000000;1.000000;0.000000;1.000000;1.000000;70.000000;mt;1000.000000;1.000000;0.000000;999.000000;0.000000;1.000000;0.000000;none;no;1001.000000;5.000000;0.000000;extractionsealedfellow.1;0.000000;req;ch;0.000000;0.000000;Auction_560;0.000000;7.000000;1.000000;1.000000;0.000000;0.000000;0.000000
CA_FE_EM_0006;+7강화 영웅 추출봉;0.000000;em;WR_GD_AC_TF_PR_WZ_DO_MG;3.000000;1.000000;0.000000;1.000000;1.000000;70.000000;he;1000.000000;1.000000;0.000000;999.000000;1.000000;1.000000;0.000000;get;no;1001.000000;5.000000;0.000000;extractionsealedfellow.1;0.000000;req;ch;0.000000;0.000000;Auction_560;0.000000;7.000000;0.000000;1.000000;0.000000;0.000000;0.000000
CA_FE_EM_0007;+7강화 전설 추출봉;0.000000;em;WR_GD_AC_TF_PR_WZ_DO_MG;4.000000;1.000000;0.000000;1.000000;1.000000;70.000000;mt;7.000000;1.000000;0.000000;999.000000;1.000000;1.000000;0.000000;get;no;1001.000000;5.000000;0.000000;extractionsealedfellow.1;0.000000;req;ch;0.000000;0.000000;Auction_560;0.000000;7.000000;0.000000;1.000000;0.000000;0.000000;0.000000
CA_FE_EM_0008;+6강화 영웅 추출봉;0.000000;em;WR_GD_AC_TF_PR_WZ_DO_MG;3.000000;1.000000;0.000000;1.000000;1.000000;70.000000;he;1000.000000;1.000000;0.000000;999.000000;0.000000;1.000000;0.000000;none;no;1001.000000;5.000000;0.000000;extractionsealedfellow.1;0.000000;req;ch;0.000000;0.000000;Auction_560;0.000000;6.000000;1.000000;1.000000;0.000000;0.000000;0.000000
CA_FE_EM_0009;+6강화 전설 추출봉;0.000000;em;WR_GD_AC_TF_PR_WZ_DO_MG;4.000000;1.000000;0.000000;1.000000;1.000000;70.000000;mt;1000.000000;1.000000;0.000000;999.000000;0.000000;1.000000;0.000000;none;no;1001.000000;5.000000;0.000000;extractionsealedfellow.1;0.000000;req;ch;0.000000;0.000000;Auction_560;0.000000;6.000000;1.000000;1.000000;0.000000;0.000000;0.000000
CA_FE_EM_0010;+6강화 영웅 추출봉;0.000000;em;WR_GD_AC_TF_PR_WZ_DO_MG;3.000000;1.000000;0.000000;1.000000;1.000000;70.000000;he;1000.000000;1.000000;0.000000;999.000000;1.000000;1.000000;0.000000;get;no;1001.000000;5.000000;0.000000;extractionsealedfellow.1;0.000000;req;ch;0.000000;0.000000;Auction_560;0.000000;6.000000;0.000000;1.000000;0.000000;0.000000;0.000000
CA_FE_EM_0011;+6강화 전설 추출봉;0.000000;em;WR_GD_AC_TF_PR_WZ_DO_MG;4.000000;1.000000;0.000000;1.000000;1.000000;70.000000;mt;7.000000;1.000000;0.000000;999.000000;1.000000;1.000000;0.000000;get;no;1001.000000;5.000000;0.000000;extractionsealedfellow.1;0.000000;req;ch;0.000000;0.000000;Auction_560;0.000000;6.000000;0.000000;1.000000;0.000000;0.000000;0.000000
PvP_CO_FE_0002;+5강화 전설 추출봉;0.000000;em;WR_GD_AC_TF_PR_WZ_DO_MG;4.000000;1.000000;0.000000;1.000000;1.000000;70.000000;mt;35.000000;1.000000;0.000000;999.000000;1.000000;1.000000;0.000000;none;no;1001.000000;5.000000;0.000000;extractionsealedfellow.1;0.000000;req;ch;0.000000;0.000000;Auction_560;0.000000;5.000000;0.000000;1.000000;0.000000;0.000000;0.000000
TS_FA_FB_0999;펠로우 모험 부스터(테스트);0.000000;ab;WR_GD_AC_TF_PR_WZ_DO_MG;1.000000;1.000000;0.000000;1.000000;1.000000;70.000000;mt;80.000000;1.000000;0.000000;20.000000;1.000000;1.000000;0.000000;none;no;1001.000000;0.000000;0.000000;itfeadvbst0.10;0.000000;req;ch;0.000000;0.000000;Auction_560;0.000000;0.000000;0.000000;1.000000;0.000000;0.000000;0.000000
CA_FE_FB_0008;성장의 부스터(1시간);0.000000;cb;WR_GD_AC_TF_PR_WZ_DO_MG;1.000000;1.000000;0.000000;1.000000;1.000000;70.000000;mt;45.000000;1.000000;0.000000;40.000000;1.000000;1.000000;0.000000;get;no;1001.000000;0.000000;0.000000;itfelexpbst00.5;0.000000;req;ch;0.000000;0.000000;Auction_560;0.000000;0.000000;1.000000;1.000000;0.000000;0.000000;0.000000
CA_FE_FB_0009;성장의 부스터(3시간);0.000000;cb;WR_GD_AC_TF_PR_WZ_DO_MG;1.000000;1.000000;0.000000;1.000000;1.000000;70.000000;mt;105.000000;1.000000;0.000000;40.000000;1.000000;1.000000;0.000000;get;no;1001.000000;0.000000;0.000000;itfelexpbst00.6;0.000000;req;ch;0.000000;0.000000;Auction_560;0.000000;0.000000;1.000000;1.000000;0.000000;0.000000;0.000000
CA_FE_FB_0010;성장의 부스터(6시간);0.000000;cb;WR_GD_AC_TF_PR_WZ_DO_MG;1.000000;1.000000;0.000000;1.000000;1.000000;70.000000;mt;180.000000;1.000000;0.000000;40.000000;1.000000;1.000000;0.000000;get;no;1001.000000;0.000000;0.000000;itfelexpbst00.7;0.000000;req;ch;0.000000;0.000000;Auction_560;0.000000;0.000000;1.000000;1.000000;0.000000;0.000000;0.000000
IT_FE_EF_0012;전설 봉인석 추출봉;0.000000;ef;WR_GD_AC_TF_PR_WZ_DO_MG;4.000000;1.000000;0.000000;15.000000;1.000000;70.000000;mt;225.000000;1.000000;0.000000;999.000000;1.000000;1.000000;0.000000;get;no;1001.000000;0.000000;0.000000;extractionsealedfellow.1;0.000000;req;ch;0.000000;0.000000;Auction_560;0.000000;0.000000;0.000000;1.000000;0.000000;0.000000;0.000000
SF1_4_000_0103;전설 봉인석;0.000000;sf;WR_GD_AC_TF_PR_WZ_DO_MG;4.000000;1.000000;0.000000;1.000000;1.000000;70.000000;mt;135.000000;1.000000;0.000000;999.000000;1.000000;1.000000;0.000000;get;no;101.000000;1.000000;0.000000;*;0.000000;req;ch;0.000000;0.000000;Auction_584;0.000000;0.000000;0.000000;1.000000;0.000000;0.000000;0.000000
EV_FE_FC_0001;펠로우 콜렉션 초기화 주문서 (거래불가);0.000000;fc;WR_GD_AC_TF_PR_WZ_DO_MG;1.000000;1.000000;0.000000;1.000000;1.000000;0.000000;no;4.000000;1.000000;0.000000;40.000000;1.000000;1.000000;0.000000;get;no;102.000000;1.000000;0.000000;*;0.000000;req;ch;0.000000;0.000000;Auction_560;0.000000;0.000000;0.000000;1.000000;0.000000;0.000000;0.000000
IT_FA_FB_0001;펠로우 모험 부스터(10%);0.000000;ab;WR_GD_AC_TF_PR_WZ_DO_MG;1.000000;1.000000;0.000000;1.000000;1.000000;70.000000;mt;80.000000;1.000000;0.000000;999.000000;1.000000;1.000000;0.000000;get;no;1001.000000;0.000000;0.000000;itfeadvbst0.2;0.000000;req;ch;0.000000;0.000000;Auction_560;0.000000;0.000000;0.000000;1.000000;0.000000;0.000000;0.000000
IT_FA_FB_0002;펠로우 모험 부스터(30%);0.000000;ab;WR_GD_AC_TF_PR_WZ_DO_MG;1.000000;1.000000;0.000000;1.000000;1.000000;70.000000;mt;80.000000;1.000000;0.000000;999.000000;1.000000;1.000000;0.000000;get;no;1001.000000;0.000000;0.000000;itfeadvbst0.6;0.000000;req;ch;0.000000;0.000000;Auction_560;0.000000;0.000000;0.000000;1.000000;0.000000;0.000000;0.000000
IT_FA_FB_0003;펠로우 모험 부스터(60%);0.000000;ab;WR_GD_AC_TF_PR_WZ_DO_MG;1.000000;1.000000;0.000000;1.000000;1.000000;70.000000;mt;80.000000;1.000000;0.000000;999.000000;1.000000;1.000000;0.000000;get;no;1001.000000;0.000000;0.000000;itfeadvbst0.12;0.000000;req;ch;0.000000;0.000000;Auction_560;0.000000;0.000000;0.000000;1.000000;0.000000;0.000000;0.000000
IT_FA_FB_0004;펠로우 모험 부스터(80%);0.000000;ab;WR_GD_AC_TF_PR_WZ_DO_MG;1.000000;1.000000;0.000000;1.000000;1.000000;70.000000;mt;80.000000;1.000000;0.000000;999.000000;1.000000;1.000000;0.000000;get;no;1001.000000;0.000000;0.000000;itfeadvbst0.16;0.000000;req;ch;0.000000;0.000000;Auction_560;0.000000;0.000000;0.000000;1.000000;0.000000;0.000000;0.000000
IT_FA_FB_0005;펠로우 모험 부스터(50%);0.000000;ab;WR_GD_AC_TF_PR_WZ_DO_MG;1.000000;1.000000;0.000000;1.000000;1.000000;70.000000;mt;80.000000;1.000000;0.000000;999.000000;1.000000;1.000000;0.000000;get;no;1001.000000;0.000000;0.000000;itfeadvbst0.10;0.000000;req;ch;0.000000;0.000000;Auction_560;0.000000;0.000000;0.000000;1.000000;0.000000;0.000000;0.000000
IT_FA_FB_0006;펠로우 모험 부스터(100%);0.000000;ab;WR_GD_AC_TF_PR_WZ_DO_MG;1.000000;1.000000;0.000000;1.000000;1.000000;70.000000;mt;80.000000;1.000000;0.000000;999.000000;1.000000;1.000000;0.000000;get;no;1001.000000;0.000000;0.000000;itfeadvbst0.20;0.000000;req;ch;0.000000;0.000000;Auction_560;0.000000;0.000000;0.000000;1.000000;0.000000;0.000000;0.000000
IT_FE_FB_0000;성장의 부스터(2시간);0.000000;cb;WR_GD_AC_TF_PR_WZ_DO_MG;1.000000;1.000000;0.000000;1.000000;1.000000;70.000000;mt;3.000000;1.000000;0.000000;40.000000;1.000000;1.000000;0.000000;get;no;1001.000000;0.000000;0.000000;itfelexpbst00.17;0.000000;req;ch;0.000000;0.000000;Auction_560;0.000000;0.000000;0.000000;1.000000;0.000000;0.000000;0.000000
IT_FE_FB_0001;고속성장의 부스터(2시간);0.000000;cb;WR_GD_AC_TF_PR_WZ_DO_MG;1.000000;1.000000;0.000000;1.000000;1.000000;70.000000;mt;5.000000;1.000000;0.000000;40.000000;1.000000;1.000000;0.000000;get;no;1001.000000;0.000000;0.000000;itfelexpbst00.8;0.000000;req;ch;0.000000;0.000000;Auction_560;0.000000;0.000000;0.000000;1.000000;0.000000;0.000000;0.000000
IT_FE_CA_0001;펫 포획 테스트용;0.000000;pc;WR_GD_AC_TF_PR_WZ_DO_MG;1.000000;1.000000;0.000000;1.000000;1.000000;70.000000;mt;80.000000;1.000000;0.000000;9999.000000;1.000000;0.000000;0.000000;get;no;1077.000000;5.000000;0.000000;itpetcapture00.1;0.000000;req;ch;0.000000;0.000000;Auction_560;0.000000;0.000000;0.000000;1.000000;0.000000;0.000000;0.000000
IT_FE_CA_0002;펫 포획 테스트용2;0.000000;pc;WR_GD_AC_TF_PR_WZ_DO_MG;1.000000;1.000000;0.000000;1.000000;1.000000;70.000000;mt;80.000000;1.000000;0.000000;9999.000000;1.000000;0.000000;0.000000;get;no;1077.000000;5.000000;0.000000;itpetcapture00.1;0.000000;req;ch;0.000000;0.000000;Auction_560;0.000000;0.000000;0.000000;1.000000;0.000000;0.000000;0.000000
IT_FE_CA_0003;펫 포획 테스트용3;0.000000;pc;WR_GD_AC_TF_PR_WZ_DO_MG;1.000000;1.000000;0.000000;1.000000;1.000000;70.000000;mt;80.000000;1.000000;0.000000;9999.000000;1.000000;0.000000;0.000000;get;no;1077.000000;5.000000;0.000000;itpetcapture03.1;0.000000;req;ch;0.000000;0.000000;Auction_560;0.000000;0.000000;0.000000;1.000000;0.000000;0.000000;0.000000
IT_FE_CA_0004;포획 카드;0.000000;pc;WR_GD_AC_TF_PR_WZ_DO_MG;1.000000;1.000000;0.000000;1.000000;1.000000;70.000000;mt;10000.000000;1.000000;0.000000;9999.000000;1.000000;0.000000;0.000000;get;no;1077.000000;5.000000;0.000000;itpetcapture00.1;0.000000;req;ch;0.000000;0.000000;Auction_560;0.000000;0.000000;0.000000;1.000000;0.000000;0.000000;0.000000
IT_FE_CA_0005;빛나는 포획 카드;0.000000;pc;WR_GD_AC_TF_PR_WZ_DO_MG;2.000000;1.000000;0.000000;1.000000;1.000000;70.000000;mt;300000.000000;1.000000;0.000000;9999.000000;0.000000;0.000000;0.000000;none;no;1077.000000;5.000000;0.000000;itpetcapture01.1;0.000000;req;ch;0.000000;0.000000;Auction_560;0.000000;0.000000;0.000000;1.000000;0.000000;0.000000;0.000000
IT_FE_CA_0006;축복받은 포획 카드;0.000000;pc;WR_GD_AC_TF_PR_WZ_DO_MG;4.000000;1.000000;0.000000;1.000000;1.000000;70.000000;mt;80.000000;1.000000;0.000000;9999.000000;1.000000;1.000000;0.000000;get;no;1077.000000;5.000000;0.000000;itpetcapture02.1;0.000000;req;ch;0.000000;0.000000;Auction_560;0.000000;0.000000;0.000000;1.000000;0.000000;0.000000;0.000000
IT_FE_CA_0007;퀘스트 포획 카드;0.000000;pc;WR_GD_AC_TF_PR_WZ_DO_MG;1.000000;1.000000;0.000000;1.000000;1.000000;70.000000;mt;10000.000000;1.000000;0.000000;9999.000000;1.000000;1.000000;0.000000;get;no;1077.000000;5.000000;0.000000;itpetcapture00.1;0.000000;req;ch;0.000000;0.000000;Auction_560;0.000000;0.000000;0.000000;1.000000;0.000000;0.000000;0.000000
IT_FE_CA_0008;축복받은 포획 카드(거래 가능);0.000000;pc;WR_GD_AC_TF_PR_WZ_DO_MG;4.000000;1.000000;0.000000;1.000000;1.000000;70.000000;mt;80.000000;1.000000;0.000000;9999.000000;0.000000;1.000000;0.000000;none;no;1077.000000;5.000000;0.000000;itpetcapture02.1;0.000000;req;ch;0.000000;0.000000;Auction_560;0.000000;0.000000;0.000000;1.000000;0.000000;0.000000;0.000000
FM_000_0002_1;영웅 펫 주문서(거래 불능);0.000000;fb;WR_GD_AC_TF_PR_WZ_DO_MG;3.000000;1.000000;0.000000;1.000000;1.000000;70.000000;he;10000.000000;1000.000000;0.000000;999.000000;1.000000;1.000000;0.000000;none;no;101.000000;1.000000;0.000000;Fellow_transform.1;0.000000;req;ch;0.000000;0.000000;Auction_583;0.000000;0.000000;0.000000;1.000000;0.000000;0.000000;0.000000
IT_FE_CA_0009;빛나는 포획 카드(거래 불능);0.000000;pc;WR_GD_AC_TF_PR_WZ_DO_MG;2.000000;1.000000;0.000000;1.000000;1.000000;70.000000;mt;300000.000000;1.000000;0.000000;9999.000000;1.000000;0.000000;0.000000;get;no;1077.000000;5.000000;0.000000;itpetcapture01.1;0.000000;req;ch;0.000000;0.000000;Auction_560;0.000000;0.000000;0.000000;1.000000;0.000000;0.000000;0.000000
IT_FA_FB_0007;펠로우 모험 부스터(5%);0.000000;ab;WR_GD_AC_TF_PR_WZ_DO_MG;1.000000;1.000000;0.000000;1.000000;1.000000;70.000000;mt;80.000000;1.000000;0.000000;999.000000;1.000000;1.000000;0.000000;get;no;1001.000000;0.000000;0.000000;itfeadvbst0.1;0.000000;req;ch;0.000000;0.000000;Auction_560;0.000000;0.000000;0.000000;1.000000;0.000000;0.000000;0.000000
IT_FA_FB_0008;펠로우 모험 부스터(15%);0.000000;ab;WR_GD_AC_TF_PR_WZ_DO_MG;1.000000;1.000000;0.000000;1.000000;1.000000;70.000000;mt;80.000000;1.000000;0.000000;999.000000;1.000000;1.000000;0.000000;get;no;1001.000000;0.000000;0.000000;itfeadvbst0.3;0.000000;req;ch;0.000000;0.000000;Auction_560;0.000000;0.000000;0.000000;1.000000;0.000000;0.000000;0.000000
IT_FA_FB_0009;펠로우 모험 부스터(20%);0.000000;ab;WR_GD_AC_TF_PR_WZ_DO_MG;1.000000;1.000000;0.000000;1.000000;1.000000;70.000000;mt;80.000000;1.000000;0.000000;999.000000;1.000000;1.000000;0.000000;get;no;1001.000000;0.000000;0.000000;itfeadvbst0.4;0.000000;req;ch;0.000000;0.000000;Auction_560;0.000000;0.000000;0.000000;1.000000;0.000000;0.000000;0.000000
IT_FA_FB_0010;펠로우 모험 부스터(25%);0.000000;ab;WR_GD_AC_TF_PR_WZ_DO_MG;1.000000;1.000000;0.000000;1.000000;1.000000;70.000000;mt;80.000000;1.000000;0.000000;999.000000;1.000000;1.000000;0.000000;get;no;1001.000000;0.000000;0.000000;itfeadvbst0.5;0.000000;req;ch;0.000000;0.000000;Auction_560;0.000000;0.000000;0.000000;1.000000;0.000000;0.000000;0.000000
IT_FA_FB_0011;펠로우 모험 부스터(35%);0.000000;ab;WR_GD_AC_TF_PR_WZ_DO_MG;1.000000;1.000000;0.000000;1.000000;1.000000;70.000000;mt;80.000000;1.000000;0.000000;999.000000;1.000000;1.000000;0.000000;get;no;1001.000000;0.000000;0.000000;itfeadvbst0.7;0.000000;req;ch;0.000000;0.000000;Auction_560;0.000000;0.000000;0.000000;1.000000;0.000000;0.000000;0.000000
IT_FA_FB_0012;펠로우 모험 부스터(40%);0.000000;ab;WR_GD_AC_TF_PR_WZ_DO_MG;1.000000;1.000000;0.000000;1.000000;1.000000;70.000000;mt;80.000000;1.000000;0.000000;999.000000;1.000000;1.000000;0.000000;get;no;1001.000000;0.000000;0.000000;itfeadvbst0.8;0.000000;req;ch;0.000000;0.000000;Auction_560;0.000000;0.000000;0.000000;1.000000;0.000000;0.000000;0.000000
IT_FA_FB_0013;펠로우 모험 부스터(45%);0.000000;ab;WR_GD_AC_TF_PR_WZ_DO_MG;1.000000;1.000000;0.000000;1.000000;1.000000;70.000000;mt;80.000000;1.000000;0.000000;999.000000;1.000000;1.000000;0.000000;get;no;1001.000000;0.000000;0.000000;itfeadvbst0.9;0.000000;req;ch;0.000000;0.000000;Auction_560;0.000000;0.000000;0.000000;1.000000;0.000000;0.000000;0.000000
IT_FA_FB_0014;펠로우 모험 부스터(55%);0.000000;ab;WR_GD_AC_TF_PR_WZ_DO_MG;1.000000;1.000000;0.000000;1.000000;1.000000;70.000000;mt;80.000000;1.000000;0.000000;999.000000;1.000000;1.000000;0.000000;get;no;1001.000000;0.000000;0.000000;itfeadvbst0.11;0.000000;req;ch;0.000000;0.000000;Auction_560;0.000000;0.000000;0.000000;1.000000;0.000000;0.000000;0.000000
IT_FA_FB_0015;펠로우 모험 부스터(65%);0.000000;ab;WR_GD_AC_TF_PR_WZ_DO_MG;1.000000;1.000000;0.000000;1.000000;1.000000;70.000000;mt;80.000000;1.000000;0.000000;999.000000;1.000000;1.000000;0.000000;get;no;1001.000000;0.000000;0.000000;itfeadvbst0.13;0.000000;req;ch;0.000000;0.000000;Auction_560;0.000000;0.000000;0.000000;1.000000;0.000000;0.000000;0.000000
IT_FA_FB_0016;펠로우 모험 부스터(70%);0.000000;ab;WR_GD_AC_TF_PR_WZ_DO_MG;1.000000;1.000000;0.000000;1.000000;1.000000;70.000000;mt;80.000000;1.000000;0.000000;999.000000;1.000000;1.000000;0.000000;get;no;1001.000000;0.000000;0.000000;itfeadvbst0.14;0.000000;req;ch;0.000000;0.000000;Auction_560;0.000000;0.000000;0.000000;1.000000;0.000000;0.000000;0.000000
IT_FA_FB_0017;펠로우 모험 부스터(75%);0.000000;ab;WR_GD_AC_TF_PR_WZ_DO_MG;1.000000;1.000000;0.000000;1.000000;1.000000;70.000000;mt;80.000000;1.000000;0.000000;999.000000;1.000000;1.000000;0.000000;get;no;1001.000000;0.000000;0.000000;itfeadvbst0.15;0.000000;req;ch;0.000000;0.000000;Auction_560;0.000000;0.000000;0.000000;1.000000;0.000000;0.000000;0.000000
IT_FA_FB_0018;펠로우 모험 부스터(85%);0.000000;ab;WR_GD_AC_TF_PR_WZ_DO_MG;1.000000;1.000000;0.000000;1.000000;1.000000;70.000000;mt;80.000000;1.000000;0.000000;999.000000;1.000000;1.000000;0.000000;get;no;1001.000000;0.000000;0.000000;itfeadvbst0.17;0.000000;req;ch;0.000000;0.000000;Auction_560;0.000000;0.000000;0.000000;1.000000;0.000000;0.000000;0.000000
IT_FA_FB_0019;펠로우 모험 부스터(90%);0.000000;ab;WR_GD_AC_TF_PR_WZ_DO_MG;1.000000;1.000000;0.000000;1.000000;1.000000;70.000000;mt;80.000000;1.000000;0.000000;999.000000;1.000000;1.000000;0.000000;get;no;1001.000000;0.000000;0.000000;itfeadvbst0.18;0.000000;req;ch;0.000000;0.000000;Auction_560;0.000000;0.000000;0.000000;1.000000;0.000000;0.000000;0.000000
IT_FA_FB_0020;펠로우 모험 부스터(95%);0.000000;ab;WR_GD_AC_TF_PR_WZ_DO_MG;1.000000;1.000000;0.000000;1.000000;1.000000;70.000000;mt;80.000000;1.000000;0.000000;999.000000;1.000000;1.000000;0.000000;get;no;1001.000000;0.000000;0.000000;itfeadvbst0.19;0.000000;req;ch;0.000000;0.000000;Auction_560;0.000000;0.000000;0.000000;1.000000;0.000000;0.000000;0.000000
IT_FA_FB_0021;펠로우 모험 부스터(10분);0.000000;ab;WR_GD_AC_TF_PR_WZ_DO_MG;1.000000;1.000000;0.000000;1.000000;1.000000;70.000000;mt;80.000000;1.000000;0.000000;999.000000;1.000000;1.000000;0.000000;get;no;1001.000000;0.000000;0.000000;itfeadvbst1.1;0.000000;req;ch;0.000000;0.000000;Auction_560;0.000000;0.000000;0.000000;1.000000;0.000000;0.000000;0.000000
IT_FA_FB_0022;펠로우 모험 부스터(15분);0.000000;ab;WR_GD_AC_TF_PR_WZ_DO_MG;1.000000;1.000000;0.000000;1.000000;1.000000;70.000000;mt;80.000000;1.000000;0.000000;999.000000;1.000000;1.000000;0.000000;get;no;1001.000000;0.000000;0.000000;itfeadvbst1.2;0.000000;req;ch;0.000000;0.000000;Auction_560;0.000000;0.000000;0.000000;1.000000;0.000000;0.000000;0.000000
IT_FA_FB_0023;펠로우 모험 부스터(20분);0.000000;ab;WR_GD_AC_TF_PR_WZ_DO_MG;1.000000;1.000000;0.000000;1.000000;1.000000;70.000000;mt;80.000000;1.000000;0.000000;999.000000;1.000000;1.000000;0.000000;get;no;1001.000000;0.000000;0.000000;itfeadvbst1.3;0.000000;req;ch;0.000000;0.000000;Auction_560;0.000000;0.000000;0.000000;1.000000;0.000000;0.000000;0.000000
IT_FA_FB_0024;펠로우 모험 부스터(25분);0.000000;ab;WR_GD_AC_TF_PR_WZ_DO_MG;1.000000;1.000000;0.000000;1.000000;1.000000;70.000000;mt;80.000000;1.000000;0.000000;999.000000;1.000000;1.000000;0.000000;get;no;1001.000000;0.000000;0.000000;itfeadvbst1.4;0.000000;req;ch;0.000000;0.000000;Auction_560;0.000000;0.000000;0.000000;1.000000;0.000000;0.000000;0.000000
IT_FA_FB_0025;펠로우 모험 부스터(30분);0.000000;ab;WR_GD_AC_TF_PR_WZ_DO_MG;1.000000;1.000000;0.000000;1.000000;1.000000;70.000000;mt;80.000000;1.000000;0.000000;999.000000;1.000000;1.000000;0.000000;get;no;1001.000000;0.000000;0.000000;itfeadvbst1.5;0.000000;req;ch;0.000000;0.000000;Auction_560;0.000000;0.000000;0.000000;1.000000;0.000000;0.000000;0.000000
IT_FA_FB_0026;펠로우 모험 부스터(35분);0.000000;ab;WR_GD_AC_TF_PR_WZ_DO_MG;1.000000;1.000000;0.000000;1.000000;1.000000;70.000000;mt;80.000000;1.000000;0.000000;999.000000;1.000000;1.000000;0.000000;get;no;1001.000000;0.000000;0.000000;itfeadvbst1.6;0.000000;req;ch;0.000000;0.000000;Auction_560;0.000000;0.000000;0.000000;1.000000;0.000000;0.000000;0.000000
IT_FA_FB_0027;펠로우 모험 부스터(40분);0.000000;ab;WR_GD_AC_TF_PR_WZ_DO_MG;1.000000;1.000000;0.000000;1.000000;1.000000;70.000000;mt;80.000000;1.000000;0.000000;999.000000;1.000000;1.000000;0.000000;get;no;1001.000000;0.000000;0.000000;itfeadvbst1.7;0.000000;req;ch;0.000000;0.000000;Auction_560;0.000000;0.000000;0.000000;1.000000;0.000000;0.000000;0.000000
IT_FA_FB_0028;펠로우 모험 부스터(45분);0.000000;ab;WR_GD_AC_TF_PR_WZ_DO_MG;1.000000;1.000000;0.000000;1.000000;1.000000;70.000000;mt;80.000000;1.000000;0.000000;999.000000;1.000000;1.000000;0.000000;get;no;1001.000000;0.000000;0.000000;itfeadvbst1.8;0.000000;req;ch;0.000000;0.000000;Auction_560;0.000000;0.000000;0.000000;1.000000;0.000000;0.000000;0.000000
IT_FA_FB_0029;펠로우 모험 부스터(50분);0.000000;ab;WR_GD_AC_TF_PR_WZ_DO_MG;1.000000;1.000000;0.000000;1.000000;1.000000;70.000000;mt;80.000000;1.000000;0.000000;999.000000;1.000000;1.000000;0.000000;get;no;1001.000000;0.000000;0.000000;itfeadvbst1.9;0.000000;req;ch;0.000000;0.000000;Auction_560;0.000000;0.000000;0.000000;1.000000;0.000000;0.000000;0.000000
IT_FA_FB_0030;펠로우 모험 부스터(55분);0.000000;ab;WR_GD_AC_TF_PR_WZ_DO_MG;1.000000;1.000000;0.000000;1.000000;1.000000;70.000000;mt;80.000000;1.000000;0.000000;999.000000;1.000000;1.000000;0.000000;get;no;1001.000000;0.000000;0.000000;itfeadvbst1.10;0.000000;req;ch;0.000000;0.000000;Auction_560;0.000000;0.000000;0.000000;1.000000;0.000000;0.000000;0.000000
IT_FA_FB_0031;펠로우 모험 부스터(60분);0.000000;ab;WR_GD_AC_TF_PR_WZ_DO_MG;1.000000;1.000000;0.000000;1.000000;1.000000;70.000000;mt;80.000000;1.000000;0.000000;999.000000;1.000000;1.000000;0.000000;get;no;1001.000000;0.000000;0.000000;itfeadvbst1.11;0.000000;req;ch;0.000000;0.000000;Auction_560;0.000000;0.000000;0.000000;1.000000;0.000000;0.000000;0.000000
IT_FA_FB_0032;펠로우 모험 부스터(65분);0.000000;ab;WR_GD_AC_TF_PR_WZ_DO_MG;1.000000;1.000000;0.000000;1.000000;1.000000;70.000000;mt;80.000000;1.000000;0.000000;999.000000;1.000000;1.000000;0.000000;get;no;1001.000000;0.000000;0.000000;itfeadvbst1.12;0.000000;req;ch;0.000000;0.000000;Auction_560;0.000000;0.000000;0.000000;1.000000;0.000000;0.000000;0.000000
IT_FA_FB_0033;펠로우 모험 부스터(70분);0.000000;ab;WR_GD_AC_TF_PR_WZ_DO_MG;1.000000;1.000000;0.000000;1.000000;1.000000;70.000000;mt;80.000000;1.000000;0.000000;999.000000;1.000000;1.000000;0.000000;get;no;1001.000000;0.000000;0.000000;itfeadvbst1.13;0.000000;req;ch;0.000000;0.000000;Auction_560;0.000000;0.000000;0.000000;1.000000;0.000000;0.000000;0.000000
IT_FA_FB_0034;펠로우 모험 부스터(75분);0.000000;ab;WR_GD_AC_TF_PR_WZ_DO_MG;1.000000;1.000000;0.000000;1.000000;1.000000;70.000000;mt;80.000000;1.000000;0.000000;999.000000;1.000000;1.000000;0.000000;get;no;1001.000000;0.000000;0.000000;itfeadvbst1.14;0.000000;req;ch;0.000000;0.000000;Auction_560;0.000000;0.000000;0.000000;1.000000;0.000000;0.000000;0.000000
IT_FA_FB_0035;펠로우 모험 부스터(80분);0.000000;ab;WR_GD_AC_TF_PR_WZ_DO_MG;1.000000;1.000000;0.000000;1.000000;1.000000;70.000000;mt;80.000000;1.000000;0.000000;999.000000;1.000000;1.000000;0.000000;get;no;1001.000000;0.000000;0.000000;itfeadvbst1.15;0.000000;req;ch;0.000000;0.000000;Auction_560;0.000000;0.000000;0.000000;1.000000;0.000000;0.000000;0.000000
IT_FA_FB_0036;펠로우 모험 부스터(85분);0.000000;ab;WR_GD_AC_TF_PR_WZ_DO_MG;1.000000;1.000000;0.000000;1.000000;1.000000;70.000000;mt;80.000000;1.000000;0.000000;999.000000;1.000000;1.000000;0.000000;get;no;1001.000000;0.000000;0.000000;itfeadvbst1.16;0.000000;req;ch;0.000000;0.000000;Auction_560;0.000000;0.000000;0.000000;1.000000;0.000000;0.000000;0.000000
IT_FA_FB_0037;펠로우 모험 부스터(90분);0.000000;ab;WR_GD_AC_TF_PR_WZ_DO_MG;1.000000;1.000000;0.000000;1.000000;1.000000;70.000000;mt;80.000000;1.000000;0.000000;999.000000;1.000000;1.000000;0.000000;get;no;1001.000000;0.000000;0.000000;itfeadvbst1.17;0.000000;req;ch;0.000000;0.000000;Auction_560;0.000000;0.000000;0.000000;1.000000;0.000000;0.000000;0.000000
IT_FA_FB_0038;펠로우 모험 부스터(95분);0.000000;ab;WR_GD_AC_TF_PR_WZ_DO_MG;1.000000;1.000000;0.000000;1.000000;1.000000;70.000000;mt;80.000000;1.000000;0.000000;999.000000;1.000000;1.000000;0.000000;get;no;1001.000000;0.000000;0.000000;itfeadvbst1.18;0.000000;req;ch;0.000000;0.000000;Auction_560;0.000000;0.000000;0.000000;1.000000;0.000000;0.000000;0.000000
IT_FA_FB_0039;펠로우 모험 부스터(100분);0.000000;ab;WR_GD_AC_TF_PR_WZ_DO_MG;1.000000;1.000000;0.000000;1.000000;1.000000;70.000000;mt;80.000000;1.000000;0.000000;999.000000;1.000000;1.000000;0.000000;get;no;1001.000000;0.000000;0.000000;itfeadvbst1.19;0.000000;req;ch;0.000000;0.000000;Auction_560;0.000000;0.000000;0.000000;1.000000;0.000000;0.000000;0.000000
IT_FA_FB_0040;펠로우 모험 부스터(105분);0.000000;ab;WR_GD_AC_TF_PR_WZ_DO_MG;1.000000;1.000000;0.000000;1.000000;1.000000;70.000000;mt;80.000000;1.000000;0.000000;999.000000;1.000000;1.000000;0.000000;get;no;1001.000000;0.000000;0.000000;itfeadvbst1.20;0.000000;req;ch;0.000000;0.000000;Auction_560;0.000000;0.000000;0.000000;1.000000;0.000000;0.000000;0.000000
