EV_AC_C_007;Icon_002000286
AC0_1_21001;Icon_141000000
AC0_1_81101;Icon_141000000
AC0_1_81102;Icon_141000000
AC0_1_33501;Icon_141000001
AC0_1_24001;Icon_141000001
AC0_1_2271;Icon_141000001
AC0_1_30001;Icon_141000001
AC0_1_30002;Icon_141000001
AC0_1_30003;Icon_141000001
AC0_1_30025;Icon_141000001
AC0_1_1000;Icon_141000003
AC0_1_81201;Icon_141000003
AC0_1_81202;Icon_141000003
AC0_1_82201;Icon_141000004
AC0_1_82202;Icon_141000004
AC0_2_22001;Icon_141000004
AC0_1_30016;Icon_141000004
AC0_1_2098;Icon_141000004
AC0_1_2099;Icon_141000004
AC0_1_30004;Icon_141000005
AC0_1_30005;Icon_141000005
AC0_1_30006;Icon_141000005
AC0_1_32001;Icon_141000006
AC0_1_81301;Icon_141000007
AC0_1_81302;Icon_141000007
AC0_1_82301;Icon_141000008
AC0_2_23001;Icon_141000008
AC0_1_82302;Icon_141000009
AC0_1_30010;Icon_141000009
AC0_1_30011;Icon_141000009
AC0_1_30012;Icon_141000009
AC0_1_30013;Icon_141000009
AC0_1_30014;Icon_141000009
AC0_1_30015;Icon_141000009
AC0_1_30019;Icon_141000009
AC0_1_30020;Icon_141000009
AC0_1_33001;Icon_141000010
AC0_1_83301;Icon_141000010
AC0_1_83302;Icon_141000010
pvpAC1_1_3148;Icon_141000010
AC0_1_83501;Icon_141000010
AC0_1_84001;Icon_141000010
AC0_1_83511;Icon_141000010
BX_AC0_1_30020;Icon_141000014
pvpAC1_1_3552;Icon_141000015
BX_AC0_1_23501;Icon_141000015
AC0_1_30022;Icon_141000016
AC0_1_33801;Icon_141000016
BX_AC1_1_90000;Icon_141000016
AC0_1_33802;Icon_141000016
pvpAC1_1_4259;Icon_141000020
AC0_1_22001;Icon_141000033
AC0_1_22011;Icon_141000033
AC0_1_22012;Icon_141000033
AC0_1_22013;Icon_141000033
AC0_1_82151;Icon_141000033
AC0_1_82152;Icon_141000033
AC0_2_82151;Icon_141000033
AC0_2_82152;Icon_141000033
AC0_1_30026;Icon_141000033
AC0_1_22521;Icon_141000034
AC0_2_82251;Icon_141000036
AC0_1_2272;Icon_141000036
AC0_1_30007;Icon_141000036
AC0_1_30008;Icon_141000036
AC0_1_30009;Icon_141000036
AC0_1_30017;Icon_141000036
AC0_1_30018;Icon_141000036
AC0_1_2261;Icon_141000037
AC0_1_82251;Icon_141000037
AC0_1_82252;Icon_141000037
AC0_2_22501;Icon_141000037
AC0_2_82252;Icon_141000037
AC0_1_30027;Icon_141000037
AC0_1_22501;Icon_141000038
AC0_1_32501;Icon_141000038
AC0_1_23001;Icon_141000038
AC0_1_2262;Icon_141000038
AC0_1_83251;Icon_141000038
AC0_1_83252;Icon_141000038
AC0_2_32501;Icon_141000038
AC0_2_83251;Icon_141000038
AC0_2_83252;Icon_141000038
AC0_1_2273;Icon_141000038
AC0_1_22501_qu;Icon_141000038
AC0_jp_40000;Icon_141000038
EV_A_300_4002;Icon_141000038
BX_AC0_1_30019;Icon_141000041
AC0_1_23501;Icon_141000042
AC0_1_2274;Icon_141000042
AC0_1_2275;Icon_141000042
AC0_1_30023;Icon_141000042
AC0_1_30024;Icon_141000042
pvpAC1_1_3350;Icon_141000042
BX_AC0_1_33001;Icon_141000042
AC0_1_24001_qu;Icon_141000042
AC0_1_23502;Icon_141000042
AC0_1_30028;Icon_141000043
AC0_1_90028;Icon_141000043
AC0_1_90128;Icon_141000043
pvpAC0_1_4043;Icon_141000045
pvpAC1_1_3855;Icon_141000047
pvpAC1_1_4562;Icon_141000052
AC0_1_30021;Icon_141000064
AC0_ev1_1_1_30021;Icon_141000064
AC0_ev1_2_1_30021;Icon_141000064
AC0_ev1_3_1_30021;Icon_141000064
AC0_ev1_4_1_30021;Icon_141000064
AC0_ev2_3_1_30021;Icon_141000064
AC0_ca1_4_1_30021;Icon_141000064
AC0_ev2_4_1_30021;Icon_141000064
AC0_ca2_4_1_30021;Icon_141000064
AC0_ca2_4_1_0003;Icon_141000064
AC0_1_45003;Icon_141000066
AC0_1_45001;Icon_141000067
AC0_1_45002;Icon_141000067
AC0_1_45004;Icon_141000067
AC0_1_45004_CR;Icon_141000067
AC0_1_50003;Icon_141000069
AC0_1_50001;Icon_141000070
AC0_1_50002;Icon_141000070
AC0_1_50004;Icon_141000070
AC0_1_50004_CR;Icon_141000070
AC0_1_45005;Icon_141000070
AC0_1_45006;Icon_141000070
AC0_1_45007;Icon_141000070
AC0_1_45008;Icon_141000070
AC0_1_45300;Icon_141000070
AC0_1_45310;Icon_141000070
AC0_1_45320;Icon_141000070
AC0_1_45330;Icon_141000070
AC0_1_00004;Icon_141000070
AC_A_300_6502;Icon_141000070
AC0_1_45400;Icon_141000071
AC0_1_45600;Icon_141000072
CA_AC_A_604_6002;Icon_141000072
AC0_pk1_4_1_00002;Icon_141000073
AC0_504_30021;Icon_141000074
AC0_CA2_5002;Icon_141000074
EV0_504_30021;Icon_141000074
EV_AC_000_0003;Icon_141000074
AC0_1_00007;Icon_141000076
AC0_1_00010;Icon_141000077
AC0_1_00013;Icon_141000077
AC0_1_00015;Icon_141000077
AC0_1_50510;Icon_141000078
AC0_1_60510;Icon_141000078
AC0_pk1_4_1_00000;Icon_141000078
AC0_EV_5_0_0006;Icon_141000078
AC0_1_50505;Icon_141000079
AC0_pk1_4_1_00001;Icon_141000079
AC0_0_6000;Icon_141000080
AC0_0_6001;Icon_141000080
AC0_EV_5_0_0003;Icon_141000080
AC0_1_6005;Icon_141000081
AC0_0_10001;Icon_142000000
AC0_0_81101;Icon_142000000
AC0_0_81102;Icon_142000000
AC0_0_10002;Icon_142000001
AC0_0_21001;Icon_142000001
AC0_0_21011;Icon_142000001
AC0_0_21012;Icon_142000001
AC0_0_21013;Icon_142000001
AC0_0_21501;Icon_142000001
AC0_0_21511;Icon_142000001
AC0_0_21512;Icon_142000001
AC0_0_21513;Icon_142000001
AC0_0_2271;Icon_142000001
AC0_0_30022;Icon_142000001
AC0_0_30023;Icon_142000001
AC0_0_2272;Icon_142000002
AC0_0_2281;Icon_142000002
AC0_0_2282;Icon_142000002
AC0_0_2283;Icon_142000002
AC0_0_2284;Icon_142000002
AC0_0_2285;Icon_142000002
AC0_0_2286;Icon_142000002
AC0_0_81201;Icon_142000003
AC0_0_81202;Icon_142000003
AC0_0_22501;Icon_142000004
AC0_0_82201;Icon_142000004
AC0_2_220011;Icon_142000004
AC0_0_2276;Icon_142000004
AC0_0_30000;Icon_142000004
AC0_0_30001;Icon_142000004
AC0_0_30002;Icon_142000004
AC0_0_30026;Icon_142000004
AC0_0_30028;Icon_142000004
AC0_0_30029;Icon_142000004
AC0_0_30030;Icon_142000004
AC0_0_30031;Icon_142000004
AC0_0_30032;Icon_142000004
AC0_0_30032_TE_01;Icon_142000004
AC0_0_30032_TE_02;Icon_142000004
AC0_0_30032_TE_03;Icon_142000004
AC0_0_82202;Icon_142000005
AC0_0_30027;Icon_142000005
AC0_0_2098;Icon_142000005
AC0_0_2099;Icon_142000005
AC0_0_32001;Icon_142000006
AC0_1_2141;Icon_142000006
AC0_1_2142;Icon_142000006
AC0_1_2143;Icon_142000006
AC0_1_2144;Icon_142000006
AC0_1_2145;Icon_142000006
AC0_0_2274;Icon_142000006
AC0_0_2275;Icon_142000006
AC0_0_2278;Icon_142000006
AC0_0_81301;Icon_142000007
AC0_0_81302;Icon_142000007
AC0_0_23501;Icon_142000008
AC0_0_1001;Icon_142000008
AC0_0_2141;Icon_142000008
AC0_0_2142;Icon_142000008
AC0_0_2143;Icon_142000008
AC0_0_82301;Icon_142000008
AC0_2_230014;Icon_142000008
AC0_0_30006;Icon_142000008
AC0_0_30007;Icon_142000008
AC0_0_30008;Icon_142000008
AC0_0_82302;Icon_142000009
AC0_0_30019;Icon_142000009
AC0_0_30020;Icon_142000009
AC0_0_30021;Icon_142000009
AC0_0_33001;Icon_142000010
AC0_0_83301;Icon_142000010
AC0_0_83302;Icon_142000010
AC0_0_2279;Icon_142000010
AC0_0_2280;Icon_142000010
pvpAC1_0_3148;Icon_142000010
pvpAC1_2_3148;Icon_142000010
AC0_0_83502;Icon_142000010
AC0_0_84002;Icon_142000010
EV_AC0_0_33801;Icon_142000010
AC0_0_83512;Icon_142000010
BX_AC0_0_30013;Icon_142000013
AC0_0_24001;Icon_142000015
pvpAC1_0_3552;Icon_142000015
pvpAC1_2_3552;Icon_142000015
BX_AC0_0_24001;Icon_142000015
AC0_0_1143;Icon_142000015
AC0_0_24002;Icon_142000015
AC0_0_24003;Icon_142000015
AC0_0_30015;Icon_142000016
BX_AC0_1_90040;Icon_142000016
BX_AC0_1_90041;Icon_142000016
pvpAC1_0_4259;Icon_142000020
pvpAC1_2_4259;Icon_142000020
AC0_0_9999;Icon_142000032
AC0_0_9989;Icon_142000032
AC0_0_9988;Icon_142000032
AC0_0_1000;Icon_142000033
AC0_0_22001;Icon_142000033
AC0_0_22011;Icon_142000033
AC0_0_22012;Icon_142000033
AC0_0_22013;Icon_142000033
AC0_0_82151;Icon_142000033
AC0_0_82152;Icon_142000033
AC0_2_21501;Icon_142000033
AC0_2_821511;Icon_142000033
AC0_2_821522;Icon_142000033
AC0_0_30024;Icon_142000033
AC0_0_30025;Icon_142000033
AC0_0_31501;Icon_142000034
AC0_0_1141;Icon_142000034
AC0_0_2273;Icon_142000034
EV_A_300_4000;Icon_142000034
AC0_0_23001;Icon_142000036
AC0_0_2261;Icon_142000036
AC0_0_82251;Icon_142000036
AC0_2_822513;Icon_142000036
AC0_0_2277;Icon_142000036
AC0_0_30003;Icon_142000036
AC0_0_30004;Icon_142000036
AC0_0_30005;Icon_142000036
AC0_0_30012;Icon_142000036
AC0_0_82252;Icon_142000037
AC0_2_225012;Icon_142000037
AC0_2_822522;Icon_142000037
AC0_0_22521;Icon_142000038
AC0_0_32501;Icon_142000038
AC0_0_2262;Icon_142000038
AC0_0_83251;Icon_142000038
AC0_0_83252;Icon_142000038
AC0_2_325013;Icon_142000038
AC0_2_832511;Icon_142000038
AC0_2_832522;Icon_142000038
AC0_0_2263;Icon_142000038
AC0_0_2264;Icon_142000038
AC0_0_2265;Icon_142000038
AC0_0_2266;Icon_142000038
AC0_0_2267;Icon_142000038
AC0_0_2290;Icon_142000038
AC0_jp_40001;Icon_142000038
AC0_jp_40002;Icon_142000038
EV_A_300_4001;Icon_142000038
AC0_0_30009;Icon_142000040
AC0_0_30010;Icon_142000040
AC0_0_30011;Icon_142000040
AC0_0_30013;Icon_142000040
BX_AC0_0_23501;Icon_142000041
AC0_0_33501;Icon_142000042
AC0_0_1142;Icon_142000042
AC0_0_30016;Icon_142000042
AC0_0_30017;Icon_142000042
AC0_0_30018;Icon_142000042
pvpAC1_0_3350;Icon_142000042
pvpAC1_2_3350;Icon_142000042
BX_AC0_0_33501;Icon_142000042
AC0_0_30033;Icon_142000043_1
AC0_0_30034;Icon_142000043_2
AC0_0_90033;Icon_142000043_1
AC0_0_90034;Icon_142000043_2
AC0_0_33801;Icon_142000043_3
AC0_0_33802;Icon_142000043_4
AC0_0_90133;Icon_142000043_4
AC0_0_90134;Icon_142000043_3
AC0_0_33803;Icon_142000043_3
AC0_0_33804;Icon_142000043_3
pvpAC0_0_4043;Icon_142000045
pvpAC1_0_3855;Icon_142000047
pvpAC1_2_3855;Icon_142000047
pvpAC1_0_4562;Icon_142000052
pvpAC1_2_4562;Icon_142000052
AC0_0_30014;Icon_142000064
AC0_0_30014_1;Icon_142000064
AC0_ev1_1_0_30014;Icon_142000064
AC0_ev1_1_0_30014_1;Icon_142000064
AC0_ev1_2_0_30014;Icon_142000064
AC0_ev1_2_0_30014_1;Icon_142000064
AC0_ev1_3_0_30014;Icon_142000064
AC0_ev1_3_0_30014_1;Icon_142000064
AC0_ev1_4_0_30014;Icon_142000064
AC0_ev1_4_0_30014_1;Icon_142000064
AC0_ev2_3_0_30014;Icon_142000064
AC0_ev2_3_0_30014_1;Icon_142000064
AC0_ca1_4_0_30014;Icon_142000064
AC0_ca1_4_0_30014_1;Icon_142000064
AC0_ev2_4_0_30014;Icon_142000064
AC0_ev2_4_0_30014_1;Icon_142000064
AC0_ca2_4_0_30014;Icon_142000064
AC0_ca2_4_0_30014_1;Icon_142000064
AC0_ca2_4_0_0001;Icon_142000064
AC0_ca2_4_0_0002;Icon_142000064
AC0_0_45003;Icon_142000066
AC0_0_45001;Icon_142000067
AC0_0_45002;Icon_142000067
AC0_0_45004;Icon_142000067
AC0_0_45004_CR;Icon_142000067
AC0_0_50003;Icon_142000069
AC0_0_50001;Icon_142000070
AC0_0_50002;Icon_142000070
AC0_0_50004;Icon_142000070
AC0_0_50004_CR;Icon_142000070
AC0_0_50011;Icon_142000070
AC0_0_50012;Icon_142000070
AC0_0_50013;Icon_142000070
AC0_0_50014;Icon_142000070
AC0_0_50015;Icon_142000070
AC0_0_50016;Icon_142000070
AC0_0_50017;Icon_142000070
AC0_0_50018;Icon_142000070
AC0_0_45300;Icon_142000070
AC0_0_45301;Icon_142000070
AC0_0_45310;Icon_142000070
AC0_0_45311;Icon_142000070
AC0_0_45320;Icon_142000070
AC0_0_45321;Icon_142000070
AC0_0_45330;Icon_142000070
AC0_0_45331;Icon_142000070
AC0_0_45500;Icon_142000070
AC0_0_00005;Icon_142000070
AC_A_300_6500;Icon_142000070
AC_A_300_6501;Icon_142000070
EPC_0_45500;Icon_142000070
AC0_0_45400;Icon_142000071
AC0_0_45401;Icon_142000072
AC0_0_45600;Icon_142000073
AC0_0_45601;Icon_142000074
AC0_EV_5_0_0001;Icon_142000075
AC0_EV_5_0_0002;Icon_142000075
AC0_504_30014;Icon_142000076
AC0_CA2_5000;Icon_142000076
EV0_504_30014;Icon_142000076
EV_AC_000_0001;Icon_142000076
AC0_504_30014_1;Icon_142000077
AC0_CA2_5001;Icon_142000077
EV0_504_30014_1;Icon_142000077
EV_AC_000_0002;Icon_142000077
AC0_0_00008;Icon_142000079
AC0_0_00011;Icon_142000080
AC0_0_00014;Icon_142000080
AC0_1_00016;Icon_142000080
AC0_0_00017;Icon_142000080
AC0_0_50511;Icon_142000081
AC0_0_50512;Icon_142000081
AC0_0_60511;Icon_142000081
AC0_0_60512;Icon_142000081
AC0_EV_5_0_0004;Icon_142000081
AC0_EV_5_0_0005;Icon_142000081
AC0_0_50506;Icon_142000082
AC0_0_50507;Icon_142000082
AC0_1_6000;Icon_142000083
AC0_1_6001;Icon_142000083
AC0_1_6002;Icon_142000083
AC0_1_6003;Icon_142000083
AC0_0_6002;Icon_142000084
AC0_1_6004;Icon_142000084
EV_AC_C_003;Icon_154000000
EV_AC_C_006;Icon_154000000
EV_AC_C_002;Icon_154000001
EV_AC_C_005;Icon_154000001
EV_AC_C_001;Icon_154000002
EV_AC_C_004;Icon_154000002
AC0_0_1000_EV;Icon_190000474
AC0_0_1001_EV;Icon_190000474
AC0_0_1002_EV;Icon_190000474
AC0_0_1003_EV;Icon_190000474
AC0_0_1004_EV;Icon_190000474
AC0_0_1000_EV2;Icon_190000474
AC0_0_1001_EV2;Icon_190000474
AC0_0_1002_EV2;Icon_190000474
AC0_0_1003_EV2;Icon_190000474
AC0_0_1004_EV2;Icon_190000474
AC0_0_1005_EV2;Icon_190000474
AC0_1_1000_EV;Icon_190000475
AC0_1_1001_EV;Icon_190000475
AC0_1_1002_EV;Icon_190000475
AC0_1_1003_EV;Icon_190000475
AC0_1_1004_EV;Icon_190000475
AC0_1_1000_EV2;Icon_190000475
AC0_1_1001_EV2;Icon_190000475
AC0_1_1002_EV2;Icon_190000475
AC0_1_1003_EV2;Icon_190000475
AC0_1_1004_EV2;Icon_190000475
AC0_1_1005_EV2;Icon_190000475
AC0_0_90101;Icon_190000485
AC0_0_90102;Icon_190000486
AC0_1_XMAS;Icon_190000974
AC0_0_XMAS1;Icon_190000975
AC0_0_XMAS2;Icon_190000976
EV_AC_C_008;Icon_190001060
AC0_0_1144;Icon_190001304
AC0_0_SUMMER1;Icon_190001372
AC0_0_SUMMER2;Icon_190001373
AC0_1_SUMMER;Icon_190001374
AC0_0_1145;Icon_190001444
AC5_0_6000;Icon_190001678
AC5_1_6000;Icon_190001679
AC5_1_6001;Icon_190001679
AC_A_604_6001;Icon_190001818
EV_A_604_6001;Icon_190001818
EV_A_604_6001_1;Icon_190001818
AC_A_604_6000;Icon_190001819
EV_A_604_6000;Icon_190001819
EV_A_604_6000_1;Icon_190001819
AC_A_604_6002;Icon_190001820
EV_A_604_6002;Icon_190001820
EV_A_604_6002_1;Icon_190001820
AC0_EV_4_0_0001;Icon_190002115
AC0_EV_4_0_0002;Icon_190002115
AC0_EV_4_0_0003;Icon_190002116
AC0_EV_3_0_0003;Icon_190002117
AC0_EV_3_0_0001;Icon_190002118
AC0_EV_3_0_0002;Icon_190002118
AC0_EV_16_8000;Icon_190002138
AC0_EV_16_8001;Icon_190002138
AC0_EV_16_8002;Icon_190002139
AC_FE_300_6003;Icon_190002282
AC_Fe_300_6001;Icon_190002283
AC_Fe_300_6002;Icon_190002283
AC0_EV_4_0_0006;Icon_190002484
AC0_EV_4_0_0004;Icon_190002485
AC0_EV_4_0_0005;Icon_190002485
AC_A_600_6502;Icon_190002500
AC_A_600_6500;Icon_190002501
AC_A_600_6501;Icon_190002502
AC_A_600_6005;Icon_190002503
AC_A_600_6003;Icon_190002504
AC_A_600_6004;Icon_190002505
AC_A_400_6502;Icon_190002533
AC_A_400_6500;Icon_190002534
AC_A_400_6501;Icon_190002535
AC_A_600_6006;Icon_190002627
AC_A_600_6007;Icon_190002628
AC_A_600_6008;Icon_190002629
AC_A_600_6009;Icon_190002630
AC_A_600_6010;Icon_190002631
AC_A_600_6011;Icon_190002632
EV_AC_A_001;Icon_700000577
EV_AC_C_009;Icon_700000944
pvpAC0_1_2528;Icon_900303000
pvpAC0_0_2528;Icon_900303001
pvpAC0_1_3033;Icon_900353000
pvpAC0_0_3033;Icon_900353001
pvpAC0_1_3538;Icon_900403000
pvpAC0_0_3538;Icon_900403001
pvpAC0_1_4564;Icon_900453000
pvpAC0_0_4564;Icon_900453001
pvpAC0_2_4564;Icon_900453001
pvpAC0_1_5569;Icon_900502056
pvpAC0_0_5569;Icon_900502057
pvpAC0_2_5569;Icon_900502057
pvpAC0_1_5570;Icon_900502081
PVP_AC_A_400_6002;Icon_900502081
EV_AC_A_400_6002;Icon_900502081
PVP_AC_A3_dark;Icon_900502081
pvpAC0_0_5570;Icon_900502082
pvpAC0_2_5570;Icon_900502082
PVP_AC_A_400_6000;Icon_900502082
PVP_AC_A_400_6001;Icon_900502082
EV_AC_A_400_6000;Icon_900502082
EV_AC_A_400_6001;Icon_900502082
PVP_AC_A1_dark;Icon_900502082
PVP_AC_A2_dark;Icon_900502082
EV_AC_A_400_6003;Icon_900502196
EV_AC_A_400_6004;Icon_900502196
EV_AC_A_400_6005;Icon_900502197
pvpAC0_1_5069;Icon_900503000
pvpAC0_0_5069;Icon_900503001
pvpAC0_2_5069;Icon_900503001
AC_P_400_6000;Icon_900503008
AC_P_400_6001;Icon_900503009
AC_P_400_6002;Icon_900503010
AC_P_400_6003;Icon_900503011
AC_P_400_6004;Icon_900503012
AC_P_400_6005;Icon_900503013
AC_P_400_6006;Icon_900503014
AC_P_400_6007;Icon_900503015
AC_P_400_6008;Icon_900503016
AC_A_600_6012;Gicon_260000001
AC_A_600_6013;Gicon_260000001
AC_A_600_6014;Gicon_260000002
AC_A_600_6015;Gicon_260000001
AC_A_600_6016;Gicon_260000001
AC_A_600_6017;Gicon_260000002
AC_A_600_6018;Gicon_260000001
AC_A_600_6019;Gicon_260000001
AC_A_600_6020;Gicon_260000002
AC_A_600_6021;Gicon_260000001
AC_A_600_6022;Gicon_260000001
AC_A_600_6023;Gicon_260000002
AC_A_001_00001;icon_ri1_divine
AC_A_001_00002;icon_ri2_divine
AC_A_001_00003;icon_ne_divine
EV_AC_C_010;Gicon_24000106
EV_AC_C_011;Gicon_24000106
EV_AC_C_012;Gicon_24000105
AC_A_700_0001;gicon_260003046
AC_A_700_0002;gicon_260003047
AC_A_700_0003;gicon_260003048
AC_A_700_ceu1;RingCeu1
AC_A_700_ceu2;RingCeu2
AC_A_700_ceu3;NeckCeu
