EW0_001_0_0000;Icon_110100000
EW0_003_0_0000;Icon_110100000
EW0_003_0_0001;Icon_110100000
EW0_004_0_0000;Icon_110100000
EW0_006_0_0000;Icon_110100000
EW0_006_0_0001;Icon_110100000
EW0_008_0_0000;Icon_110100000
EW0_009_0_0000;Icon_110100000
EW0_999_0_0000;Icon_110100000
EW0_999_0_0001;Icon_110100000
EW0_010_0_0000;Icon_110100000
EW0_011_0_0000;Icon_110100000
EW0_012_0_0000;Icon_110100000
EW0_012_0_0001;Icon_110100000
EW0_013_0_0000;Icon_110100000
EW0_014_0_0000;Icon_110100000
EW0_014_0_0001;Icon_110100000
EW0_014_0_0002;Icon_110100000
EW0_015_0_0000;Icon_110100000
EW0_016_0_0000;Icon_110100000
EW0_016_0_0001;Icon_110100000
EW0_016_0_0002;Icon_110100000
EW0_016_0_0003;Icon_110100000
EW0_017_0_0000;Icon_110100000
EW0_019_0_0000;Icon_110100000
EW0_020_0_0000;Icon_110100000
EW0_021_0_0000;Icon_110100000
EW0_022_0_0000;Icon_110100000
EW0_023_0_0000;Icon_110100000
EW0_023_0_0001;Icon_110100000
EW0_024_0_0000;Icon_110100000
EW0_025_0_0000;Icon_110100000
EW0_025_0_0001;Icon_110100000
EW0_025_0_0002;Icon_110100000
EW0_025_0_0003;Icon_110100000
EW0_025_0_0004;Icon_110100000
EW0_047_0_0000;Icon_110100000
EW0_048_0_0000;Icon_110100000
EW0_053_0_0000;Icon_110100000
EW0_039_0_0000;Icon_110100000
EW0_000_0_1000;Icon_110100000
EW1_002_0_0000;Icon_110100000
EW1_003_0_0000;Icon_110100000
EW0_034_0_ch_0000;Icon_110100000
EW2_008_0_ch_0000;Icon_110100000
EW3_009_0_ch_0000;Icon_110100000
EW3_017_0_ch_0000;Icon_110100000
EW0_035_0_0000;Icon_110100000
EW2_021_0_0000;Icon_110100000
EW4_005_0_0000;Icon_110100000
EW0_026_0_0000;Icon_110100000
EW0_026_0_0001;Icon_110100000
EW3_012_0_0000;Icon_110100000
EW3_012_0_0001;Icon_110100000
EW3_014_0_0000;Icon_110100000
EW5_013_0_0000;Icon_110100000
EW5_014_0_0000;Icon_110100000
EW7_010_0_0000;Icon_110100000
EW7_010_0_0001;Icon_110100000
EW7_010_0_0002;Icon_110100000
EW0_027_0_0000;Icon_110100000
EW0_050_0_0000;Icon_110100000
EW0_050_0_0001;Icon_110100000
EW0_051_0_0000;Icon_110100000
EW0_052_0_0000;Icon_110100000
EW4_028_0_0001;Icon_110100000
WE0_000_0_9999;Icon_110100000
WE0_000_1_9999;Icon_110100000
WE0_000_2_9999;Icon_110100000
WE0_000_3_9999;Icon_110100000
WE0_001_0_9999;Icon_110100000
WE0_001_1_9999;Icon_110100000
WE0_001_2_9999;Icon_110100000
WE0_001_3_9999;Icon_110100000
WE0_002_0_9999;Icon_110100000
WE0_002_1_9999;Icon_110100000
WE0_002_2_9999;Icon_110100000
WE0_002_3_9999;Icon_110100000
WE0_003_0_9999;Icon_110100000
WE0_003_1_9999;Icon_110100000
WE0_003_2_9999;Icon_110100000
WE0_003_3_9999;Icon_110100000
WE0_004_0_9999;Icon_110100000
WE0_004_1_9999;Icon_110100000
WE0_004_2_9999;Icon_110100000
WE0_004_3_9999;Icon_110100000
WE0_005_0_9999;Icon_110100000
WE0_005_1_9999;Icon_110100000
WE0_005_2_9999;Icon_110100000
WE0_005_3_9999;Icon_110100000
WE0_006_0_9999;Icon_110100000
WE0_006_1_9999;Icon_110100000
WE0_006_2_9999;Icon_110100000
WE0_006_3_9999;Icon_110100000
WE0_106_0_9999;Icon_110100000
WE0_106_1_9999;Icon_110100000
WE0_106_2_9999;Icon_110100000
WE0_007_0_9999;Icon_110100000
WE0_007_1_9999;Icon_110100000
WE0_007_2_9999;Icon_110100000
WE0_007_3_9999;Icon_110100000
WE0_107_0_9999;Icon_110100000
WE0_107_1_9999;Icon_110100000
WE0_107_2_9999;Icon_110100000
WE0_008_0_9999;Icon_110100000
WE0_008_1_9999;Icon_110100000
WE0_008_2_9999;Icon_110100000
WE0_008_3_9999;Icon_110100000
WE0_108_0_9999;Icon_110100000
WE0_108_1_9999;Icon_110100000
WE0_108_2_9999;Icon_110100000
WE0_009_0_9999;Icon_110100000
WE0_009_1_9999;Icon_110100000
WE0_009_2_9999;Icon_110100000
WE0_009_3_9999;Icon_110100000
WE0_109_0_9999;Icon_110100000
WE0_109_1_9999;Icon_110100000
WE0_109_2_9999;Icon_110100000
WE0_010_0_9999;Icon_110100000
WE0_010_1_9999;Icon_110100000
WE0_010_2_9999;Icon_110100000
WE0_010_3_9999;Icon_110100000
WE0_110_0_9999;Icon_110100000
WE0_110_1_9999;Icon_110100000
WE0_110_2_9999;Icon_110100000
WE0_011_0_9999;Icon_110100000
WE0_011_1_9999;Icon_110100000
WE0_011_2_9999;Icon_110100000
WE0_011_3_9999;Icon_110100000
WE0_111_0_9999;Icon_110100000
WE0_111_1_9999;Icon_110100000
WE0_111_2_9999;Icon_110100000
WE0_012_0_9999;Icon_110100000
WE0_012_1_9999;Icon_110100000
WE0_012_2_9999;Icon_110100000
WE0_012_3_9999;Icon_110100000
WE0_112_0_9999;Icon_110100000
WE0_112_1_9999;Icon_110100000
WE0_112_2_9999;Icon_110100000
WE0_014_0_0000;Icon_110100000
WE0_039_0_0000;Icon_110100000
WE0_014_0_1051;Icon_110100000
EW0_003_0_0010;Icon_110100000
EW0_003_0_0011;Icon_110100000
EW0_054_0_0000;Icon_110100000
EW0_Bug_0_0001;Icon_110100000
EW0_Bug_0_0002;Icon_110100000
EW7_010_0_0003;Icon_110100000
EW7_010_0_0004;Icon_110100000
EW7_010_0_0005;Icon_110100000
EW4_d27_0_0001;Icon_110100000
EW1_d27_0_0002;Icon_110100000
EW3_d27_0_0004;Icon_110100000
EW0_d27_0_0001;Icon_110100000
EW3_d27_0_0001;Icon_110100000
EW4_d27_0_0002;Icon_110100000
EW6_d27_0_0001;Icon_110100000
EW7_d27_0_0001;Icon_110100000
EW3_d27_0_0005;Icon_110100000
EW6_d27_0_0002;Icon_110100000
EW6_d27_0_0003;Icon_110100000
EW6_d27_0_0004;Icon_110100000
EW0_d28_0_0001;Icon_110100000
EW3_d28_0_0001;Icon_110100000
EW4_d28_0_0001;Icon_110100000
EW6_d28_0_0001;Icon_110100000
EW5_d28_0_0001;Icon_110100000
EW7_d28_0_0001;Icon_110100000
EW4_d28_0_0002;Icon_110100000
EW6_d28_0_0002;Icon_110100000
WE0_002_0_2051;Icon_110100001
WE0_021_0_1101;Icon_110100002
WE0_711_0_1101;Icon_110100002
WE0_021_0_9001;Icon_110100002
WE0_021_0_2101;Icon_110100003
WE0_015_0_2102;Icon_110100003
WE0_015_0_1141;Icon_110100003
WE0_015_0_1141_RE;Icon_110100003
WE0_015_0_1142;Icon_110100003
WE0_021_0_2101_EV1;Icon_110100003
WE0_015_0_2102_EV1;Icon_110100003
WE0_021_0_2101_EV2;Icon_110100003
WE0_015_0_2102_EV2;Icon_110100003
WE0_015_0_1151;Icon_110100004
boxWE0_015_0_1151;Icon_110100004
WE0_007_0_2151;Icon_110100005
WE0_007_0_2171;Icon_110100005
WE0_812_0_2151;Icon_110100005
boxWE0_007_0_2151;Icon_110100005
boxWE0_812_0_2151;Icon_110100005
WE0_007_0_2152;Icon_110100005
WE0_007_0_2153;Icon_110100005
WE0_007_0_2151_EV;Icon_110100005
WE0_007_0_2171_RE;Icon_110100005
WE0_007_0_2151_RE;Icon_110100005
WE0_007_0_2151_EV1;Icon_110100005
WE0_007_0_2151_EV2;Icon_110100005
WE0_004_0_2141;Icon_110100006
WE0_004_0_2141_1;Icon_110100006
WE0_EV_3_0001;Icon_110100006
WE0_EV_3_0002;Icon_110100006
WE0_001_5_7001_ev;Icon_110100006
WE0_001_5_7002_ev;Icon_110100006
WE0_007_0_1201;Icon_110100008
WE0_721_0_2201;Icon_110100008
boxWE0_007_0_1201;Icon_110100008
WE0_029_0_2201;Icon_110100009
WE0_029_0_2202;Icon_110100009
WE0_722_0_2201;Icon_110100009
boxWE0_029_0_2201;Icon_110100009
WE0_029_0_2203;Icon_110100009
WE0_007_0_1201_RE;Icon_110100009
WE0_029_0_2202_EV1;Icon_110100009
WE0_029_0_2202_EV2;Icon_110100009
WE0_034_0_2222;Icon_110100010
WE0_107_2_99999;Icon_110100010
WE0_107_2_99995;Icon_110100010
WE0_107_2_99996;Icon_110100010
WE0_107_2_99997;Icon_110100010
WE0_107_2_99998;Icon_110100010
WE0_034_0_2222_1;Icon_110100010
WE0_029_0_1251;Icon_110100012
boxWE0_029_0_1251;Icon_110100012
WE0_003_0_2241;Icon_110100013
WE0_012_0_2251;Icon_110100013
WE0_012_0_2252;Icon_110100013
WE0_003_0_2261;Icon_110100013
WE0_822_0_2251;Icon_110100013
boxWE0_012_0_2251;Icon_110100013
boxWE0_822_0_2251;Icon_110100013
WE0_012_0_2253;Icon_110100013
WE0_012_0_2251_EV;Icon_110100013
WE0_012_0_2251_RE;Icon_110100013
WE0_003_0_3282;Icon_110100014
WE0_823_0_3251;Icon_110100014
boxWE0_823_0_3251;Icon_110100014
WE0_003_0_3282_EV;Icon_110100014
WE0_003_0_3282_EV1;Icon_110100014
WE0_003_0_3282_EV2;Icon_110100014
WE0_003_0_3282_1;Icon_110100014
WE0_EV_4_0001;Icon_110100014
WE0_012_0_1301;Icon_110100016
WE0_731_0_3301;Icon_110100016
boxWE0_012_0_1301;Icon_110100016
WE0_006_0_2301;Icon_110100017
WE0_732_0_3301;Icon_110100017
boxWE0_006_0_2301;Icon_110100017
WE0_006_0_2302;Icon_110100017
boxWE0_006_0_2301_EV;Icon_110100017
WE0_006_0_2301_RE;Icon_110100017
WE0_006_0_2301_RE2;Icon_110100017
WE0_006_0_3281;Icon_110100018
WE0_006_0_3283;Icon_110100018
WE0_005_0_3301;Icon_110100018
WE0_733_0_3301;Icon_110100018
WE0_003_0_3502;Icon_110100018
WE0_005_0_3401;Icon_110100018
WE0_006_0_3281_EV;Icon_110100018
BX_WE0_005_0_3301;Icon_110100018
WE0_006_0_3281_EV1;Icon_110100018
WE0_005_0_3301_EV1;Icon_110100018
WE0_006_0_3281_EV2;Icon_110100018
WE0_005_0_3301_EV2;Icon_110100018
WE0_001_0_0022;Icon_110100018
WE0_006_0_3281_1;Icon_110100018
WE0_005_0_3301_1;Icon_110100018
WE0_300_6500;Icon_110100018
WE0_TEST_0001;Icon_110100018
WE0_TEST_0002;Icon_110100018
WE0_006_0_1351;Icon_110100020
WE0_018_0_2351;Icon_110100021
WE0_018_0_3341;Icon_110100021
pvpWE0_001_2_4043;Icon_110100021
WE0_018_0_2352;Icon_110100021
WE0_018_0_2351_RE;Icon_110100021
BX_WE0_018_0_2351;Icon_110100021
WE0_018_0_2351_RE2;Icon_110100021
WE0_009_0_4001;Icon_110100022
WE0_733_0_3351;Icon_110100022
WE0_005_0_3501;Icon_110100023
WE0_018_0_1401;Icon_110100024
WE0_019_0_2401;Icon_110100025
WE0_003_0_2271;Icon_110100025
WE0_019_0_2402;Icon_110100025
BX_WE0_019_0_2402;Icon_110100025
WE0_009_0_3351;Icon_110100026
WE0_733_0_3401;Icon_110100026
WE0_006_0_3383;Icon_110100026
BX_WE0_009_0_3351;Icon_110100026
WE0_009_0_3351_EV1;Icon_110100026
WE0_009_0_3352;Icon_110100026
WE0_009_0_3353;Icon_110100026
WE0_009_0_3351_EV2;Icon_110100026
WE0_015_0_2103;Icon_110100027
WE0_ev1_1_2103;Icon_110100027
WE0_ev1_2_2103;Icon_110100027
WE0_ev1_3_2103;Icon_110100027
WE0_ev1_4_2103;Icon_110100027
WE0_ev2_3_2103;Icon_110100027
WE0_ca1_4_2103;Icon_110100027
WE0_ev2_4_2103;Icon_110100027
WE0_015_0_2110;Icon_110100027
WE0_ca2_4_2103;Icon_110100027
WE0_ca2_4_0001;Icon_110100027
WE0_045_1_4501;Icon_110100029
WE0_001_0_0001;Icon_110100029
WE0_045_8_4501;Icon_110100030
WE0_045_3_4501;Icon_110100030
WE0_045_0_4502_RE;Icon_110100031
WE0_045_0_4501;Icon_110100031
WE0_045_0_4502;Icon_110100031
WE0_045_3_4502;Icon_110100031
WE0_045_3_4502_CR;Icon_110100031
WE0_001_3_6000;Icon_110100031
WE0_050_1_5001;Icon_110100032
WE0_050_8_5001;Icon_110100033
WE0_050_3_5001;Icon_110100033
WE0_001_0_0008;Icon_110100033
WE0_050_0_5002_RE;Icon_110100034
WE0_050_0_5002;Icon_110100034
WE0_050_3_5002;Icon_110100034
WE0_050_3_5002_CR;Icon_110100034
WE0_050_3_5003;Icon_110100034
WE0_001_0_0015;Icon_110100034
WE0_050_0_5002_RE2;Icon_110100034
WE0_504_2104;Icon_110100035
WE0_504_2103;Icon_110100036
WE0_CA2_5000;Icon_110100036
EV0_504_2103;Icon_110100036
EV_WE0_1_00000;Icon_110100036
WE0_001_1_6000;Icon_110100037
WE0_001_0_0001_CR;Icon_110100038
WE0_001_2_6001;Icon_110100038
WE0_001_1_0022;Icon_110100039
WE0_001_2_0022;Icon_110100039
WE0_001_3_6001;Icon_110100039
WE0_001_3_6002;Icon_110100039
EW1_004_0_0000;Icon_110200000
EW1_012_0_0000;Icon_110200000
EW1_001_0_0000;Icon_110200000
EW1_013_0_0000;Icon_110200000
WE1_000_0_9999;Icon_110200000
WE1_000_1_9999;Icon_110200000
WE1_000_2_9999;Icon_110200000
WE1_000_3_9999;Icon_110200000
WE1_001_0_9999;Icon_110200000
WE1_001_1_9999;Icon_110200000
WE1_001_2_9999;Icon_110200000
WE1_001_3_9999;Icon_110200000
WE1_002_0_9999;Icon_110200000
WE1_002_1_9999;Icon_110200000
WE1_002_2_9999;Icon_110200000
WE1_002_3_9999;Icon_110200000
WE1_003_0_9999;Icon_110200000
WE1_003_1_9999;Icon_110200000
WE1_003_2_9999;Icon_110200000
WE1_003_3_9999;Icon_110200000
WE1_004_0_9999;Icon_110200000
WE1_004_1_9999;Icon_110200000
WE1_004_2_9999;Icon_110200000
WE1_004_3_9999;Icon_110200000
WE1_005_0_9999;Icon_110200000
WE1_005_1_9999;Icon_110200000
WE1_005_2_9999;Icon_110200000
WE1_005_3_9999;Icon_110200000
WE1_006_0_9999;Icon_110200000
WE1_006_1_9999;Icon_110200000
WE1_006_2_9999;Icon_110200000
WE1_006_3_9999;Icon_110200000
WE1_106_0_9999;Icon_110200000
WE1_106_1_9999;Icon_110200000
WE1_106_2_9999;Icon_110200000
WE1_007_0_9999;Icon_110200000
WE1_007_1_9999;Icon_110200000
WE1_007_2_9999;Icon_110200000
WE1_007_3_9999;Icon_110200000
WE1_107_0_9999;Icon_110200000
WE1_107_1_9999;Icon_110200000
WE1_107_2_9999;Icon_110200000
WE1_008_0_9999;Icon_110200000
WE1_008_1_9999;Icon_110200000
WE1_008_2_9999;Icon_110200000
WE1_008_3_9999;Icon_110200000
WE1_108_0_9999;Icon_110200000
WE1_108_1_9999;Icon_110200000
WE1_108_2_9999;Icon_110200000
WE1_009_0_9999;Icon_110200000
WE1_009_1_9999;Icon_110200000
WE1_009_2_9999;Icon_110200000
WE1_009_3_9999;Icon_110200000
WE1_109_0_9999;Icon_110200000
WE1_109_1_9999;Icon_110200000
WE1_109_2_9999;Icon_110200000
WE1_010_0_9999;Icon_110200000
WE1_010_1_9999;Icon_110200000
WE1_010_2_9999;Icon_110200000
WE1_010_3_9999;Icon_110200000
WE1_110_0_9999;Icon_110200000
WE1_110_1_9999;Icon_110200000
WE1_110_2_9999;Icon_110200000
WE1_011_0_9999;Icon_110200000
WE1_011_1_9999;Icon_110200000
WE1_011_2_9999;Icon_110200000
WE1_011_3_9999;Icon_110200000
WE1_111_0_9999;Icon_110200000
WE1_111_1_9999;Icon_110200000
WE1_111_2_9999;Icon_110200000
WE1_012_0_9999;Icon_110200000
WE1_012_1_9999;Icon_110200000
WE1_012_2_9999;Icon_110200000
WE1_012_3_9999;Icon_110200000
WE1_112_0_9999;Icon_110200000
WE1_112_1_9999;Icon_110200000
WE1_112_2_9999;Icon_110200000
WE1_001_0_0000;Icon_110200000
WE1_013_0_0000;Icon_110200000
WE1_001_0_1051;Icon_110200000
EW1_001_0_0001;Icon_110200000
EW1_001_0_0002;Icon_110200000
EW1_001_0_0003;Icon_110200000
WE1_002_0_2051;Icon_110200001
WE1_003_0_1101;Icon_110200002
WE1_711_0_1101;Icon_110200002
WE1_003_0_9001;Icon_110200002
WE1_003_0_2101;Icon_110200003
WE1_004_0_2102;Icon_110200003
WE1_004_0_1141;Icon_110200003
WE1_004_0_1141_RE;Icon_110200003
WE1_004_0_1142;Icon_110200003
WE1_003_0_2101_EV1;Icon_110200003
WE1_004_0_2102_EV1;Icon_110200003
WE1_003_0_2101_EV2;Icon_110200003
WE1_004_0_2102_EV2;Icon_110200003
WE1_004_0_1151;Icon_110200004
boxWE1_004_0_1151;Icon_110200004
WE1_005_0_2151;Icon_110200005
WE1_005_0_2171;Icon_110200005
WE1_812_0_2151;Icon_110200005
boxWE1_005_0_2151;Icon_110200005
boxWE1_812_0_2151;Icon_110200005
WE1_005_0_2152;Icon_110200005
WE1_005_0_2153;Icon_110200005
WE1_005_0_2151_EV;Icon_110200005
WE1_005_0_2171_RE;Icon_110200005
WE1_005_0_2151_RE;Icon_110200005
WE1_005_0_2151_EV1;Icon_110200005
WE1_005_0_2151_EV2;Icon_110200005
WE1_008_0_2141;Icon_110200006
WE1_EV_3_0001;Icon_110200006
WE1_005_0_1201;Icon_110200008
WE1_721_0_2201;Icon_110200008
boxWE1_005_0_1201;Icon_110200008
WE1_006_0_2201;Icon_110200009
WE1_006_0_2202;Icon_110200009
WE1_722_0_2201;Icon_110200009
boxWE1_006_0_2201;Icon_110200009
WE1_006_0_2203;Icon_110200009
WE1_005_0_1201_RE;Icon_110200009
WE1_006_0_2202_EV1;Icon_110200009
WE1_006_0_2202_EV2;Icon_110200009
WE1_027_0_2222;Icon_110200010
WE1_005_3_99999;Icon_110200010
WE1_027_0_2222_1;Icon_110200010
WE1_006_0_1251;Icon_110200012
boxWE1_006_0_1251;Icon_110200012
WE1_007_0_2241;Icon_110200013
WE1_007_0_2251;Icon_110200013
WE1_007_0_2252;Icon_110200013
WE1_015_0_2261;Icon_110200013
WE1_822_0_2251;Icon_110200013
boxWE1_007_0_2251;Icon_110200013
boxWE1_822_0_2251;Icon_110200013
WE1_007_0_2253;Icon_110200013
WE1_007_0_2251_EV;Icon_110200013
WE1_007_0_2251_RE;Icon_110200013
WE1_015_0_3282;Icon_110200014
WE1_823_0_3251;Icon_110200014
boxWE1_823_0_3251;Icon_110200014
WE1_015_0_3282_EV;Icon_110200014
WE1_015_0_3282_EV1;Icon_110200014
WE1_015_0_3282_EV2;Icon_110200014
WE1_015_0_3282_1;Icon_110200014
WE1_EV_4_0001;Icon_110200014
WE1_EV_3_0002;Icon_110200014
WE1_004_5_7001_ev;Icon_110200014
WE1_004_5_7002_ev;Icon_110200014
WE1_007_0_1301;Icon_110200016
WE1_731_0_3301;Icon_110200016
boxWE1_007_0_1301;Icon_110200016
WE1_009_0_2301;Icon_110200017
WE1_732_0_3301;Icon_110200017
boxWE1_009_0_2301;Icon_110200017
WE1_009_0_2302;Icon_110200017
boxWE1_009_0_2301_EV;Icon_110200017
WE1_009_0_2301_RE;Icon_110200017
WE1_009_0_2301_RE2;Icon_110200017
WE1_009_0_3281;Icon_110200018
WE1_009_0_3283;Icon_110200018
WE1_012_0_3301;Icon_110200018
WE1_733_0_3301;Icon_110200018
WE1_003_0_3502;Icon_110200018
WE1_012_0_3401;Icon_110200018
WE1_009_0_3281_EV;Icon_110200018
BX_WE1_012_0_3301;Icon_110200018
WE1_009_0_3281_EV1;Icon_110200018
WE1_012_0_3301_EV1;Icon_110200018
WE1_009_0_3281_EV2;Icon_110200018
WE1_012_0_3301_EV2;Icon_110200018
WE1_004_0_0025;Icon_110200018
WE1_009_0_3281_1;Icon_110200018
WE1_012_0_3301_1;Icon_110200018
WE1_300_6501;Icon_110200018
WE1_TEST_0001;Icon_110200018
WE1_TEST_0002;Icon_110200018
WE1_damtest;Icon_110200018
WE1_009_0_1351;Icon_110200020
WE1_011_0_2351;Icon_110200021
WE1_011_0_3341;Icon_110200021
pvpWE1_001_2_4043;Icon_110200021
WE1_011_0_2352;Icon_110200021
WE1_011_0_2351_RE;Icon_110200021
BX_WE1_011_0_2351;Icon_110200021
WE1_011_0_2351_RE2;Icon_110200021
WE1_009_0_4001;Icon_110200022
WE1_733_0_3351;Icon_110200022
WE1_012_0_3501;Icon_110200023
WE1_011_0_1401;Icon_110200024
WE1_017_0_2401;Icon_110200025
WE1_015_0_2271;Icon_110200025
WE1_017_0_2402;Icon_110200025
BX_WE1_017_0_2402;Icon_110200025
WE1_029_0_3351;Icon_110200026
WE1_733_0_3401;Icon_110200026
WE1_009_0_3383;Icon_110200026
BX_WE1_029_0_3351;Icon_110200026
WE1_029_0_3351_EV1;Icon_110200026
WE1_029_0_3352;Icon_110200026
WE1_029_0_3353;Icon_110200026
WE1_029_0_3351_EV2;Icon_110200026
WE1_004_0_2103;Icon_110200027
WE1_ev1_1_2103;Icon_110200027
WE1_ev1_2_2103;Icon_110200027
WE1_ev1_3_2103;Icon_110200027
WE1_ev1_4_2103;Icon_110200027
WE1_ev2_3_2103;Icon_110200027
WE1_ca1_4_2103;Icon_110200027
WE1_ev2_4_2103;Icon_110200027
WE1_004_0_2110;Icon_110200027
WE1_ca2_4_2103;Icon_110200027
WE1_ca2_4_0001;Icon_110200027
WE1_045_1_4501;Icon_110200029
WE1_004_0_0004;Icon_110200029
WE1_045_8_4501;Icon_110200030
WE1_045_3_4501;Icon_110200030
WE1_045_0_4502_RE;Icon_110200031
WE1_045_0_4501;Icon_110200031
WE1_045_0_4502;Icon_110200031
WE1_045_3_4502;Icon_110200031
WE1_045_3_4502_CR;Icon_110200031
WE1_004_3_6000;Icon_110200031
WE1_050_1_5001;Icon_110200032
WE1_050_8_5001;Icon_110200033
WE1_050_3_5001;Icon_110200033
WE1_004_0_0011;Icon_110200033
WE1_050_0_5002_RE;Icon_110200034
WE1_050_0_5002;Icon_110200034
WE1_050_3_5002;Icon_110200034
WE1_050_3_5002_CR;Icon_110200034
WE1_050_3_5003;Icon_110200034
WE1_004_0_0018;Icon_110200034
WE1_050_0_5002_RE2;Icon_110200034
WE1_504_2104;Icon_110200035
WE1_504_2103;Icon_110200036
WE1_CA2_5001;Icon_110200036
EV1_504_2103;Icon_110200036
EV_WE1_1_00000;Icon_110200036
WE1_004_1_6000;Icon_110200037
WE1_004_0_0004_CR;Icon_110200038
WE1_004_2_6002;Icon_110200038
WE1_004_1_0025;Icon_110200039
WE1_004_2_0025;Icon_110200039
WE1_004_3_6001;Icon_110200039
WE1_004_3_6002;Icon_110200039
EW2_000_0_0000;Icon_110300000
EW2_001_0_0000;Icon_110300000
EW2_001_0_0001;Icon_110300000
EW2_001_0_0002;Icon_110300000
EW2_002_0_0000;Icon_110300000
EW2_002_0_0001;Icon_110300000
EW2_003_0_0000;Icon_110300000
EW2_005_0_0000;Icon_110300000
EW2_005_0_0001;Icon_110300000
EW2_005_0_0002;Icon_110300000
EW2_005_0_0003;Icon_110300000
EW2_007_0_0000;Icon_110300000
EW2_008_0_0000;Icon_110300000
EW2_009_0_0000;Icon_110300000
EW2_010_0_0000;Icon_110300000
EW2_011_0_0000;Icon_110300000
EW2_013_0_0000;Icon_110300000
EW2_015_0_0000;Icon_110300000
EW2_016_0_0001;Icon_110300000
EW2_019_0_0000;Icon_110300000
EW2_020_0_0000;Icon_110300000
EW2_020_0_0001;Icon_110300000
EW2_020_0_0002;Icon_110300000
EW2_020_0_0003;Icon_110300000
EW2_020_0_0004;Icon_110300000
EW2_022_0_0000;Icon_110300000
EW2_030_0_0000;Icon_110300000
EW2_033_0_0000;Icon_110300000
EW2_036_0_0000;Icon_110300000
EW2_037_0_0000;Icon_110300000
EW2_038_0_0000;Icon_110300000
EW2_044_0_0000;Icon_110300000
EW2_045_0_0000;Icon_110300000
EW2_045_0_0001;Icon_110300000
EW2_045_0_0002;Icon_110300000
EW2_046_0_0000;Icon_110300000
EW2_047_0_0000;Icon_110300000
EW2_048_0_0000;Icon_110300000
EW2_004_0_0000;Icon_110300000
EW2_032_0_0000;Icon_110300000
CW0_001_0_0000;Icon_110300000
WE8_000_0_9999;Icon_110300000
WE8_000_1_9999;Icon_110300000
WE8_000_2_9999;Icon_110300000
WE8_000_3_9999;Icon_110300000
WE8_001_0_9999;Icon_110300000
WE8_001_1_9999;Icon_110300000
WE8_001_2_9999;Icon_110300000
WE8_001_3_9999;Icon_110300000
WE8_002_0_9999;Icon_110300000
WE8_002_1_9999;Icon_110300000
WE8_002_2_9999;Icon_110300000
WE8_002_3_9999;Icon_110300000
WE8_003_0_9999;Icon_110300000
WE8_003_1_9999;Icon_110300000
WE8_003_2_9999;Icon_110300000
WE8_003_3_9999;Icon_110300000
WE8_004_0_9999;Icon_110300000
WE8_004_1_9999;Icon_110300000
WE8_004_2_9999;Icon_110300000
WE8_004_3_9999;Icon_110300000
WE8_005_0_9999;Icon_110300000
WE8_005_1_9999;Icon_110300000
WE8_005_2_9999;Icon_110300000
WE8_005_3_9999;Icon_110300000
WE8_006_0_9999;Icon_110300000
WE8_006_1_9999;Icon_110300000
WE8_006_2_9999;Icon_110300000
WE8_006_3_9999;Icon_110300000
WE8_106_0_9999;Icon_110300000
WE8_106_1_9999;Icon_110300000
WE8_106_2_9999;Icon_110300000
WE8_007_0_9999;Icon_110300000
WE8_007_1_9999;Icon_110300000
WE8_007_2_9999;Icon_110300000
WE8_007_3_9999;Icon_110300000
WE8_107_0_9999;Icon_110300000
WE8_107_1_9999;Icon_110300000
WE8_107_2_9999;Icon_110300000
WE8_008_0_9999;Icon_110300000
WE8_008_1_9999;Icon_110300000
WE8_008_2_9999;Icon_110300000
WE8_008_3_9999;Icon_110300000
WE8_108_0_9999;Icon_110300000
WE8_108_1_9999;Icon_110300000
WE8_108_2_9999;Icon_110300000
WE8_009_0_9999;Icon_110300000
WE8_009_1_9999;Icon_110300000
WE8_009_2_9999;Icon_110300000
WE8_009_3_9999;Icon_110300000
WE8_109_0_9999;Icon_110300000
WE8_109_1_9999;Icon_110300000
WE8_109_2_9999;Icon_110300000
WE8_010_0_9999;Icon_110300000
WE8_010_1_9999;Icon_110300000
WE8_010_2_9999;Icon_110300000
WE8_010_3_9999;Icon_110300000
WE8_110_0_9999;Icon_110300000
WE8_110_1_9999;Icon_110300000
WE8_110_2_9999;Icon_110300000
WE8_011_0_9999;Icon_110300000
WE8_011_1_9999;Icon_110300000
WE8_011_2_9999;Icon_110300000
WE8_011_3_9999;Icon_110300000
WE8_111_0_9999;Icon_110300000
WE8_111_1_9999;Icon_110300000
WE8_111_2_9999;Icon_110300000
WE8_012_0_9999;Icon_110300000
WE8_012_1_9999;Icon_110300000
WE8_012_2_9999;Icon_110300000
WE8_012_3_9999;Icon_110300000
WE8_112_0_9999;Icon_110300000
WE8_112_1_9999;Icon_110300000
WE8_112_2_9999;Icon_110300000
WE2_017_0_1051;Icon_110300000
WE2_010_0_0000;Icon_110300000
EW2_051_0_0000;Icon_110300000
EW0_055_0_0000;Icon_110300000
EW0_055_1_0000;Icon_110300000
EW0_055_2_0000;Icon_110300000
EW0_055_3_0000;Icon_110300000
EW2_045_0_0003;Icon_110300000
EW2_045_0_0004;Icon_110300000
EW3_Bug_0_0001;Icon_110300000
EW3_bugkuro_0_0001;Icon_110300000
EW0_bugsal_0_0001;Icon_110300000
EW5_razard_0_0001;Icon_110300000
EW2_ddoong_0_01;Icon_110300000
EW5_smithy_0_0001;Icon_110300000
EW0_smithy_0_0002;Icon_110300000
EW0_smithy_1_0003;Icon_110300000
EW0_comb_0_0004;Icon_110300000
EW2_ddoong_0_02;Icon_110300000
EW2_hallow_046_0;Icon_110300000
EW1_bugkuro_0_0002;Icon_110300000
EW3_bugkuro_0_0003;Icon_110300000
EW0_055_3_0001;Icon_110300000
EW0_DragonianDC;Icon_110300000
EW0_055_3_0002;Icon_110300000
EW0_055_3_0003;Icon_110300000
EW2_045_0_0005;Icon_110300000
EW2_045_0_0006;Icon_110300000
EW3_d27_0_0003;Icon_110300000
WE2_027_0_2051;Icon_110300001
WE2_005_0_1101;Icon_110300002
WE2_005_0_9001;Icon_110300002
WE2_005_0_2101;Icon_110300003
WE2_006_0_2102;Icon_110300003
WE2_006_0_1141;Icon_110300003
WE2_006_0_1142;Icon_110300003
WE2_006_0_1151;Icon_110300004
WE2_007_0_2151;Icon_110300005
WE2_007_0_2171;Icon_110300005
WE2_007_0_2152;Icon_110300005
WE2_007_0_2153;Icon_110300005
WE2_027_0_2141;Icon_110300006
WE2_007_0_1201;Icon_110300008
WE2_013_0_2201;Icon_110300009
WE2_013_0_2202;Icon_110300009
WE2_013_0_2203;Icon_110300009
WE2_019_0_2222;Icon_110300010
WE8_006_3_99999;Icon_110300010
WE2_019_0_2222_1;Icon_110300010
WE2_010_0_2241;Icon_110300013
WE2_017_0_2251;Icon_110300013
WE2_017_0_2252;Icon_110300013
WE2_012_0_2261;Icon_110300013
WE2_017_0_2253;Icon_110300013
WE2_012_0_3282;Icon_110300014
WE2_012_0_3282_1;Icon_110300014
WE2_017_0_1301;Icon_110300016
WE2_009_0_2301;Icon_110300017
WE2_009_0_2302;Icon_110300017
WE2_012_0_3281;Icon_110300018
WE2_012_0_3283;Icon_110300018
WE2_012_0_3301;Icon_110300018
WE2_012_0_3281_1;Icon_110300018
WE2_012_0_3301_1;Icon_110300018
WE2_009_0_1351;Icon_110300020
WE2_030_0_1401;Icon_110300020
WE2_030_0_2401;Icon_110300020
WE2_012_0_2271;Icon_110300020
WE2_030_0_3351;Icon_110300020
WE2_030_0_2402;Icon_110300020
WE2_012_0_3383;Icon_110300020
WE2_030_0_3352;Icon_110300020
WE2_030_0_3353;Icon_110300020
WE2_030_0_2351;Icon_110300021
WE2_030_0_3341;Icon_110300021
WE2_030_0_2352;Icon_110300021
WE2_006_0_2103;Icon_110300022
EW3_001_0_0001;Icon_110400000
EW3_002_0_0001;Icon_110400000
EW3_002_0_0002;Icon_110400000
EW3_003_0_0000;Icon_110400000
EW3_004_0_0000;Icon_110400000
EW3_005_0_0000;Icon_110400000
EW3_005_0_0001;Icon_110400000
EW3_006_0_0000;Icon_110400000
EW3_007_0_0000;Icon_110400000
EW3_008_0_0000;Icon_110400000
EW3_008_0_0001;Icon_110400000
EW3_009_0_0000;Icon_110400000
EW3_010_0_0000;Icon_110400000
EW3_011_0_0000;Icon_110400000
EW3_017_1_0000;Icon_110400000
EW3_022_0_0000;Icon_110400000
EW3_023_0_0000;Icon_110400000
EW3_023_1_0000;Icon_110400000
WE3_010_0_1101;Icon_110400002
WE3_010_0_9001;Icon_110400002
WE3_010_0_2101;Icon_110400003
WE3_020_0_2102;Icon_110400003
WE3_020_0_1141;Icon_110400003
WE3_020_0_1142;Icon_110400003
WE3_020_0_1151;Icon_110400004
WE3_005_0_2151;Icon_110400005
WE3_005_0_2171;Icon_110400005
WE3_005_0_2152;Icon_110400005
WE3_005_0_2153;Icon_110400005
WE3_019_0_2141;Icon_110400006
WE3_005_0_1201;Icon_110400008
WE3_006_0_2201;Icon_110400009
WE3_006_0_2202;Icon_110400009
WE3_006_0_2203;Icon_110400009
WE3_031_0_2222;Icon_110400010
WE3_031_0_2222_1;Icon_110400010
WE3_006_0_1251;Icon_110400012
WE3_031_0_2241;Icon_110400013
WE3_008_0_2251;Icon_110400013
WE3_008_0_2252;Icon_110400013
WE3_017_0_2261;Icon_110400013
WE3_008_0_2253;Icon_110400013
WE3_017_0_3282;Icon_110400014
WE3_017_0_3282_1;Icon_110400014
WE3_008_0_1301;Icon_110400016
WE3_009_0_2301;Icon_110400017
WE3_009_0_2302;Icon_110400017
WE3_017_0_3281;Icon_110400018
WE3_017_0_3283;Icon_110400018
WE3_029_0_3301;Icon_110400018
WE3_017_0_3281_1;Icon_110400018
WE3_029_0_3301_1;Icon_110400018
WE3_009_0_1351;Icon_110400020
WE3_011_0_1401;Icon_110400020
WE3_011_0_2401;Icon_110400020
WE3_017_0_2271;Icon_110400020
WE3_011_0_3351;Icon_110400020
WE3_011_0_2402;Icon_110400020
WE3_017_0_3383;Icon_110400020
WE3_011_0_3352;Icon_110400020
WE3_011_0_3353;Icon_110400020
WE3_011_0_2351;Icon_110400021
WE3_011_0_3341;Icon_110400021
WE3_011_0_2352;Icon_110400021
WE3_020_0_2103;Icon_110400022
EW4_001_0_1000;Icon_110700000
EW4_001_0_2000;Icon_110700000
EW4_001_0_3000;Icon_110700000
EW4_001_0_4000;Icon_110700000
EW4_001_0_0000;Icon_110700000
EW4_002_0_0000;Icon_110700000
EW4_002_0_0001;Icon_110700000
EW4_011_0_9000;Icon_110700000
EW4_011_0_9001;Icon_110700000
EW4_013_0_9000;Icon_110700000
EW4_013_0_9001;Icon_110700000
EW4_028_0_0000;Icon_110700000
EW4_029_0_0000;Icon_110700000
EW4_029_1_0000;Icon_110700000
EW4_030_0_0000;Icon_110700000
EW4_014_0_0000;Icon_110700000
EW4_015_0_0000;Icon_110700000
EW4_019_0_0000;Icon_110700000
EW4_020_0_0000;Icon_110700000
EW4_021_0_0000;Icon_110700000
EW4_022_0_0000;Icon_110700000
EW4_001_0_0001;Icon_110700000
CW0_002_0_0000;Icon_110700000
WE4_000_0_9999;Icon_110700000
WE4_000_1_9999;Icon_110700000
WE4_000_2_9999;Icon_110700000
WE4_000_3_9999;Icon_110700000
WE4_001_0_9999;Icon_110700000
WE4_001_1_9999;Icon_110700000
WE4_001_2_9999;Icon_110700000
WE4_001_3_9999;Icon_110700000
WE4_002_0_9999;Icon_110700000
WE4_002_1_9999;Icon_110700000
WE4_002_2_9999;Icon_110700000
WE4_002_3_9999;Icon_110700000
WE4_003_0_9999;Icon_110700000
WE4_003_1_9999;Icon_110700000
WE4_003_2_9999;Icon_110700000
WE4_003_3_9999;Icon_110700000
WE4_004_0_9999;Icon_110700000
WE4_004_1_9999;Icon_110700000
WE4_004_2_9999;Icon_110700000
WE4_004_3_9999;Icon_110700000
WE4_005_0_9999;Icon_110700000
WE4_005_1_9999;Icon_110700000
WE4_005_2_9999;Icon_110700000
WE4_005_3_9999;Icon_110700000
WE4_006_0_9999;Icon_110700000
WE4_006_1_9999;Icon_110700000
WE4_006_2_9999;Icon_110700000
WE4_006_3_9999;Icon_110700000
WE4_106_0_9999;Icon_110700000
WE4_106_1_9999;Icon_110700000
WE4_106_2_9999;Icon_110700000
WE4_007_0_9999;Icon_110700000
WE4_007_1_9999;Icon_110700000
WE4_007_2_9999;Icon_110700000
WE4_007_3_9999;Icon_110700000
WE4_107_0_9999;Icon_110700000
WE4_107_1_9999;Icon_110700000
WE4_107_2_9999;Icon_110700000
WE4_008_0_9999;Icon_110700000
WE4_008_1_9999;Icon_110700000
WE4_008_2_9999;Icon_110700000
WE4_008_3_9999;Icon_110700000
WE4_108_0_9999;Icon_110700000
WE4_108_1_9999;Icon_110700000
WE4_108_2_9999;Icon_110700000
WE4_009_0_9999;Icon_110700000
WE4_009_1_9999;Icon_110700000
WE4_009_2_9999;Icon_110700000
WE4_009_3_9999;Icon_110700000
WE4_109_0_9999;Icon_110700000
WE4_109_1_9999;Icon_110700000
WE4_109_2_9999;Icon_110700000
WE4_010_0_9999;Icon_110700000
WE4_010_1_9999;Icon_110700000
WE4_010_2_9999;Icon_110700000
WE4_010_3_9999;Icon_110700000
WE4_110_0_9999;Icon_110700000
WE4_110_1_9999;Icon_110700000
WE4_110_2_9999;Icon_110700000
WE4_011_0_9999;Icon_110700000
WE4_011_1_9999;Icon_110700000
WE4_011_2_9999;Icon_110700000
WE4_011_3_9999;Icon_110700000
WE4_111_0_9999;Icon_110700000
WE4_111_1_9999;Icon_110700000
WE4_111_2_9999;Icon_110700000
WE4_012_0_9999;Icon_110700000
WE4_012_1_9999;Icon_110700000
WE4_012_2_9999;Icon_110700000
WE4_012_3_9999;Icon_110700000
WE4_112_0_9999;Icon_110700000
WE4_112_1_9999;Icon_110700000
WE4_112_2_9999;Icon_110700000
WE4_017_0_0000;Icon_110700000
WE4_014_0_0000;Icon_110700000
WE4_015_0_0000;Icon_110700000
WE4_017_0_1051;Icon_110700000
EW4_001_0_0002;Icon_110700000
EW4_001_0_0003;Icon_110700000
EW4_023_0_0000;Icon_110700000
EW4_001_0_0004;Icon_110700000
WE4_003_0_2051;Icon_110700001
WE4_001_0_1101;Icon_110700002
WE4_711_0_1101;Icon_110700002
WE4_001_0_9001;Icon_110700002
WE4_001_0_2101;Icon_110700003
WE4_002_0_2102;Icon_110700003
WE4_002_0_1141;Icon_110700003
WE4_002_0_1141_RE;Icon_110700003
WE4_002_0_1142;Icon_110700003
WE4_001_0_2101_EV1;Icon_110700003
WE4_002_0_2102_EV1;Icon_110700003
WE4_001_0_2101_EV2;Icon_110700003
WE4_002_0_2102_EV2;Icon_110700003
WE4_002_0_1151;Icon_110700004
boxWE4_002_0_1151;Icon_110700004
WE4_015_0_2151;Icon_110700005
WE4_015_0_2171;Icon_110700005
WE4_812_0_2151;Icon_110700005
boxWE4_015_0_2151;Icon_110700005
boxWE4_812_0_2151;Icon_110700005
WE4_015_0_2152;Icon_110700005
WE4_015_0_2153;Icon_110700005
WE4_015_0_2151_EV;Icon_110700005
WE4_015_0_2171_RE;Icon_110700005
WE4_015_0_2151_RE;Icon_110700005
WE4_015_0_2151_EV1;Icon_110700005
WE4_015_0_2151_EV2;Icon_110700005
WE4_005_0_2141;Icon_110700006
WE4_005_0_2141_1;Icon_110700006
WE4_EV_3_0001;Icon_110700006
WE4_015_0_1201;Icon_110700008
WE4_721_0_2201;Icon_110700008
boxWE4_015_0_1201;Icon_110700008
WE4_004_0_2201;Icon_110700009
WE4_004_0_2202;Icon_110700009
WE4_722_0_2201;Icon_110700009
boxWE4_004_0_2201;Icon_110700009
WE4_004_0_2203;Icon_110700009
WE4_015_0_1201_RE;Icon_110700009
WE4_004_0_2202_EV1;Icon_110700009
WE4_004_0_2202_EV2;Icon_110700009
WE4_026_0_2222;Icon_110700010
WE4_109_1_99999;Icon_110700010
WE4_111_2_99999;Icon_110700010
WE4_026_0_2222_1;Icon_110700010
WE2_EV_3_0002;Icon_110700011
WE4_002_5_7001_ev;Icon_110700011
WE4_002_5_7001_ev_2;Icon_110700011
WE4_002_5_7002_ev;Icon_110700011
WE4_002_5_7002_ev_2;Icon_110700011
WE4_004_0_1251;Icon_110700012
boxWE4_004_0_1251;Icon_110700012
WE4_016_0_2241;Icon_110700013
WE4_016_0_2251;Icon_110700013
WE4_016_0_2252;Icon_110700013
WE4_010_0_2261;Icon_110700013
WE4_822_0_2251;Icon_110700013
boxWE4_016_0_2251;Icon_110700013
boxWE4_822_0_2251;Icon_110700013
WE4_016_0_2253;Icon_110700013
WE4_016_0_2251_EV;Icon_110700013
WE4_016_0_2251_RE;Icon_110700013
WE4_010_0_3282;Icon_110700014
WE4_823_0_3251;Icon_110700014
boxWE4_823_0_3251;Icon_110700014
WE4_010_0_3282_EV;Icon_110700014
WE4_010_0_3282_EV1;Icon_110700014
WE4_010_0_3282_EV2;Icon_110700014
WE4_010_0_3282_1;Icon_110700014
WE4_EV_4_0001;Icon_110700014
WE4_016_0_1301;Icon_110700016
WE4_731_0_3301;Icon_110700016
boxWE4_016_0_1301;Icon_110700016
WE4_018_0_2301;Icon_110700017
WE4_732_0_3301;Icon_110700017
boxWE4_018_0_2301;Icon_110700017
WE4_018_0_2302;Icon_110700017
boxWE4_018_0_2301_EV;Icon_110700017
WE4_018_0_2301_RE;Icon_110700017
WE4_018_0_2301_RE2;Icon_110700017
WE4_018_0_3281;Icon_110700018
WE4_018_0_3283;Icon_110700018
WE4_009_0_3301;Icon_110700018
WE4_733_0_3301;Icon_110700018
WE4_003_0_3502;Icon_110700018
WE4_009_0_3401;Icon_110700018
WE4_018_0_3281_EV;Icon_110700018
BX_WE4_009_0_3301;Icon_110700018
WE4_018_0_3281_EV1;Icon_110700018
WE4_009_0_3301_EV1;Icon_110700018
WE4_018_0_3281_EV2;Icon_110700018
WE4_009_0_3301_EV2;Icon_110700018
WE4_002_0_0023;Icon_110700018
WE4_018_0_3281_1;Icon_110700018
WE4_009_0_3301_1;Icon_110700018
WE2_300_6502;Icon_110700018
WE2_TEST_0001;Icon_110700018
WE2_TEST_0002;Icon_110700018
WE4_018_0_1351;Icon_110700020
WE4_019_0_2351;Icon_110700021
WE4_019_0_3341;Icon_110700021
pvpWE4_001_2_4043;Icon_110700021
WE4_019_0_2352;Icon_110700021
WE4_019_0_2351_RE;Icon_110700021
BX_WE4_019_0_2351;Icon_110700021
WE4_019_0_2351_RE2;Icon_110700021
WE4_009_0_4001;Icon_110700022
WE4_733_0_3351;Icon_110700022
WE4_009_0_3501;Icon_110700023
WE4_019_0_1401;Icon_110700024
WE4_011_0_2401;Icon_110700025
WE4_010_0_2271;Icon_110700025
WE4_011_0_2402;Icon_110700025
BX_WE4_011_0_2402;Icon_110700025
WE4_008_0_3351;Icon_110700026
WE4_733_0_3401;Icon_110700026
WE4_018_0_3383;Icon_110700026
BX_WE4_008_0_3351;Icon_110700026
WE4_008_0_3351_EV1;Icon_110700026
WE4_008_0_3352;Icon_110700026
WE4_008_0_3353;Icon_110700026
WE4_008_0_3351_EV2;Icon_110700026
WE4_002_0_2103;Icon_110700027
WE4_ev1_1_2103;Icon_110700027
WE4_ev1_2_2103;Icon_110700027
WE4_ev1_3_2103;Icon_110700027
WE4_ev1_4_2103;Icon_110700027
WE4_ev2_3_2103;Icon_110700027
WE4_ca1_4_2103;Icon_110700027
WE4_ev2_4_2103;Icon_110700027
WE4_002_0_2110;Icon_110700027
WE4_ca2_4_2103;Icon_110700027
WE4_ca2_4_0001;Icon_110700027
WE4_045_1_4501;Icon_110700029
WE4_002_0_0002;Icon_110700029
WE4_045_8_4501;Icon_110700030
WE4_045_3_4501;Icon_110700030
WE4_045_0_4502_RE;Icon_110700031
WE4_045_0_4501;Icon_110700031
WE4_045_0_4502;Icon_110700031
WE4_045_3_4502;Icon_110700031
WE4_045_3_4502_CR;Icon_110700031
WE4_002_3_6000;Icon_110700031
WE4_050_1_5001;Icon_110700032
WE4_050_8_5001;Icon_110700033
WE4_050_3_5001;Icon_110700033
WE4_002_0_0009;Icon_110700033
WE4_050_0_5002_RE;Icon_110700034
WE4_050_0_5002;Icon_110700034
WE4_050_3_5002;Icon_110700034
WE4_050_3_5002_CR;Icon_110700034
WE4_050_3_5003;Icon_110700034
WE4_002_0_0016;Icon_110700034
WE4_050_0_5002_RE2;Icon_110700034
WE4_504_2104;Icon_110700035
WE4_504_2103;Icon_110700036
WE4_CA2_5002;Icon_110700036
EV4_504_2103;Icon_110700036
EV_WE3_1_00000;Icon_110700036
WE4_002_1_6000;Icon_110700037
WE4_002_0_0002_CR;Icon_110700038
WE4_002_2_6002;Icon_110700038
WE4_002_1_0023;Icon_110700039
WE4_002_2_0023;Icon_110700039
WE4_002_3_6001;Icon_110700039
WE4_002_3_6002;Icon_110700039
EW7_001_0_0000;Icon_110800000
EW7_001_0_0001;Icon_110800000
EW7_002_0_0001;Icon_110800000
EW7_002_0_0002;Icon_110800000
EW7_002_0_0003;Icon_110800000
EW7_003_0_0000;Icon_110800000
EW7_004_0_0000;Icon_110800000
EW7_005_0_0000;Icon_110800000
EW7_006_0_0000;Icon_110800000
EW7_027_0_0000;Icon_110800000
EW7_017_0_0000;Icon_110800000
EW7_018_0_0000;Icon_110800000
EW7_019_0_0000;Icon_110800000
EW7_020_0_0000;Icon_110800000
EW7_021_0_0000;Icon_110800000
EW7_022_0_0000;Icon_110800000
EW7_023_0_0000;Icon_110800000
EW7_028_0_0000;Icon_110800000
WE7_001_0_0000;Icon_110800000
WE7_020_0_0000;Icon_110800000
WE7_021_0_0000;Icon_110800000
WE7_001_0_1051;Icon_110800000
WE7_002_0_0003;Icon_110800000
WE7_001_0_2101_EV2;Icon_110800000
WE7_018_0_2301_RE2;Icon_110800000
WE7_001_0_2101_EV3;Icon_110800000
WE7_004_0_2051;Icon_110800001
WE7_001_0_2101_EV1;Icon_110800001
WE7_010_0_1101;Icon_110800002
WE7_010_0_9001;Icon_110800002
WE7_711_0_1101;Icon_110800002
WE7_002_0_2102_EV2;Icon_110800002
WE7_002_0_2102_EV3;Icon_110800002
WE7_010_0_2101;Icon_110800003
WE7_003_0_2102;Icon_110800003
WE7_011_0_2171;Icon_110800003
WE7_015_0_2171_RE;Icon_110800003
WE7_002_0_2102_EV1;Icon_110800003
WE7_003_0_1151;Icon_110800004
WE7_015_0_2151_EV2;Icon_110800004
WE7_015_0_2151_EV3;Icon_110800004
WE7_011_0_2151;Icon_110800005
WE7_011_0_2152;Icon_110800005
WE7_011_0_2153;Icon_110800005
WE7_812_0_2151;Icon_110800005
WE7_015_0_2151_RE;Icon_110800005
WE7_015_0_2151_EV1;Icon_110800005
boxwe7_002_0_1151;Icon_110800005
boxwe7_015_0_2151;Icon_110800005
boxwe7_812_0_2151;Icon_110800005
WE7_015_0_2151_EV;Icon_110800005
WE7_015_0_2151;Icon_110800005
WE7_027_0_2141;Icon_110800006
WE7_018_0_3353;Icon_110800006
WE7_027_0_2141_1;Icon_110800006
WE7_EV_3_0001;Icon_110800006
WE6_EV_3_0002;Icon_110800006
WE7_006_5_7001_ev;Icon_110800006
WE7_006_5_7002_ev;Icon_110800006
WE7_011_0_1201;Icon_110800008
WE7_721_0_2201;Icon_110800008
WE7_004_0_2202_EV2;Icon_110800008
boxwe7_015_0_1201;Icon_110800008
WE7_004_0_2202_EV3;Icon_110800008
WE7_002_0_2201;Icon_110800009
WE7_002_0_2202;Icon_110800009
WE7_002_0_2203;Icon_110800009
WE7_722_0_2201;Icon_110800009
WE7_015_0_1201_RE;Icon_110800009
WE7_004_0_2202_EV1;Icon_110800009
boxwe7_004_0_2201;Icon_110800009
WE7_012_0_2222;Icon_110800010
WE1_008_0_2141_1;Icon_110800010
WE7_012_0_2222_1;Icon_110800010
WE7_002_0_1251;Icon_110800012
WE7_018_0_3281_EV2;Icon_110800012
boxwe7_004_0_1251;Icon_110800012
WE7_018_0_3281_EV3;Icon_110800012
WE7_013_0_2241;Icon_110800013
WE7_013_0_2251;Icon_110800013
WE7_003_0_1141;Icon_110800013
WE7_013_0_2252;Icon_110800013
WE7_013_0_2253;Icon_110800013
WE7_003_0_1142;Icon_110800013
WE7_822_0_2251;Icon_110800013
WE7_016_0_2251_RE;Icon_110800013
boxwe7_016_0_2251;Icon_110800013
boxwe7_822_0_2251;Icon_110800013
WE7_006_0_3281;Icon_110800014
WE3_019_0_2141_1;Icon_110800014
WE7_006_0_3281_1;Icon_110800014
WE7_823_0_3251;Icon_110800014
pvpWE7_001_2_2528;Icon_110800014
WE7_018_0_3281_EV1;Icon_110800014
boxwe7_823_0_3251;Icon_110800014
WE6_300_6507;Icon_110800014
WE7_TEST_0001;Icon_110800014
WE7_TEST_0002;Icon_110800014
WE7_013_0_1301;Icon_110800016
WE7_731_0_3301;Icon_110800016
WE7_010_0_3282_EV2;Icon_110800016
boxwe7_016_0_1301;Icon_110800016
WE7_010_0_3282_EV3;Icon_110800016
WE7_006_0_2301;Icon_110800017
WE7_019_0_2261;Icon_110800017
WE7_006_0_2302;Icon_110800017
WE7_732_0_3301;Icon_110800017
WE7_002_0_1141_RE;Icon_110800017
boxwe7_018_0_2301;Icon_110800017
boxwe7_018_0_2301_EV;Icon_110800017
WE7_019_0_3282;Icon_110800018
WE5_007_0_2141_1;Icon_110800018
WE7_019_0_3282_1;Icon_110800018
WE7_733_0_3301;Icon_110800018
pvpWE7_001_2_3033;Icon_110800018
WE7_010_0_3282_EV1;Icon_110800018
WE7_009_0_3401;Icon_110800018
WE7_EV_4_0001;Icon_110800018
WE7_006_0_1351;Icon_110800020
WE7_009_0_3301_EV2;Icon_110800020
WE7_009_0_3301_EV3;Icon_110800020
WE7_015_0_2351;Icon_110800021
WE7_015_0_3341;Icon_110800021
WE7_015_0_2352;Icon_110800021
BX_WE7_015_0_2351;Icon_110800021
WE7_018_0_2301_RE;Icon_110800021
BX_we7_019_0_2351;Icon_110800021
WE7_006_0_3283;Icon_110800022
WE7_014_0_3301;Icon_110800022
WE7_006_0_3383;Icon_110800022
BX_WE7_014_0_3301;Icon_110800022
WE2_027_0_2141_1;Icon_110800022
WE7_014_0_3301_1;Icon_110800022
WE7_733_0_3351;Icon_110800022
WE7_009_0_4001;Icon_110800022
WE7_003_0_3502;Icon_110800022
WE7_009_0_3301_EV1;Icon_110800022
BX_we7_009_0_3301;Icon_110800022
WE7_009_0_3501;Icon_110800023
WE7_015_0_1401;Icon_110800024
WE7_008_0_3351_EV2;Icon_110800024
WE7_019_0_2351_RE2;Icon_110800024
WE7_008_0_3351_EV3;Icon_110800024
WE7_016_0_2401;Icon_110800025
WE7_019_0_2271;Icon_110800025
WE7_016_0_2402;Icon_110800025
BX_WE7_016_0_2402;Icon_110800025
WE7_019_0_2351_RE;Icon_110800025
BX_we7_011_0_2402;Icon_110800025
WE7_018_0_3351;Icon_110800026
BX_WE7_018_0_3351;Icon_110800026
WE7_018_0_3352;Icon_110800026
WE7_733_0_3401;Icon_110800026
pvpWE7_001_2_3538;Icon_110800026
WE7_008_0_3351_EV1;Icon_110800026
WE7_045_0_4501;Icon_110800026
BX_we7_008_0_3351;Icon_110800026
WE7_003_0_2103;Icon_110800027
WE7_ev1_1_2103;Icon_110800027
WE7_ev1_2_2103;Icon_110800027
WE7_ev1_3_2103;Icon_110800027
WE7_ev1_4_2103;Icon_110800027
WE7_ev2_3_2103;Icon_110800027
WE7_ca1_4_2103;Icon_110800027
WE7_ev2_4_2103;Icon_110800027
WE7_003_0_2110;Icon_110800027
WE7_ca2_4_2103;Icon_110800027
WE7_ca2_4_0001;Icon_110800027
WE7_045_1_4501;Icon_110800028
WE7_045_8_4501;Icon_110800029
WE7_045_3_4501;Icon_110800029
WE7_045_0_4502_RE;Icon_110800030
WE7_045_0_4502;Icon_110800030
WE7_045_3_4502;Icon_110800030
pvpWE7_001_2_4564;Icon_110800030
WE7_045_3_4502_CR;Icon_110800030
WE7_006_3_6000;Icon_110800030
WE7_050_1_5001;Icon_110800031
WE7_050_0_5002_RE2;Icon_110800031
WE7_050_8_5001;Icon_110800032
WE7_050_3_5001;Icon_110800032
WE7_050_0_5002_RE;Icon_110800033
WE7_050_0_5002;Icon_110800033
WE7_050_3_5002;Icon_110800033
pvpWE7_001_2_5069;Icon_110800033
WE7_050_3_5002_CR;Icon_110800033
WE7_050_3_5003;Icon_110800033
WE7_002_0_0016;Icon_110800033
WE7_002_0_0002;Icon_110800035
WE7_005_1_6000;Icon_110800035
WE7_002_0_0009;Icon_110800036
WE7_005_2_6000;Icon_110800036
WE7_002_0_0023;Icon_110800037
WE7_002_0_0002_CR;Icon_110800037
WE7_002_1_0023;Icon_110800037
WE7_006_3_6001;Icon_110800037
WE7_006_3_6002;Icon_110800037
WE7_504_2103;Icon_110800038
WE7_CA2_5007;Icon_110800038
EV7_504_2103;Icon_110800038
EV_WE2_1_00000;Icon_110800038
EW5_001_0_0000;Icon_110900000
EW5_001_0_0001;Icon_110900000
EW5_001_0_0002;Icon_110900000
EW5_002_0_0000;Icon_110900000
EW5_006_0_0000;Icon_110900000
EW5_006_0_0001;Icon_110900000
EW5_007_0_0000;Icon_110900000
EW5_007_0_0001;Icon_110900000
EW5_008_0_0000;Icon_110900000
EW5_008_0_0001;Icon_110900000
EW5_010_0_0000;Icon_110900000
EW5_011_0_0000;Icon_110900000
EW5_012_0_0000;Icon_110900000
EW5_023_0_0000;Icon_110900000
EW5_024_0_0000;Icon_110900000
EW5_004_0_0000;Icon_110900000
EW5_025_0_0000;Icon_110900000
EW5_026_0_0000;Icon_110900000
EW5_024_0_0001;Icon_110900000
WE5_000_0_9999;Icon_110900000
WE5_000_1_9999;Icon_110900000
WE5_000_2_9999;Icon_110900000
WE5_000_3_9999;Icon_110900000
WE5_001_0_9999;Icon_110900000
WE5_001_1_9999;Icon_110900000
WE5_001_2_9999;Icon_110900000
WE5_001_3_9999;Icon_110900000
WE5_002_0_9999;Icon_110900000
WE5_002_1_9999;Icon_110900000
WE5_002_2_9999;Icon_110900000
WE5_002_3_9999;Icon_110900000
WE5_003_0_9999;Icon_110900000
WE5_003_1_9999;Icon_110900000
WE5_003_2_9999;Icon_110900000
WE5_003_3_9999;Icon_110900000
WE5_004_0_9999;Icon_110900000
WE5_004_1_9999;Icon_110900000
WE5_004_2_9999;Icon_110900000
WE5_004_3_9999;Icon_110900000
WE5_005_0_9999;Icon_110900000
WE5_005_1_9999;Icon_110900000
WE5_005_2_9999;Icon_110900000
WE5_005_3_9999;Icon_110900000
WE5_006_0_9999;Icon_110900000
WE5_006_1_9999;Icon_110900000
WE5_006_2_9999;Icon_110900000
WE5_006_3_9999;Icon_110900000
WE5_106_0_9999;Icon_110900000
WE5_106_1_9999;Icon_110900000
WE5_106_2_9999;Icon_110900000
WE5_007_0_9999;Icon_110900000
WE5_007_1_9999;Icon_110900000
WE5_007_2_9999;Icon_110900000
WE5_007_3_9999;Icon_110900000
WE5_107_0_9999;Icon_110900000
WE5_107_1_9999;Icon_110900000
WE5_107_2_9999;Icon_110900000
WE5_008_0_9999;Icon_110900000
WE5_008_1_9999;Icon_110900000
WE5_008_2_9999;Icon_110900000
WE5_008_3_9999;Icon_110900000
WE5_108_0_9999;Icon_110900000
WE5_108_1_9999;Icon_110900000
WE5_108_2_9999;Icon_110900000
WE5_009_0_9999;Icon_110900000
WE5_009_1_9999;Icon_110900000
WE5_009_2_9999;Icon_110900000
WE5_009_3_9999;Icon_110900000
WE5_109_0_9999;Icon_110900000
WE5_109_1_9999;Icon_110900000
WE5_109_2_9999;Icon_110900000
WE5_010_0_9999;Icon_110900000
WE5_010_1_9999;Icon_110900000
WE5_010_2_9999;Icon_110900000
WE5_010_3_9999;Icon_110900000
WE5_110_0_9999;Icon_110900000
WE5_110_1_9999;Icon_110900000
WE5_110_2_9999;Icon_110900000
WE5_011_0_9999;Icon_110900000
WE5_011_1_9999;Icon_110900000
WE5_011_2_9999;Icon_110900000
WE5_011_3_9999;Icon_110900000
WE5_111_0_9999;Icon_110900000
WE5_111_1_9999;Icon_110900000
WE5_111_2_9999;Icon_110900000
WE5_012_0_9999;Icon_110900000
WE5_012_1_9999;Icon_110900000
WE5_012_2_9999;Icon_110900000
WE5_012_3_9999;Icon_110900000
WE5_112_0_9999;Icon_110900000
WE5_112_1_9999;Icon_110900000
WE5_112_2_9999;Icon_110900000
WE5_001_0_0001;Icon_110900000
WE5_025_0_0000;Icon_110900000
WE5_026_0_0000;Icon_110900000
WE5_001_0_1051;Icon_110900000
WE11_001_0_0000;Icon_110900000
WE5_002_0_2051;Icon_110900001
WE5_003_0_1101;Icon_110900002
WE5_711_0_1101;Icon_110900002
WE5_003_0_9001;Icon_110900002
WE5_003_0_2101;Icon_110900003
WE5_004_0_2102;Icon_110900003
WE5_004_0_1141;Icon_110900003
WE5_004_0_1141_RE;Icon_110900003
WE5_004_0_1142;Icon_110900003
WE5_003_0_2101_EV1;Icon_110900003
WE5_004_0_2102_EV1;Icon_110900003
WE5_003_0_2101_EV2;Icon_110900003
WE5_004_0_2102_EV2;Icon_110900003
WE5_004_0_1151;Icon_110900004
boxWE5_004_0_1151;Icon_110900004
WE5_005_0_2151;Icon_110900005
WE5_005_0_2171;Icon_110900005
WE5_812_0_2151;Icon_110900005
boxWE5_005_0_2151;Icon_110900005
boxWE5_812_0_2151;Icon_110900005
WE5_005_0_2152;Icon_110900005
WE5_005_0_2153;Icon_110900005
WE5_005_0_2151_EV;Icon_110900005
WE5_005_0_2171_RE;Icon_110900005
WE5_005_0_2151_RE;Icon_110900005
WE5_005_0_2151_EV1;Icon_110900005
WE5_005_0_2151_EV2;Icon_110900005
WE5_007_0_2141;Icon_110900006
WE5_EV_3_0001;Icon_110900006
WE3_EV_3_0002;Icon_110900006
WE5_005_5_7001_ev;Icon_110900006
WE5_005_5_7002_ev;Icon_110900006
WE5_005_0_1201;Icon_110900008
WE5_721_0_2201;Icon_110900008
boxWE5_005_0_1201;Icon_110900008
WE5_006_0_2201;Icon_110900009
WE5_006_0_2202;Icon_110900009
WE5_722_0_2201;Icon_110900009
boxWE5_006_0_2201;Icon_110900009
WE5_006_0_2203;Icon_110900009
WE5_005_0_1201_RE;Icon_110900009
WE5_006_0_2202_EV1;Icon_110900009
WE5_006_0_2202_EV2;Icon_110900009
WE5_027_0_2222;Icon_110900010
WE5_008_2_99999;Icon_110900010
WE5_027_0_2222_1;Icon_110900010
WE5_006_0_1251;Icon_110900012
boxWE5_006_0_1251;Icon_110900012
WE5_008_0_2241;Icon_110900013
WE5_008_0_2251;Icon_110900013
WE5_008_0_2252;Icon_110900013
WE5_010_0_2261;Icon_110900013
WE5_822_0_2251;Icon_110900013
boxWE5_008_0_2251;Icon_110900013
boxWE5_822_0_2251;Icon_110900013
WE5_008_0_2253;Icon_110900013
WE5_008_0_2251_EV;Icon_110900013
WE5_008_0_2251_RE;Icon_110900013
WE5_010_0_3282;Icon_110900014
WE5_823_0_3251;Icon_110900014
boxWE5_823_0_3251;Icon_110900014
WE5_010_0_3282_EV;Icon_110900014
WE5_010_0_3282_EV1;Icon_110900014
WE5_010_0_3282_EV2;Icon_110900014
WE5_010_0_3282_1;Icon_110900014
WE5_EV_4_0001;Icon_110900014
WE5_008_0_1301;Icon_110900016
WE5_731_0_3301;Icon_110900016
boxWE5_008_0_1301;Icon_110900016
WE5_009_0_2301;Icon_110900017
WE5_732_0_3301;Icon_110900017
boxWE5_009_0_2301;Icon_110900017
WE5_009_0_2302;Icon_110900017
boxWE5_009_0_2301_EV;Icon_110900017
WE5_009_0_2301_RE;Icon_110900017
WE5_009_0_2301_RE2;Icon_110900017
WE5_009_0_3281;Icon_110900018
WE5_009_0_3283;Icon_110900018
WE5_012_0_3301;Icon_110900018
WE5_733_0_3301;Icon_110900018
WE5_003_0_3502;Icon_110900018
WE5_012_0_3401;Icon_110900018
WE5_009_0_3281_EV;Icon_110900018
BX_WE5_012_0_3301;Icon_110900018
WE5_009_0_3281_EV1;Icon_110900018
WE5_012_0_3301_EV1;Icon_110900018
WE5_009_0_3281_EV2;Icon_110900018
WE5_012_0_3301_EV2;Icon_110900018
WE5_005_0_0026;Icon_110900018
WE5_009_0_3281_1;Icon_110900018
WE5_012_0_3301_1;Icon_110900018
WE3_300_6503;Icon_110900018
WE3_TEST_0001;Icon_110900018
WE3_TEST_0002;Icon_110900018
WE5_009_0_1351;Icon_110900020
WE5_011_0_2351;Icon_110900021
WE5_011_0_3341;Icon_110900021
pvpWE5_001_2_4043;Icon_110900021
WE5_011_0_2352;Icon_110900021
WE5_011_0_2351_RE;Icon_110900021
BX_WE5_011_0_2351;Icon_110900021
WE5_011_0_2351_RE2;Icon_110900021
WE5_009_0_4001;Icon_110900022
WE5_733_0_3351;Icon_110900022
WE5_012_0_3501;Icon_110900023
WE5_011_0_1401;Icon_110900024
WE5_014_0_2401;Icon_110900025
WE5_010_0_2271;Icon_110900025
WE5_014_0_2402;Icon_110900025
BX_WE5_014_0_2402;Icon_110900025
WE5_018_0_3351;Icon_110900026
WE5_733_0_3401;Icon_110900026
WE5_009_0_3383;Icon_110900026
BX_WE5_018_0_3351;Icon_110900026
WE5_018_0_3351_EV1;Icon_110900026
WE5_018_0_3352;Icon_110900026
WE5_018_0_3353;Icon_110900026
WE5_018_0_3351_EV2;Icon_110900026
WE5_004_0_2103;Icon_110900027
WE5_ev1_1_2103;Icon_110900027
WE5_ev1_2_2103;Icon_110900027
WE5_ev1_3_2103;Icon_110900027
WE5_ev1_4_2103;Icon_110900027
WE5_ev2_3_2103;Icon_110900027
WE5_ca1_4_2103;Icon_110900027
WE5_ev2_4_2103;Icon_110900027
WE5_004_0_2110;Icon_110900027
WE5_ca2_4_2103;Icon_110900027
WE5_ca2_4_0001;Icon_110900027
WE5_045_1_4501;Icon_110900029
WE5_005_0_0005;Icon_110900029
WE5_045_8_4501;Icon_110900030
WE5_045_3_4501;Icon_110900030
WE5_045_0_4502_RE;Icon_110900031
WE5_045_0_4501;Icon_110900031
WE5_045_0_4502;Icon_110900031
WE5_045_3_4502;Icon_110900031
WE5_045_3_4502_CR;Icon_110900031
WE5_005_3_6000;Icon_110900031
WE5_050_1_5001;Icon_110900032
WE5_050_8_5001;Icon_110900033
WE5_050_3_5001;Icon_110900033
WE5_005_0_0012;Icon_110900033
WE5_050_0_5002_RE;Icon_110900034
WE5_050_0_5002;Icon_110900034
WE5_050_3_5002;Icon_110900034
WE5_050_3_5002_CR;Icon_110900034
WE5_050_3_5003;Icon_110900034
WE5_005_0_0019;Icon_110900034
WE5_050_0_5002_RE2;Icon_110900034
WE5_504_2104;Icon_110900035
WE5_504_2103;Icon_110900036
WE5_CA2_5003;Icon_110900036
EV5_504_2103;Icon_110900036
EV_WE5_1_00000;Icon_110900036
WE5_005_1_6000;Icon_110900037
WE5_005_0_0005_CR;Icon_110900038
WE5_005_2_6002;Icon_110900038
WE5_005_1_0026;Icon_110900039
WE5_005_2_0026;Icon_110900039
WE5_005_3_6001;Icon_110900039
WE5_005_3_6002;Icon_110900039
EW6_000_0_0000;Icon_111000000
EW6_006_0_0000;Icon_111000000
EW6_007_0_0000;Icon_111000000
EW6_008_0_0000;Icon_111000000
EW6_009_0_0000;Icon_111000000
EW6_009_0_0001;Icon_111000000
EW6_009_0_0002;Icon_111000000
EW6_010_0_0000;Icon_111000000
EW6_011_0_0000;Icon_111000000
EW6_015_0_0000;Icon_111000000
EW6_031_0_0000;Icon_111000000
EW6_032_0_0000;Icon_111000000
EW6_033_0_0000;Icon_111000000
WE6_000_0_9999;Icon_111000000
WE6_000_1_9999;Icon_111000000
WE6_000_2_9999;Icon_111000000
WE6_000_3_9999;Icon_111000000
WE6_001_0_9999;Icon_111000000
WE6_001_1_9999;Icon_111000000
WE6_001_2_9999;Icon_111000000
WE6_001_3_9999;Icon_111000000
WE6_002_0_9999;Icon_111000000
WE6_002_1_9999;Icon_111000000
WE6_002_2_9999;Icon_111000000
WE6_002_3_9999;Icon_111000000
WE6_003_0_9999;Icon_111000000
WE6_003_1_9999;Icon_111000000
WE6_003_2_9999;Icon_111000000
WE6_003_3_9999;Icon_111000000
WE6_004_0_9999;Icon_111000000
WE6_004_1_9999;Icon_111000000
WE6_004_2_9999;Icon_111000000
WE6_004_3_9999;Icon_111000000
WE6_005_0_9999;Icon_111000000
WE6_005_1_9999;Icon_111000000
WE6_005_2_9999;Icon_111000000
WE6_005_3_9999;Icon_111000000
WE6_006_0_9999;Icon_111000000
WE6_006_1_9999;Icon_111000000
WE6_006_2_9999;Icon_111000000
WE6_006_3_9999;Icon_111000000
WE6_106_0_9999;Icon_111000000
WE6_106_1_9999;Icon_111000000
WE6_106_2_9999;Icon_111000000
WE6_007_0_9999;Icon_111000000
WE6_007_1_9999;Icon_111000000
WE6_007_2_9999;Icon_111000000
WE6_007_3_9999;Icon_111000000
WE6_107_0_9999;Icon_111000000
WE6_107_1_9999;Icon_111000000
WE6_107_2_9999;Icon_111000000
WE6_008_0_9999;Icon_111000000
WE6_008_1_9999;Icon_111000000
WE6_008_2_9999;Icon_111000000
WE6_008_3_9999;Icon_111000000
WE6_108_0_9999;Icon_111000000
WE6_108_1_9999;Icon_111000000
WE6_108_2_9999;Icon_111000000
WE6_009_0_9999;Icon_111000000
WE6_009_1_9999;Icon_111000000
WE6_009_2_9999;Icon_111000000
WE6_009_3_9999;Icon_111000000
WE6_109_0_9999;Icon_111000000
WE6_109_1_9999;Icon_111000000
WE6_109_2_9999;Icon_111000000
WE6_010_0_9999;Icon_111000000
WE6_010_1_9999;Icon_111000000
WE6_010_2_9999;Icon_111000000
WE6_010_3_9999;Icon_111000000
WE6_110_0_9999;Icon_111000000
WE6_110_1_9999;Icon_111000000
WE6_110_2_9999;Icon_111000000
WE6_011_0_9999;Icon_111000000
WE6_011_1_9999;Icon_111000000
WE6_011_2_9999;Icon_111000000
WE6_011_3_9999;Icon_111000000
WE6_111_0_9999;Icon_111000000
WE6_111_1_9999;Icon_111000000
WE6_111_2_9999;Icon_111000000
WE6_012_0_9999;Icon_111000000
WE6_012_1_9999;Icon_111000000
WE6_012_2_9999;Icon_111000000
WE6_012_3_9999;Icon_111000000
WE6_112_0_9999;Icon_111000000
WE6_112_1_9999;Icon_111000000
WE6_112_2_9999;Icon_111000000
WE6_001_0_0000;Icon_111000000
WE6_032_0_0000;Icon_111000000
WE6_033_0_0000;Icon_111000000
WE6_001_0_1051;Icon_111000000
EW6_032_0_0001;Icon_111000000
WE6_002_0_2051;Icon_111000001
WE6_003_0_1101;Icon_111000002
WE6_711_0_1101;Icon_111000002
WE6_003_0_9001;Icon_111000002
WE6_003_0_2101;Icon_111000003
WE6_011_0_2102;Icon_111000003
WE6_011_0_1141;Icon_111000003
WE6_011_0_1141_RE;Icon_111000003
WE6_011_0_1142;Icon_111000003
WE6_003_0_2101_EV1;Icon_111000003
WE6_011_0_2102_EV1;Icon_111000003
WE6_003_0_2101_EV2;Icon_111000003
WE6_011_0_2102_EV2;Icon_111000003
WE6_011_0_1151;Icon_111000004
boxWE6_011_0_1151;Icon_111000004
WE6_000_0_2151;Icon_111000005
WE6_000_0_2171;Icon_111000005
WE6_812_0_2151;Icon_111000005
boxWE6_000_0_2151;Icon_111000005
boxWE6_812_0_2151;Icon_111000005
WE6_000_0_2152;Icon_111000005
WE6_000_0_2153;Icon_111000005
WE6_000_0_2151_EV;Icon_111000005
WE6_000_0_2171_RE;Icon_111000005
WE6_000_0_2151_RE;Icon_111000005
WE6_000_0_2151_EV1;Icon_111000005
WE6_000_0_2151_EV2;Icon_111000005
WE6_005_0_2141;Icon_111000006
WE6_005_0_2141_1;Icon_111000006
WE6_EV_3_0001;Icon_111000006
WE4_EV_3_0002;Icon_111000006
WE6_003_5_7001_ev;Icon_111000006
WE6_003_5_7002_ev;Icon_111000006
WE6_000_0_1201;Icon_111000008
WE6_721_0_2201;Icon_111000008
boxWE6_000_0_1201;Icon_111000008
WE6_004_0_2201;Icon_111000009
WE6_004_0_2202;Icon_111000009
WE6_722_0_2201;Icon_111000009
boxWE6_004_0_2201;Icon_111000009
WE6_004_0_2203;Icon_111000009
WE6_000_0_1201_RE;Icon_111000009
WE6_004_0_2202_EV1;Icon_111000009
WE6_004_0_2202_EV2;Icon_111000009
WE6_026_0_2222;Icon_111000010
WE6_106_2_99999;Icon_111000010
WE6_026_0_2222_1;Icon_111000010
WE6_004_0_1251;Icon_111000012
WE6_026_0_1251;Icon_111000012
boxWE6_004_0_1251;Icon_111000012
WE6_015_0_2241;Icon_111000013
WE6_015_0_2251;Icon_111000013
WE6_015_0_2252;Icon_111000013
WE6_007_0_2261;Icon_111000013
WE6_822_0_2251;Icon_111000013
boxWE6_015_0_2251;Icon_111000013
boxWE6_822_0_2251;Icon_111000013
WE6_015_0_2253;Icon_111000013
WE6_015_0_2251_EV;Icon_111000013
WE6_015_0_2251_RE;Icon_111000013
WE6_007_0_3282;Icon_111000014
WE6_823_0_3251;Icon_111000014
boxWE6_823_0_3251;Icon_111000014
WE6_007_0_3282_EV;Icon_111000014
WE6_007_0_3282_EV1;Icon_111000014
WE6_007_0_3282_EV2;Icon_111000014
WE6_007_0_3282_1;Icon_111000014
WE6_EV_4_0001;Icon_111000014
WE6_015_0_1301;Icon_111000016
WE6_731_0_3301;Icon_111000016
boxWE6_015_0_1301;Icon_111000016
WE6_013_0_2301;Icon_111000017
WE6_732_0_3301;Icon_111000017
boxWE6_013_0_2301;Icon_111000017
WE6_013_0_2302;Icon_111000017
boxWE6_013_0_2301_EV;Icon_111000017
WE6_013_0_2301_RE;Icon_111000017
WE6_013_0_2301_RE2;Icon_111000017
WE6_013_0_3281;Icon_111000018
WE6_013_0_3283;Icon_111000018
WE6_008_0_3301;Icon_111000018
WE6_733_0_3301;Icon_111000018
WE6_003_0_3502;Icon_111000018
WE6_008_0_3401;Icon_111000018
WE6_013_0_3281_EV;Icon_111000018
BX_WE6_008_0_3301;Icon_111000018
WE6_013_0_3281_EV1;Icon_111000018
WE6_008_0_3301_EV1;Icon_111000018
WE6_013_0_3281_EV2;Icon_111000018
WE6_008_0_3301_EV2;Icon_111000018
WE6_003_0_0024;Icon_111000018
WE6_013_0_3281_1;Icon_111000018
WE6_008_0_3301_1;Icon_111000018
WE4_300_6504;Icon_111000018
WE4_TEST_0001;Icon_111000018
WE4_TEST_0002;Icon_111000018
WE6_013_0_1351;Icon_111000020
WE6_014_0_2351;Icon_111000021
WE6_014_0_3341;Icon_111000021
pvpWE6_001_2_4043;Icon_111000021
WE6_014_0_2352;Icon_111000021
WE6_014_0_2351_RE;Icon_111000021
BX_WE6_014_0_2351;Icon_111000021
WE6_014_0_2351_RE2;Icon_111000021
WE6_009_0_4001;Icon_111000022
WE6_733_0_3351;Icon_111000022
WE6_008_0_3501;Icon_111000023
WE6_014_0_1401;Icon_111000024
WE6_012_0_2401;Icon_111000025
WE6_007_0_2271;Icon_111000025
WE6_012_0_2402;Icon_111000025
BX_WE6_012_0_2402;Icon_111000025
WE6_018_0_3351;Icon_111000026
WE6_733_0_3401;Icon_111000026
WE6_013_0_3383;Icon_111000026
BX_WE6_018_0_3351;Icon_111000026
WE6_018_0_3351_EV1;Icon_111000026
WE6_018_0_3352;Icon_111000026
WE6_018_0_3353;Icon_111000026
WE6_018_0_3351_EV2;Icon_111000026
WE6_011_0_2103;Icon_111000027
WE6_ev1_1_2103;Icon_111000027
WE6_ev1_2_2103;Icon_111000027
WE6_ev1_3_2103;Icon_111000027
WE6_ev1_4_2103;Icon_111000027
WE6_ev2_3_2103;Icon_111000027
WE6_ca1_4_2103;Icon_111000027
WE6_ev2_4_2103;Icon_111000027
WE6_011_0_2110;Icon_111000027
WE6_ca2_4_2103;Icon_111000027
WE6_ca2_4_0001;Icon_111000027
WE6_045_1_4501;Icon_111000029
WE6_003_0_0003;Icon_111000029
WE6_045_8_4501;Icon_111000030
WE6_045_3_4501;Icon_111000030
WE6_045_0_4502_RE;Icon_111000031
WE6_045_0_4501;Icon_111000031
WE6_045_0_4502;Icon_111000031
WE6_045_3_4502;Icon_111000031
WE6_045_3_4502_CR;Icon_111000031
WE6_003_3_6000;Icon_111000031
WE6_050_1_5001;Icon_111000032
WE6_050_8_5001;Icon_111000033
WE6_050_3_5001;Icon_111000033
WE6_003_0_0010;Icon_111000033
WE6_050_0_5002_RE;Icon_111000034
WE6_050_0_5002;Icon_111000034
WE6_050_3_5002;Icon_111000034
WE6_050_3_5002_CR;Icon_111000034
WE6_050_3_5003;Icon_111000034
WE6_003_0_0017;Icon_111000034
WE6_050_0_5002_RE2;Icon_111000034
WE6_504_2104;Icon_111000035
WE6_504_2103;Icon_111000036
WE6_CA2_5004;Icon_111000036
EV6_504_2103;Icon_111000036
EV_WE4_1_00000;Icon_111000036
WE6_003_1_6000;Icon_111000037
WE6_003_0_0003_CR;Icon_111000038
WE6_003_2_6002;Icon_111000038
WE6_003_1_0024;Icon_111000039
WE6_003_2_0024;Icon_111000039
WE6_003_3_6001;Icon_111000039
WE6_003_3_6002;Icon_111000039
WE8_001_0_1081;Icon_111100000
WE8_001_0_1082;Icon_111100000
WE8_001_0_1151;Icon_111100008
WE8_003_0_2201;Icon_111100009
boxWE8_001_0_1082;Icon_111100009
WE8_003_0_2201_RE;Icon_111100009
WE8_003_0_2201_RE2;Icon_111100009
WE8_003_0_2202;Icon_111100013
WE8_003_0_2205;Icon_111100013
WE8_003_0_2305;Icon_111100013
WE8_003_0_2203;Icon_111100017
WE8_007_0_4001;Icon_111100018
WE8_003_0_2301;Icon_111100018
WE8_003_0_2204;Icon_111100018
WE8_003_0_2204_EV;Icon_111100018
WE8_003_0_2204_1;Icon_111100018
WE8_504_2106;Icon_111100018
WE8_006_0_3301;Icon_111100021
boxWE8_003_0_2201;Icon_111100021
pvpWE8_002_2_4043;Icon_111100021
WE8_006_0_2351;Icon_111100022
WE8_007_3601;Icon_111100022
WE8_006_0_2351_1;Icon_111100022
WE8_007_0_3301;Icon_111100025
BX_WE8_007_0_3301;Icon_111100025
WE8_002_0_1251;Icon_111100026
WE8_002_0_1351;Icon_111100026
WE8_002_0_1401;Icon_111100026
BX_WE8_002_0_1251;Icon_111100026
WE8_002_0_1251_EV1;Icon_111100026
WE8_002_0_1251_EV2;Icon_111100026
WE8_007_0_0028;Icon_111100026
WE8_002_0_1251_1;Icon_111100026
WE8_006_0_3351;Icon_111100027
WE8_002_0_3501;Icon_111100027
WE8_006_0_0000;Icon_111100029
BX_WE8_006_0_0000;Icon_111100029
WE8_004_0_0000;Icon_111100030
BX_WE8_004_0_0000;Icon_111100030
WE8_004_0_0000_EV1;Icon_111100030
WE8_004_0_0001;Icon_111100030
WE8_004_0_0002;Icon_111100030
WE9_002_0_1402;Icon_111100030
WE8_004_0_0000_EV2;Icon_111100030
WE5_300_6505;Icon_111100030
WE5_TEST_0001;Icon_111100030
WE5_TEST_0002;Icon_111100030
WE8_006_0_2103;Icon_111100031
WE8_006_0_2103_qu;Icon_111100031
WE8_045_3_4501;Icon_111100033
WE8_045_0_4502_RE;Icon_111100034
WE8_045_0_4502;Icon_111100034
WE8_045_3_4502;Icon_111100034
WE8_045_3_4502_CR;Icon_111100034
WE8_045_0_4502_RE2;Icon_111100034
WE8_045_0_5002_RE;Icon_111100036
WE8_050_3_5001;Icon_111100036
WE8_007_0_0014;Icon_111100036
WE8_045_0_5002_RE2;Icon_111100036
WE8_050_3_5002;Icon_111100037
WE8_050_3_5002_CR;Icon_111100037
WE8_050_3_5003;Icon_111100037
WE8_050_4_4501;Icon_111100037
WE8_007_0_0021;Icon_111100037
WE7_EV_3_0002;Icon_111100037
WE8_504_2104;Icon_111100038
WE8_504_2103;Icon_111100039
WE8_CA2_5005;Icon_111100039
EV8_504_2103;Icon_111100039
WE9_504_2103_00;Icon_111100039
EV_WE6_1_00000;Icon_111100039
WE8_007_0_0007_CR;Icon_111100041
WE8_007_2_6000;Icon_111100041
EV8_055_2_0002;Icon_111100041
WE8_007_1_0028;Icon_111100042
WE8_007_2_0028;Icon_111100042
WE8_007_3_6000;Icon_111100042
WE8_007_3_6001;Icon_111100042
WE8_055_2_0002;Icon_111100043
WE8_055_2_0004;Icon_111100044
WE9_000_0_9999;Icon_111200004
WE9_000_1_9999;Icon_111200004
WE9_000_2_9999;Icon_111200004
WE9_000_3_9999;Icon_111200004
WE9_001_0_9999;Icon_111200004
WE9_001_1_9999;Icon_111200004
WE9_001_2_9999;Icon_111200004
WE9_001_3_9999;Icon_111200004
WE9_002_0_9999;Icon_111200004
WE9_002_1_9999;Icon_111200004
WE9_002_2_9999;Icon_111200004
WE9_002_3_9999;Icon_111200004
WE9_003_0_9999;Icon_111200004
WE9_003_1_9999;Icon_111200004
WE9_003_2_9999;Icon_111200004
WE9_003_3_9999;Icon_111200004
WE9_004_0_9999;Icon_111200004
WE9_004_1_9999;Icon_111200004
WE9_004_2_9999;Icon_111200004
WE9_004_3_9999;Icon_111200004
WE9_005_0_9999;Icon_111200004
WE9_005_1_9999;Icon_111200004
WE9_005_2_9999;Icon_111200004
WE9_005_3_9999;Icon_111200004
WE9_006_0_9999;Icon_111200004
WE9_006_1_9999;Icon_111200004
WE9_006_2_9999;Icon_111200004
WE9_006_3_9999;Icon_111200004
WE9_106_0_9999;Icon_111200004
WE9_106_1_9999;Icon_111200004
WE9_106_2_9999;Icon_111200004
WE9_007_0_9999;Icon_111200004
WE9_007_1_9999;Icon_111200004
WE9_007_2_9999;Icon_111200004
WE9_007_3_9999;Icon_111200004
WE9_107_0_9999;Icon_111200004
WE9_107_1_9999;Icon_111200004
WE9_107_2_9999;Icon_111200004
WE9_008_0_9999;Icon_111200004
WE9_008_1_9999;Icon_111200004
WE9_008_2_9999;Icon_111200004
WE9_008_3_9999;Icon_111200004
WE9_108_0_9999;Icon_111200004
WE9_108_1_9999;Icon_111200004
WE9_108_2_9999;Icon_111200004
WE9_009_0_9999;Icon_111200004
WE9_009_1_9999;Icon_111200004
WE9_009_2_9999;Icon_111200004
WE9_009_3_9999;Icon_111200004
WE9_109_0_9999;Icon_111200004
WE9_109_1_9999;Icon_111200004
WE9_109_2_9999;Icon_111200004
WE9_010_0_9999;Icon_111200004
WE9_010_1_9999;Icon_111200004
WE9_010_2_9999;Icon_111200004
WE9_010_3_9999;Icon_111200004
WE9_110_0_9999;Icon_111200004
WE9_110_1_9999;Icon_111200004
WE9_110_2_9999;Icon_111200004
WE9_011_0_9999;Icon_111200004
WE9_011_1_9999;Icon_111200004
WE9_011_2_9999;Icon_111200004
WE9_011_3_9999;Icon_111200004
WE9_111_0_9999;Icon_111200004
WE9_111_1_9999;Icon_111200004
WE9_111_2_9999;Icon_111200004
WE9_012_0_9999;Icon_111200004
WE9_012_1_9999;Icon_111200004
WE9_012_2_9999;Icon_111200004
WE9_012_3_9999;Icon_111200004
WE9_112_0_9999;Icon_111200004
WE9_112_1_9999;Icon_111200004
WE9_112_2_9999;Icon_111200004
WE9_001_0_1151;Icon_111200004
boxWE9_001_0_1151;Icon_111200004
WE9_001_0_2151;Icon_111200005
WE9_002_0_2151;Icon_111200005
boxWE9_002_0_2151;Icon_111200005
WE9_002_0_2151_RE;Icon_111200005
WE9_002_0_2151_RE2;Icon_111200005
WE9_003_0_2201;Icon_111200009
WE9_003_0_2205;Icon_111200009
WE9_003_0_2405;Icon_111200009
WE9_006_3_99999;Icon_111200010
WE9_006_3_99998;Icon_111200010
WE9_006_3_99997;Icon_111200010
WE9_006_3_99996;Icon_111200010
WE9_006_3_99995;Icon_111200010
WE9_006_3_99994;Icon_111200010
WE9_004_0_2251;Icon_111200013
WE9_005_0_2252;Icon_111200013
WE9_005_0_2251;Icon_111200014
WE9_005_0_2251_EV;Icon_111200014
WE9_005_0_2251_1;Icon_111200014
WE9_006_0_3301;Icon_111200017
WE9_004_0_1351;Icon_111200017
BX_WE9_004_0_1351;Icon_111200017
WE9_006_0_2351;Icon_111200018
WE9_007_0_3302;Icon_111200018
WE9_004_0_2351;Icon_111200018
BX_WE9_004_0_2351;Icon_111200018
WE9_004_0_2351_EV1;Icon_111200018
WE9_004_0_2352;Icon_111200018
WE9_004_0_2353;Icon_111200018
WE8_002_0_1402;Icon_111200018
WE9_004_0_2351_EV2;Icon_111200018
WE9_006_0_2351_1;Icon_111200018
WE6_300_6506;Icon_111200018
WE6_TEST_0001;Icon_111200018
WE6_TEST_0002;Icon_111200018
WE9_007_0_3301;Icon_111200021
pvpWE9_002_2_4043;Icon_111200021
BX_WE9_007_0_3301;Icon_111200021
WE9_007_0_4001;Icon_111200022
WE9_002_0_1251;Icon_111200022
WE9_002_0_1351;Icon_111200022
WE9_002_0_1401;Icon_111200022
BX_WE9_002_0_1251;Icon_111200022
WE9_002_0_1251_EV1;Icon_111200022
WE9_002_0_1251_EV2;Icon_111200022
WE9_006_0_0027;Icon_111200022
WE9_002_0_1251_1;Icon_111200022
WE9_504_2106;Icon_111200022
WE9_004_0_3351;Icon_111200023
WE9_002_0_3501;Icon_111200023
WE9_006_0_2103;Icon_111200027
WE9_006_0_2103_qu;Icon_111200027
WE9_045_3_4501;Icon_111200029
WE9_045_0_4502_RE;Icon_111200030
WE9_045_0_4502;Icon_111200030
WE9_045_3_4502;Icon_111200030
WE9_045_3_4502_CR;Icon_111200030
WE9_045_0_4502_RE2;Icon_111200030
WE9_045_0_5002_RE;Icon_111200032
WE9_050_3_5001;Icon_111200032
WE9_006_0_0013;Icon_111200032
WE9_045_0_5002_RE2;Icon_111200032
WE9_050_3_5002;Icon_111200033
WE9_050_3_5002_CR;Icon_111200033
WE9_050_3_5003;Icon_111200033
WE9_050_4_4501;Icon_111200033
WE9_006_0_0020;Icon_111200033
WE6_EV_3_0003;Icon_111200033
WE9_504_2104;Icon_111200034
WE9_504_ceu;Icon_111200034
WE9_504_2103;Icon_111200035
WE9_CA2_5006;Icon_111200035
EV9_504_2103;Icon_111200035
WE8_504_2103_00;Icon_111200035
EV_WE7_1_00000;Icon_111200035
WE9_006_0_0006_CR;Icon_111200037
WE9_006_2_6000;Icon_111200037
EV9_055_2_0001;Icon_111200037
WE9_006_1_0027;Icon_111200038
WE9_006_2_0027;Icon_111200038
WE9_006_3_6000;Icon_111200038
WE9_006_3_6001;Icon_111200038
WE9_055_2_0001;Icon_111200039
WE9_055_2_0003;Icon_111200040
pvpWE7_001_2_4043;Icon_190000171
WE7_XMAS_0_2103;Icon_190000171
WE0_XMAS_0_2103;Icon_190000962
WE4_XMAS_0_2103;Icon_190000963
WE1_XMAS_0_2103;Icon_190000964
WE6_XMAS_0_2103;Icon_190000965
WE5_XMAS_0_2103;Icon_190000966
WE0_SUMMER_0_0001;Icon_190001362
WE4_SUMMER_0_0002;Icon_190001363
WE6_SUMMER_0_0003;Icon_190001364
WE1_SUMMER_0_0004;Icon_190001365
WE5_SUMMER_0_0005;Icon_190001366
WE9_006_5_6000;Icon_190001681
WE1_004_5_6001;Icon_190001683
EV1_004_5_6001;Icon_190001683
EV1_004_5_6002;Icon_190001683
EV1_004_5_6003;Icon_190001683
EV1_004_5_6004;Icon_190001683
EV1_004_5_6005;Icon_190001683
EW3_d28_0_0002;Icon_190001683
WE6_003_5_6001;Icon_190001684
EV6_003_5_6001;Icon_190001684
EV6_003_5_6002;Icon_190001684
EV6_003_5_6003;Icon_190001684
EV6_003_5_6004;Icon_190001684
EV6_003_5_6005;Icon_190001684
WE8_007_5_6000;Icon_190001685
WE5_005_5_6001;Icon_190001687
EV5_005_5_6001;Icon_190001687
EV5_005_5_6002;Icon_190001687
EV5_005_5_6003;Icon_190001687
EV5_005_5_6004;Icon_190001687
EV5_005_5_6005;Icon_190001687
WE4_002_5_6001;Icon_190001688
EV4_002_5_6001;Icon_190001688
EV4_002_5_6002;Icon_190001688
EV4_002_5_6003;Icon_190001688
EV4_002_5_6004;Icon_190001688
EV4_002_5_6005;Icon_190001688
WE7_006_5_6001;Icon_190001689
EV7_006_5_6001;Icon_190001689
EV7_006_5_6002;Icon_190001689
EV7_006_5_6003;Icon_190001689
EV7_006_5_6004;Icon_190001689
EV7_006_5_6005;Icon_190001689
WE0_001_5_6001;Icon_190001690
EV0_001_5_6001;Icon_190001690
EV0_001_5_6002;Icon_190001690
EV0_001_5_6003;Icon_190001690
EV0_001_5_6004;Icon_190001690
EV0_001_5_6005;Icon_190001690
Test_AW;Icon_190001690
EW0_d28_0_0002;Icon_190001690
WE0_400_6000;Icon_190001719
EV0_400_6000;Icon_190001719
EV0_400_6000_1;Icon_190001719
WE1_400_6001;Icon_190001720
EV1_400_6001;Icon_190001720
EV1_400_6001_1;Icon_190001720
WE2_400_6002;Icon_190001721
EV2_400_6002;Icon_190001721
EV2_400_6002_1;Icon_190001721
WE3_400_6003;Icon_190001722
EV3_400_6003;Icon_190001722
EV3_400_6003_1;Icon_190001722
WE4_400_6004;Icon_190001723
EV4_400_6004;Icon_190001723
EV4_400_6004_1;Icon_190001723
WE6_400_6007;Icon_190001724
EV6_400_6007;Icon_190001724
EV6_400_6007_1;Icon_190001724
WE6_400_6006;Icon_190001725
EV6_400_6006;Icon_190001725
EV6_400_6006_1;Icon_190001725
WE5_400_6005;Icon_190001726
EV5_400_6005;Icon_190001726
EV5_400_6005_1;Icon_190001726
WE11_101_0_0000;Icon_190001942
WE11_101_0_0004;Icon_190001942
WE11_101_0_0006;Icon_190001942
WE11_101_0_0008;Icon_190001942
WE11_110_0_0009;Icon_190001942
WE11_003_0_005_EV2;Icon_190001942
WE11_004_0_010_EV2;Icon_190001942
WE11_005_0_015_EV2;Icon_190001942
WE11_110_0_0013;Icon_190001943
WE11_110_1_0013;Icon_190001943
WE11_110_0_0018;Icon_190001943
WE11_110_2_0013;Icon_190001943
WE11_110_1_0018;Icon_190001943
WE11_110_2_0018;Icon_190001943
WE11_110_0_0016;Icon_190001943
WE11_120_0_0020;Icon_190001943
WE11_120_1_0025;Icon_190001943
WE11_120_2_0025;Icon_190001943
WE11_EV_3_0001;Icon_190001943
WE11_120_0_0022;Icon_190001944
WE11_120_0_0023;Icon_190001944
WE11_120_0_0025;Icon_190001944
WE11_120_0_0028;Icon_190001944
WE11_120_0_0029;Icon_190001944
WE11_120_1_0022;Icon_190001944
WE11_120_1_0026;Icon_190001944
WE11_006_0_020_EV2;Icon_190001944
WE11_009_0_025_EV2;Icon_190001944
WE11_001_0_0030;Icon_190001945
WE11_001_2_0030;Icon_190001945
WE11_001_0_0031;Icon_190001945
WE11_001_0_0035;Icon_190001945
WE11_001_1_0035;Icon_190001945
WE11_001_2_0035;Icon_190001945
PVPWE11_p001_0_040;Icon_190001945
PVPWE11_p001_0_045;Icon_190001945
WE11_001_0_0037;Icon_190001945
WE11_010_0_030_EV2;Icon_190001945
WE11_012_0_035_EV2;Icon_190001945
WE11_018_0_040_EV2;Icon_190001945
WE11_ev2_4_040_EV2;Icon_190001945
WE11_ev1_3_0040;Icon_190001945
WE11_Tower_1_0040;Icon_190001945
WE11_002_2_0001;Icon_190001945
BX_WE11_0_0_0000;Icon_190001945
BX_WE11_0_0_0001;Icon_190001945
BX_WE11_0_0_0002;Icon_190001945
BX_WE11_0_0_0003;Icon_190001945
BX_WE11_0_0_0000_1;Icon_190001945
WE11_002_0_0049;Icon_190001946
WE11_003_0_0053;Icon_190001947
WE11_004_0_0060;Icon_190001948
WE11_001_3_0030;Icon_190001949
WE11_EV_4_0001;Icon_190001949
WE11_002_0_0040;Icon_190001950
WE11_002_1_0040;Icon_190001950
WE11_002_2_0040;Icon_190001950
WE11_002_3_0040;Icon_190001950
WE11_002_0_0043;Icon_190001950
WE11_002_0_0045;Icon_190001950
WE11_002_0_0047;Icon_190001950
WE11_300_6508;Icon_190001950
WE11_TEST_0001;Icon_190001950
WE11_TEST_0002;Icon_190001950
WE11_003_0_0050;Icon_190001951
WE11_003_1_0050;Icon_190001951
WE11_003_1_0055;Icon_190001951
WE11_003_0_0055;Icon_190001951
WE11_003_2_0050;Icon_190001951
WE11_EV_3_0002;Icon_190001951
WE11_008_5_7001_ev;Icon_190001951
WE11_008_5_7002_ev;Icon_190001951
WE11_004_10_0060;Icon_190001952
WE11_004_2_0060;Icon_190001952
WE11_200_0_0040;Icon_190001953
WE11_ev1_1_0040;Icon_190001953
WE11_ev1_2_0040;Icon_190001953
WE11_ev1_4_0040;Icon_190001953
WE11_ca1_4_0040;Icon_190001953
WE11_ca2_4_0040;Icon_190001953
WE11_ca2_4_0001;Icon_190001953
WE11_201_2_0050;Icon_190001954
EV11_201_2_0050;Icon_190001954
EV_WE10_1_00000;Icon_190001954
WE11_202_0_0060;Icon_190001956
EV11_202_0_0060;Icon_190001956
EV11_202_0_0060_1;Icon_190001956
WE11_S001_0_0060;Icon_190001957
EV11_S001_0_0060;Icon_190001957
EV11_S001_0_0061;Icon_190001957
EV11_S001_0_0062;Icon_190001957
EV11_S001_0_0063;Icon_190001957
EV11_S001_0_0064;Icon_190001957
EW5_d28_0_0002;Icon_190001957
CA_WE6_600_0001;Icon_190002105
CA_WE5_600_0002;Icon_190002106
WE0_400_6500;Icon_190002296
WE1_400_6501;Icon_190002297
WE2_400_6502;Icon_190002298
WE3_400_6503;Icon_190002299
WE4_400_6504;Icon_190002300
WE6_400_6507;Icon_190002301
WE11_400_6508;Icon_190002302
WE5_400_6505;Icon_190002303
WE6_400_6506;Icon_190002304
WE0_500_6509;Icon_190002437
WE1_500_6510;Icon_190002438
WE2_500_6511;Icon_190002439
WE3_500_6512;Icon_190002440
WE4_500_6513;Icon_190002441
WE6_500_6514;Icon_190002442
WE11_500_6515;Icon_190002443
WE0_500_6500;Icon_190002444
WE1_500_6501;Icon_190002445
WE2_500_6502;Icon_190002446
WE3_500_6503;Icon_190002447
WE4_500_6504;Icon_190002448
WE6_500_6507;Icon_190002449
WE11_500_6508;Icon_190002450
WE0_001_5_7001;Icon_190010000
EW0_d28_0_0003;Icon_190010000
WE0_001_5_7002;Icon_190010000
WE4_002_5_7001;Icon_190010001
WE4_002_5_7002;Icon_190010001
WE6_003_5_7001;Icon_190010002
WE6_003_5_7002;Icon_190010002
WE1_004_5_7001;Icon_190010003
EW3_d28_0_0003;Icon_190010003
WE1_004_5_7002;Icon_190010003
WE5_005_5_7001;Icon_190010004
WE5_005_5_7002;Icon_190010004
WE7_006_5_7001;Icon_190010005
WE7_006_5_7002;Icon_190010005
WE9_006_5_7001;Icon_190010006
WE8_007_5_7001;Icon_190010007
WE11_008_5_7001;Icon_190010008
EW5_d28_0_0003;Icon_190010008
WE11_008_5_7002;Icon_190010008
pvpWE0_001_2_2528;Icon_900301000
pvpWE4_001_2_2528;Icon_900301001
pvpWE6_001_2_2528;Icon_900301002
pvpWE1_001_2_2528;Icon_900301003
pvpWE5_001_2_2528;Icon_900301004
pvpWE9_002_2_2528;Icon_900301005
pvpWE8_002_2_2528;Icon_900301006
pvpWE0_001_2_3033;Icon_900351000
pvpWE4_001_2_3033;Icon_900351001
pvpWE6_001_2_3033;Icon_900351002
pvpWE1_001_2_3033;Icon_900351003
pvpWE5_001_2_3033;Icon_900351004
pvpWE9_002_2_3033;Icon_900351005
pvpWE8_002_2_3033;Icon_900351006
pvpWE0_001_2_3538;Icon_900401000
pvpWE4_001_2_3538;Icon_900401001
pvpWE6_001_2_3538;Icon_900401002
pvpWE1_001_2_3538;Icon_900401003
pvpWE5_001_2_3538;Icon_900401004
pvpWE9_002_2_3538;Icon_900401005
pvpWE8_002_2_3538;Icon_900401006
pvpWE0_001_2_4564;Icon_900451000
pvpWE4_001_2_4564;Icon_900451001
pvpWE6_001_2_4564;Icon_900451002
pvpWE1_001_2_4564;Icon_900451003
pvpWE5_001_2_4564;Icon_900451004
pvpWE9_002_2_4564;Icon_900451005
pvpWE8_002_2_4564;Icon_900451006
pvpWE0_001_2_5069;Icon_900501000
pvpWE4_001_2_5069;Icon_900501001
pvpWE6_001_2_5069;Icon_900501002
pvpWE1_001_2_5069;Icon_900501003
pvpWE5_001_2_5069;Icon_900501004
pvpWE9_002_2_5069;Icon_900501005
pvpWE8_002_2_5069;Icon_900501006
pvpWE0_001_2_5569;Icon_900502030
pvpWE4_001_2_5569;Icon_900502031
pvpWE6_001_2_5569;Icon_900502032
pvpWE1_001_2_5569;Icon_900502033
pvpWE5_001_2_5569;Icon_900502034
pvpWE7_001_2_5569;Icon_900502035
pvpWE9_002_2_5569;Icon_900502036
pvpWE8_002_2_5569;Icon_900502037
pvpWE0_001_3_5569;Icon_900502073
PVP_WE0_400_6000;Icon_900502073
EV_WE0_400_6000;Icon_900502073
PVP_WE0_dark;Icon_900502073
pvpWE1_001_3_5569;Icon_900502074
PVP_WE1_400_6001;Icon_900502074
EV_WE1_400_6001;Icon_900502074
PVP_WE1_dark;Icon_900502074
pvpWE4_001_3_5569;Icon_900502075
PVP_WE2_400_6002;Icon_900502075
EV_WE2_400_6002;Icon_900502075
PVP_WE2_dark;Icon_900502075
pvpWE6_001_3_5569;Icon_900502076
PVP_WE4_400_6004;Icon_900502076
EV_WE4_400_6004;Icon_900502076
PVP_WE4_dark;Icon_900502076
PVP_WE8_dark;Icon_900502076
pvpWE5_001_3_5569;Icon_900502077
PVP_WE3_400_6003;Icon_900502077
EV_WE3_400_6003;Icon_900502077
PVP_WE3_dark;Icon_900502077
pvpWE7_001_3_5569;Icon_900502078
PVP_WE6_400_6007;Icon_900502078
EV_WE6_400_6007;Icon_900502078
PVP_WE7_dark;Icon_900502078
pvpWE9_002_3_5569;Icon_900502079
PVP_WE6_400_6006;Icon_900502079
EV_WE6_400_6006;Icon_900502079
PVP_WE6_dark;Icon_900502079
pvpWE8_002_3_5569;Icon_900502080
PVP_WE5_400_6005;Icon_900502080
EV_WE5_400_6005;Icon_900502080
PVP_WE5_dark;Icon_900502080
WE11_001_1_0030;Icon_900502142
PVPWE11_p002_0_050;Icon_900502143
PVPWE11_p002_0_055;Icon_900502143
PVPWE11_p002_1_055;Icon_900502143
PVPWE11_p003_1_060;Icon_900502144
EV_WE11_400_6008;Icon_900502144
PVP_WE9_dark;Icon_900502144
EV_WE0_400_6000_1;Icon_900502149
EV_WE1_400_6001_1;Icon_900502150
EV_WE2_400_6002_1;Icon_900502151
EV_WE3_400_6003_1;Icon_900502152
EV_WE4_400_6004_1;Icon_900502153
EV_WE6_400_6006_1;Icon_900502154
EV_WE6_400_6007_1;Icon_900502155
EV_WE11_400_6008_1;Icon_900502156
WE0_001_5_00001;Icon_we_gd_divine
WE4_002_5_00001;Icon_we_tf_divine
WE6_003_5_00001;Icon_we_wz_divine
WE1_004_5_00001;Icon_we_wr_divine
WE5_005_5_00001;Icon_we_pr_divine
WE7_006_5_00001;Icon_we_ac_divine
WE9_006_5_00001;Icon_we_xbow_divine
WE8_007_5_00001;Icon_we_lance_divine
WE11_008_5_00001;Icon_we_do_divine
WE0_001_5_8001;demoniteS
WE4_002_5_8001;demoniteD
WE6_003_5_8001;demoniteST
WE1_004_5_8001;demoniteG
WE5_005_5_8001;demoniteA
WE7_006_5_8001;demoniteB
WE9_006_5_8001;Gicon_260001008
WE8_007_5_8001;Gicon_260001009
WE11_008_5_8001;demonitew
WE10_003_5_8001;demoniteL
WE0_001_5_ceu;CelestialS
WE4_002_5_ceu;CelestialD
WE6_003_5_ceu;CelestialST
WE1_004_5_ceu;CelestialG
WE7_006_5_ceu;CelestialB
WE10_003_5_ceum;CelestiaLUNAR
WE11_008_5_ceu;CelestialW
WE5_005_5_ceu;CelestiaSC
WE8_004_ceu;icon_111100032
